2025-12-20 12:52:09.086 INFO  [main] c.e.n.NprojectApplicationTests - Starting NprojectApplicationTests using Java 17.0.12 with PID 21592 (started by jkljkl in C:\Dev_antigravity_git\meta_system\nproject)
2025-12-20 12:52:09.090 DEBUG [main] c.e.n.NprojectApplicationTests - Running with Spring Boot v3.2.0, Spring v6.1.1
2025-12-20 12:52:09.092 INFO  [main] c.e.n.NprojectApplicationTests - No active profile set, falling back to 1 default profile: "default"
2025-12-20 12:52:09.138 DEBUG [main] o.s.w.c.s.GenericWebApplicationContext - Refreshing org.springframework.web.context.support.GenericWebApplicationContext@4ee33af7
2025-12-20 12:52:10.020 DEBUG [main] o.apache.ibatis.logging.LogFactory - Logging initialized using 'class org.apache.ibatis.logging.slf4j.Slf4jImpl' adapter.
2025-12-20 12:52:10.746 DEBUG [main] o.s.w.s.m.m.a.RequestMappingHandlerMapping - 12 mappings in 'requestMappingHandlerMapping'
2025-12-20 12:52:10.825 DEBUG [main] o.s.w.s.h.SimpleUrlHandlerMapping - Patterns [/webjars/**, /**] in 'resourceHandlerMapping'
2025-12-20 12:52:10.856 DEBUG [main] o.s.w.s.m.m.a.RequestMappingHandlerAdapter - ControllerAdvice beans: 0 @ModelAttribute, 0 @InitBinder, 1 RequestBodyAdvice, 1 ResponseBodyAdvice
2025-12-20 12:52:10.895 DEBUG [main] o.s.w.s.m.m.a.ExceptionHandlerExceptionResolver - ControllerAdvice beans: 0 @ExceptionHandler, 1 ResponseBodyAdvice
2025-12-20 12:52:11.025 INFO  [main] c.e.n.NprojectApplicationTests - Started NprojectApplicationTests in 2.371 seconds (process running for 3.318)
2025-12-20 12:52:11.978 DEBUG [SpringApplicationShutdownHook] o.s.w.c.s.GenericWebApplicationContext - Closing org.springframework.web.context.support.GenericWebApplicationContext@4ee33af7, started on Sat Dec 20 12:52:09 KST 2025
2025-12-20 12:53:42.442 INFO  [main] c.e.n.NprojectApplicationTests - Starting NprojectApplicationTests using Java 17.0.12 with PID 3888 (started by jkljkl in C:\Dev_antigravity_git\meta_system\nproject)
2025-12-20 12:53:42.444 DEBUG [main] c.e.n.NprojectApplicationTests - Running with Spring Boot v3.2.0, Spring v6.1.1
2025-12-20 12:53:42.445 INFO  [main] c.e.n.NprojectApplicationTests - No active profile set, falling back to 1 default profile: "default"
2025-12-20 12:53:42.481 DEBUG [main] o.s.w.c.s.GenericWebApplicationContext - Refreshing org.springframework.web.context.support.GenericWebApplicationContext@4ee33af7
2025-12-20 12:53:43.309 DEBUG [main] o.apache.ibatis.logging.LogFactory - Logging initialized using 'class org.apache.ibatis.logging.slf4j.Slf4jImpl' adapter.
2025-12-20 12:53:43.945 DEBUG [main] o.s.w.s.m.m.a.RequestMappingHandlerMapping - 12 mappings in 'requestMappingHandlerMapping'
2025-12-20 12:53:44.018 DEBUG [main] o.s.w.s.h.SimpleUrlHandlerMapping - Patterns [/webjars/**, /**] in 'resourceHandlerMapping'
2025-12-20 12:53:44.049 DEBUG [main] o.s.w.s.m.m.a.RequestMappingHandlerAdapter - ControllerAdvice beans: 0 @ModelAttribute, 0 @InitBinder, 1 RequestBodyAdvice, 1 ResponseBodyAdvice
2025-12-20 12:53:44.088 DEBUG [main] o.s.w.s.m.m.a.ExceptionHandlerExceptionResolver - ControllerAdvice beans: 0 @ExceptionHandler, 1 ResponseBodyAdvice
2025-12-20 12:53:44.213 INFO  [main] c.e.n.NprojectApplicationTests - Started NprojectApplicationTests in 2.109 seconds (process running for 3.012)
2025-12-20 12:53:45.111 DEBUG [SpringApplicationShutdownHook] o.s.w.c.s.GenericWebApplicationContext - Closing org.springframework.web.context.support.GenericWebApplicationContext@4ee33af7, started on Sat Dec 20 12:53:42 KST 2025
2025-12-20 12:53:57.627 INFO  [restartedMain] c.e.nproject.NprojectApplication - Starting NprojectApplication using Java 17.0.12 with PID 24464 (C:\Dev_antigravity_git\meta_system\nproject\target\classes started by jkljkl in C:\Dev_antigravity_git\meta_system\nproject)
2025-12-20 12:53:57.628 DEBUG [restartedMain] c.e.nproject.NprojectApplication - Running with Spring Boot v3.2.0, Spring v6.1.1
2025-12-20 12:53:57.629 INFO  [restartedMain] c.e.nproject.NprojectApplication - No active profile set, falling back to 1 default profile: "default"
2025-12-20 12:53:57.670 INFO  [restartedMain] o.s.b.d.e.DevToolsPropertyDefaultsPostProcessor - Devtools property defaults active! Set 'spring.devtools.add-properties' to 'false' to disable
2025-12-20 12:53:57.671 INFO  [restartedMain] o.s.b.d.e.DevToolsPropertyDefaultsPostProcessor - For additional web related logging consider setting the 'logging.level.web' property to 'DEBUG'
2025-12-20 12:53:58.206 DEBUG [restartedMain] o.apache.ibatis.logging.LogFactory - Logging initialized using 'class org.apache.ibatis.logging.slf4j.Slf4jImpl' adapter.
2025-12-20 12:53:58.518 INFO  [restartedMain] o.s.b.w.e.tomcat.TomcatWebServer - Tomcat initialized with port 8081 (http)
2025-12-20 12:53:58.525 INFO  [restartedMain] o.a.coyote.http11.Http11NioProtocol - Initializing ProtocolHandler ["http-nio-0.0.0.0-8081"]
2025-12-20 12:53:58.527 INFO  [restartedMain] o.a.catalina.core.StandardService - Starting service [Tomcat]
2025-12-20 12:53:58.529 INFO  [restartedMain] o.a.catalina.core.StandardEngine - Starting Servlet engine: [Apache Tomcat/10.1.16]
2025-12-20 12:53:58.565 INFO  [restartedMain] o.a.c.c.C.[Tomcat].[localhost].[/] - Initializing Spring embedded WebApplicationContext
2025-12-20 12:53:58.565 INFO  [restartedMain] o.s.b.w.s.c.ServletWebServerApplicationContext - Root WebApplicationContext: initialization completed in 894 ms
2025-12-20 12:53:58.855 DEBUG [restartedMain] o.s.w.s.m.m.a.RequestMappingHandlerMapping - 12 mappings in 'requestMappingHandlerMapping'
2025-12-20 12:53:58.904 DEBUG [restartedMain] o.s.w.s.h.SimpleUrlHandlerMapping - Patterns [/webjars/**, /**] in 'resourceHandlerMapping'
2025-12-20 12:53:58.924 DEBUG [restartedMain] o.s.w.s.m.m.a.RequestMappingHandlerAdapter - ControllerAdvice beans: 0 @ModelAttribute, 0 @InitBinder, 1 RequestBodyAdvice, 1 ResponseBodyAdvice
2025-12-20 12:53:58.949 DEBUG [restartedMain] o.s.w.s.m.m.a.ExceptionHandlerExceptionResolver - ControllerAdvice beans: 0 @ExceptionHandler, 1 ResponseBodyAdvice
2025-12-20 12:53:59.064 INFO  [restartedMain] o.s.b.d.a.OptionalLiveReloadServer - LiveReload server is running on port 35729
2025-12-20 12:53:59.085 INFO  [restartedMain] o.a.coyote.http11.Http11NioProtocol - Starting ProtocolHandler ["http-nio-0.0.0.0-8081"]
2025-12-20 12:53:59.105 INFO  [restartedMain] o.s.b.w.e.tomcat.TomcatWebServer - Tomcat started on port 8081 (http) with context path ''
2025-12-20 12:53:59.114 INFO  [restartedMain] c.e.nproject.NprojectApplication - Started NprojectApplication in 1.855 seconds (process running for 2.426)
2025-12-20 12:54:09.706 INFO  [http-nio-0.0.0.0-8081-exec-1] o.a.c.c.C.[Tomcat].[localhost].[/] - Initializing Spring DispatcherServlet 'dispatcherServlet'
2025-12-20 12:54:09.706 INFO  [http-nio-0.0.0.0-8081-exec-1] o.s.web.servlet.DispatcherServlet - Initializing Servlet 'dispatcherServlet'
2025-12-20 12:54:09.706 DEBUG [http-nio-0.0.0.0-8081-exec-1] o.s.web.servlet.DispatcherServlet - Detected StandardServletMultipartResolver
2025-12-20 12:54:09.706 DEBUG [http-nio-0.0.0.0-8081-exec-1] o.s.web.servlet.DispatcherServlet - Detected AcceptHeaderLocaleResolver
2025-12-20 12:54:09.706 DEBUG [http-nio-0.0.0.0-8081-exec-1] o.s.web.servlet.DispatcherServlet - Detected FixedThemeResolver
2025-12-20 12:54:09.707 DEBUG [http-nio-0.0.0.0-8081-exec-1] o.s.web.servlet.DispatcherServlet - Detected org.springframework.web.servlet.view.DefaultRequestToViewNameTranslator@611d4e4b
2025-12-20 12:54:09.708 DEBUG [http-nio-0.0.0.0-8081-exec-1] o.s.web.servlet.DispatcherServlet - Detected org.springframework.web.servlet.support.SessionFlashMapManager@6bca1e5f
2025-12-20 12:54:09.708 DEBUG [http-nio-0.0.0.0-8081-exec-1] o.s.web.servlet.DispatcherServlet - enableLoggingRequestDetails='false': request parameters and headers will be masked to prevent unsafe logging of potentially sensitive data
2025-12-20 12:54:09.708 INFO  [http-nio-0.0.0.0-8081-exec-1] o.s.web.servlet.DispatcherServlet - Completed initialization in 2 ms
2025-12-20 12:54:09.718 DEBUG [http-nio-0.0.0.0-8081-exec-1] o.s.web.servlet.DispatcherServlet - GET "/std-word/list", parameters={}
2025-12-20 12:54:09.731 DEBUG [http-nio-0.0.0.0-8081-exec-1] o.s.w.s.m.m.a.RequestMappingHandlerMapping - Mapped to com.example.nproject.controller.MetaStdWordController#list(MetaStdWordDto, Model)
2025-12-20 12:54:09.786 DEBUG [http-nio-0.0.0.0-8081-exec-1] o.s.jdbc.datasource.DataSourceUtils - Fetching JDBC Connection from DataSource
2025-12-20 12:54:09.787 INFO  [http-nio-0.0.0.0-8081-exec-1] com.zaxxer.hikari.HikariDataSource - HikariPool-1 - Starting...
2025-12-20 12:54:11.087 ERROR [http-nio-0.0.0.0-8081-exec-1] com.zaxxer.hikari.pool.HikariPool - HikariPool-1 - Exception during pool initialization.
org.postgresql.util.PSQLException: FATAL: Tenant or user not found
	at org.postgresql.core.v3.ConnectionFactoryImpl.doAuthentication(ConnectionFactoryImpl.java:693)
	at org.postgresql.core.v3.ConnectionFactoryImpl.tryConnect(ConnectionFactoryImpl.java:203)
	at org.postgresql.core.v3.ConnectionFactoryImpl.openConnectionImpl(ConnectionFactoryImpl.java:258)
	at org.postgresql.core.ConnectionFactory.openConnection(ConnectionFactory.java:54)
	at org.postgresql.jdbc.PgConnection.<init>(PgConnection.java:263)
	at org.postgresql.Driver.makeConnection(Driver.java:443)
	at org.postgresql.Driver.connect(Driver.java:297)
	at com.zaxxer.hikari.util.DriverDataSource.getConnection(DriverDataSource.java:138)
	at com.zaxxer.hikari.pool.PoolBase.newConnection(PoolBase.java:359)
	at com.zaxxer.hikari.pool.PoolBase.newPoolEntry(PoolBase.java:201)
	at com.zaxxer.hikari.pool.HikariPool.createPoolEntry(HikariPool.java:470)
	at com.zaxxer.hikari.pool.HikariPool.checkFailFast(HikariPool.java:561)
	at com.zaxxer.hikari.pool.HikariPool.<init>(HikariPool.java:100)
	at com.zaxxer.hikari.HikariDataSource.getConnection(HikariDataSource.java:112)
	at org.springframework.jdbc.datasource.DataSourceUtils.fetchConnection(DataSourceUtils.java:160)
	at org.springframework.jdbc.datasource.DataSourceUtils.doGetConnection(DataSourceUtils.java:118)
	at org.springframework.jdbc.datasource.DataSourceUtils.getConnection(DataSourceUtils.java:81)
	at org.mybatis.spring.transaction.SpringManagedTransaction.openConnection(SpringManagedTransaction.java:80)
	at org.mybatis.spring.transaction.SpringManagedTransaction.getConnection(SpringManagedTransaction.java:67)
	at org.apache.ibatis.executor.BaseExecutor.getConnection(BaseExecutor.java:348)
	at org.apache.ibatis.executor.SimpleExecutor.prepareStatement(SimpleExecutor.java:89)
	at org.apache.ibatis.executor.SimpleExecutor.doQuery(SimpleExecutor.java:64)
	at org.apache.ibatis.executor.BaseExecutor.queryFromDatabase(BaseExecutor.java:336)
	at org.apache.ibatis.executor.BaseExecutor.query(BaseExecutor.java:158)
	at org.apache.ibatis.executor.CachingExecutor.query(CachingExecutor.java:110)
	at org.apache.ibatis.executor.CachingExecutor.query(CachingExecutor.java:90)
	at org.apache.ibatis.session.defaults.DefaultSqlSession.selectList(DefaultSqlSession.java:154)
	at org.apache.ibatis.session.defaults.DefaultSqlSession.selectList(DefaultSqlSession.java:147)
	at org.apache.ibatis.session.defaults.DefaultSqlSession.selectList(DefaultSqlSession.java:142)
	at java.base/jdk.internal.reflect.NativeMethodAccessorImpl.invoke0(Native Method)
	at java.base/jdk.internal.reflect.NativeMethodAccessorImpl.invoke(NativeMethodAccessorImpl.java:77)
	at java.base/jdk.internal.reflect.DelegatingMethodAccessorImpl.invoke(DelegatingMethodAccessorImpl.java:43)
	at java.base/java.lang.reflect.Method.invoke(Method.java:568)
	at org.mybatis.spring.SqlSessionTemplate$SqlSessionInterceptor.invoke(SqlSessionTemplate.java:425)
	at jdk.proxy2/jdk.proxy2.$Proxy67.selectList(Unknown Source)
	at org.mybatis.spring.SqlSessionTemplate.selectList(SqlSessionTemplate.java:224)
	at org.apache.ibatis.binding.MapperMethod.executeForMany(MapperMethod.java:147)
	at org.apache.ibatis.binding.MapperMethod.execute(MapperMethod.java:80)
	at org.apache.ibatis.binding.MapperProxy$PlainMethodInvoker.invoke(MapperProxy.java:141)
	at org.apache.ibatis.binding.MapperProxy.invoke(MapperProxy.java:86)
	at jdk.proxy3/jdk.proxy3.$Proxy68.selectStdWordList(Unknown Source)
	at com.example.nproject.service.MetaStdWordService.getStdWordList(MetaStdWordService.java:21)
	at com.example.nproject.controller.MetaStdWordController.list(MetaStdWordController.java:31)
	at java.base/jdk.internal.reflect.NativeMethodAccessorImpl.invoke0(Native Method)
	at java.base/jdk.internal.reflect.NativeMethodAccessorImpl.invoke(NativeMethodAccessorImpl.java:77)
	at java.base/jdk.internal.reflect.DelegatingMethodAccessorImpl.invoke(DelegatingMethodAccessorImpl.java:43)
	at java.base/java.lang.reflect.Method.invoke(Method.java:568)
	at org.springframework.web.method.support.InvocableHandlerMethod.doInvoke(InvocableHandlerMethod.java:254)
	at org.springframework.web.method.support.InvocableHandlerMethod.invokeForRequest(InvocableHandlerMethod.java:182)
	at org.springframework.web.servlet.mvc.method.annotation.ServletInvocableHandlerMethod.invokeAndHandle(ServletInvocableHandlerMethod.java:118)
	at org.springframework.web.servlet.mvc.method.annotation.RequestMappingHandlerAdapter.invokeHandlerMethod(RequestMappingHandlerAdapter.java:917)
	at org.springframework.web.servlet.mvc.method.annotation.RequestMappingHandlerAdapter.handleInternal(RequestMappingHandlerAdapter.java:829)
	at org.springframework.web.servlet.mvc.method.AbstractHandlerMethodAdapter.handle(AbstractHandlerMethodAdapter.java:87)
	at org.springframework.web.servlet.DispatcherServlet.doDispatch(DispatcherServlet.java:1089)
	at org.springframework.web.servlet.DispatcherServlet.doService(DispatcherServlet.java:979)
	at org.springframework.web.servlet.FrameworkServlet.processRequest(FrameworkServlet.java:1014)
	at org.springframework.web.servlet.FrameworkServlet.doGet(FrameworkServlet.java:903)
	at jakarta.servlet.http.HttpServlet.service(HttpServlet.java:564)
	at org.springframework.web.servlet.FrameworkServlet.service(FrameworkServlet.java:885)
	at jakarta.servlet.http.HttpServlet.service(HttpServlet.java:658)
	at org.apache.catalina.core.ApplicationFilterChain.internalDoFilter(ApplicationFilterChain.java:205)
	at org.apache.catalina.core.ApplicationFilterChain.doFilter(ApplicationFilterChain.java:149)
	at org.apache.tomcat.websocket.server.WsFilter.doFilter(WsFilter.java:51)
	at org.apache.catalina.core.ApplicationFilterChain.internalDoFilter(ApplicationFilterChain.java:174)
	at org.apache.catalina.core.ApplicationFilterChain.doFilter(ApplicationFilterChain.java:149)
	at org.springframework.web.filter.RequestContextFilter.doFilterInternal(RequestContextFilter.java:100)
	at org.springframework.web.filter.OncePerRequestFilter.doFilter(OncePerRequestFilter.java:116)
	at org.apache.catalina.core.ApplicationFilterChain.internalDoFilter(ApplicationFilterChain.java:174)
	at org.apache.catalina.core.ApplicationFilterChain.doFilter(ApplicationFilterChain.java:149)
	at org.springframework.web.filter.FormContentFilter.doFilterInternal(FormContentFilter.java:93)
	at org.springframework.web.filter.OncePerRequestFilter.doFilter(OncePerRequestFilter.java:116)
	at org.apache.catalina.core.ApplicationFilterChain.internalDoFilter(ApplicationFilterChain.java:174)
	at org.apache.catalina.core.ApplicationFilterChain.doFilter(ApplicationFilterChain.java:149)
	at org.springframework.web.filter.CharacterEncodingFilter.doFilterInternal(CharacterEncodingFilter.java:201)
	at org.springframework.web.filter.OncePerRequestFilter.doFilter(OncePerRequestFilter.java:116)
	at org.apache.catalina.core.ApplicationFilterChain.internalDoFilter(ApplicationFilterChain.java:174)
	at org.apache.catalina.core.ApplicationFilterChain.doFilter(ApplicationFilterChain.java:149)
	at org.apache.catalina.core.StandardWrapperValve.invoke(StandardWrapperValve.java:167)
	at org.apache.catalina.core.StandardContextValve.invoke(StandardContextValve.java:90)
	at org.apache.catalina.authenticator.AuthenticatorBase.invoke(AuthenticatorBase.java:482)
	at org.apache.catalina.core.StandardHostValve.invoke(StandardHostValve.java:115)
	at org.apache.catalina.valves.ErrorReportValve.invoke(ErrorReportValve.java:93)
	at org.apache.catalina.core.StandardEngineValve.invoke(StandardEngineValve.java:74)
	at org.apache.catalina.connector.CoyoteAdapter.service(CoyoteAdapter.java:340)
	at org.apache.coyote.http11.Http11Processor.service(Http11Processor.java:391)
	at org.apache.coyote.AbstractProcessorLight.process(AbstractProcessorLight.java:63)
	at org.apache.coyote.AbstractProtocol$ConnectionHandler.process(AbstractProtocol.java:896)
	at org.apache.tomcat.util.net.NioEndpoint$SocketProcessor.doRun(NioEndpoint.java:1744)
	at org.apache.tomcat.util.net.SocketProcessorBase.run(SocketProcessorBase.java:52)
	at org.apache.tomcat.util.threads.ThreadPoolExecutor.runWorker(ThreadPoolExecutor.java:1191)
	at org.apache.tomcat.util.threads.ThreadPoolExecutor$Worker.run(ThreadPoolExecutor.java:659)
	at org.apache.tomcat.util.threads.TaskThread$WrappingRunnable.run(TaskThread.java:61)
	at java.base/java.lang.Thread.run(Thread.java:842)
2025-12-20 12:54:11.092 DEBUG [http-nio-0.0.0.0-8081-exec-1] o.s.web.servlet.DispatcherServlet - Failed to complete request: org.mybatis.spring.MyBatisSystemException
2025-12-20 12:54:11.093 ERROR [http-nio-0.0.0.0-8081-exec-1] o.a.c.c.C.[.[.[.[dispatcherServlet] - Servlet.service() for servlet [dispatcherServlet] in context with path [] threw exception [Request processing failed: org.mybatis.spring.MyBatisSystemException] with root cause
org.postgresql.util.PSQLException: FATAL: Tenant or user not found
	at org.postgresql.core.v3.ConnectionFactoryImpl.doAuthentication(ConnectionFactoryImpl.java:693)
	at org.postgresql.core.v3.ConnectionFactoryImpl.tryConnect(ConnectionFactoryImpl.java:203)
	at org.postgresql.core.v3.ConnectionFactoryImpl.openConnectionImpl(ConnectionFactoryImpl.java:258)
	at org.postgresql.core.ConnectionFactory.openConnection(ConnectionFactory.java:54)
	at org.postgresql.jdbc.PgConnection.<init>(PgConnection.java:263)
	at org.postgresql.Driver.makeConnection(Driver.java:443)
	at org.postgresql.Driver.connect(Driver.java:297)
	at com.zaxxer.hikari.util.DriverDataSource.getConnection(DriverDataSource.java:138)
	at com.zaxxer.hikari.pool.PoolBase.newConnection(PoolBase.java:359)
	at com.zaxxer.hikari.pool.PoolBase.newPoolEntry(PoolBase.java:201)
	at com.zaxxer.hikari.pool.HikariPool.createPoolEntry(HikariPool.java:470)
	at com.zaxxer.hikari.pool.HikariPool.checkFailFast(HikariPool.java:561)
	at com.zaxxer.hikari.pool.HikariPool.<init>(HikariPool.java:100)
	at com.zaxxer.hikari.HikariDataSource.getConnection(HikariDataSource.java:112)
	at org.springframework.jdbc.datasource.DataSourceUtils.fetchConnection(DataSourceUtils.java:160)
	at org.springframework.jdbc.datasource.DataSourceUtils.doGetConnection(DataSourceUtils.java:118)
	at org.springframework.jdbc.datasource.DataSourceUtils.getConnection(DataSourceUtils.java:81)
	at org.mybatis.spring.transaction.SpringManagedTransaction.openConnection(SpringManagedTransaction.java:80)
	at org.mybatis.spring.transaction.SpringManagedTransaction.getConnection(SpringManagedTransaction.java:67)
	at org.apache.ibatis.executor.BaseExecutor.getConnection(BaseExecutor.java:348)
	at org.apache.ibatis.executor.SimpleExecutor.prepareStatement(SimpleExecutor.java:89)
	at org.apache.ibatis.executor.SimpleExecutor.doQuery(SimpleExecutor.java:64)
	at org.apache.ibatis.executor.BaseExecutor.queryFromDatabase(BaseExecutor.java:336)
	at org.apache.ibatis.executor.BaseExecutor.query(BaseExecutor.java:158)
	at org.apache.ibatis.executor.CachingExecutor.query(CachingExecutor.java:110)
	at org.apache.ibatis.executor.CachingExecutor.query(CachingExecutor.java:90)
	at org.apache.ibatis.session.defaults.DefaultSqlSession.selectList(DefaultSqlSession.java:154)
	at org.apache.ibatis.session.defaults.DefaultSqlSession.selectList(DefaultSqlSession.java:147)
	at org.apache.ibatis.session.defaults.DefaultSqlSession.selectList(DefaultSqlSession.java:142)
	at java.base/jdk.internal.reflect.NativeMethodAccessorImpl.invoke0(Native Method)
	at java.base/jdk.internal.reflect.NativeMethodAccessorImpl.invoke(NativeMethodAccessorImpl.java:77)
	at java.base/jdk.internal.reflect.DelegatingMethodAccessorImpl.invoke(DelegatingMethodAccessorImpl.java:43)
	at java.base/java.lang.reflect.Method.invoke(Method.java:568)
	at org.mybatis.spring.SqlSessionTemplate$SqlSessionInterceptor.invoke(SqlSessionTemplate.java:425)
	at jdk.proxy2/jdk.proxy2.$Proxy67.selectList(Unknown Source)
	at org.mybatis.spring.SqlSessionTemplate.selectList(SqlSessionTemplate.java:224)
	at org.apache.ibatis.binding.MapperMethod.executeForMany(MapperMethod.java:147)
	at org.apache.ibatis.binding.MapperMethod.execute(MapperMethod.java:80)
	at org.apache.ibatis.binding.MapperProxy$PlainMethodInvoker.invoke(MapperProxy.java:141)
	at org.apache.ibatis.binding.MapperProxy.invoke(MapperProxy.java:86)
	at jdk.proxy3/jdk.proxy3.$Proxy68.selectStdWordList(Unknown Source)
	at com.example.nproject.service.MetaStdWordService.getStdWordList(MetaStdWordService.java:21)
	at com.example.nproject.controller.MetaStdWordController.list(MetaStdWordController.java:31)
	at java.base/jdk.internal.reflect.NativeMethodAccessorImpl.invoke0(Native Method)
	at java.base/jdk.internal.reflect.NativeMethodAccessorImpl.invoke(NativeMethodAccessorImpl.java:77)
	at java.base/jdk.internal.reflect.DelegatingMethodAccessorImpl.invoke(DelegatingMethodAccessorImpl.java:43)
	at java.base/java.lang.reflect.Method.invoke(Method.java:568)
	at org.springframework.web.method.support.InvocableHandlerMethod.doInvoke(InvocableHandlerMethod.java:254)
	at org.springframework.web.method.support.InvocableHandlerMethod.invokeForRequest(InvocableHandlerMethod.java:182)
	at org.springframework.web.servlet.mvc.method.annotation.ServletInvocableHandlerMethod.invokeAndHandle(ServletInvocableHandlerMethod.java:118)
	at org.springframework.web.servlet.mvc.method.annotation.RequestMappingHandlerAdapter.invokeHandlerMethod(RequestMappingHandlerAdapter.java:917)
	at org.springframework.web.servlet.mvc.method.annotation.RequestMappingHandlerAdapter.handleInternal(RequestMappingHandlerAdapter.java:829)
	at org.springframework.web.servlet.mvc.method.AbstractHandlerMethodAdapter.handle(AbstractHandlerMethodAdapter.java:87)
	at org.springframework.web.servlet.DispatcherServlet.doDispatch(DispatcherServlet.java:1089)
	at org.springframework.web.servlet.DispatcherServlet.doService(DispatcherServlet.java:979)
	at org.springframework.web.servlet.FrameworkServlet.processRequest(FrameworkServlet.java:1014)
	at org.springframework.web.servlet.FrameworkServlet.doGet(FrameworkServlet.java:903)
	at jakarta.servlet.http.HttpServlet.service(HttpServlet.java:564)
	at org.springframework.web.servlet.FrameworkServlet.service(FrameworkServlet.java:885)
	at jakarta.servlet.http.HttpServlet.service(HttpServlet.java:658)
	at org.apache.catalina.core.ApplicationFilterChain.internalDoFilter(ApplicationFilterChain.java:205)
	at org.apache.catalina.core.ApplicationFilterChain.doFilter(ApplicationFilterChain.java:149)
	at org.apache.tomcat.websocket.server.WsFilter.doFilter(WsFilter.java:51)
	at org.apache.catalina.core.ApplicationFilterChain.internalDoFilter(ApplicationFilterChain.java:174)
	at org.apache.catalina.core.ApplicationFilterChain.doFilter(ApplicationFilterChain.java:149)
	at org.springframework.web.filter.RequestContextFilter.doFilterInternal(RequestContextFilter.java:100)
	at org.springframework.web.filter.OncePerRequestFilter.doFilter(OncePerRequestFilter.java:116)
	at org.apache.catalina.core.ApplicationFilterChain.internalDoFilter(ApplicationFilterChain.java:174)
	at org.apache.catalina.core.ApplicationFilterChain.doFilter(ApplicationFilterChain.java:149)
	at org.springframework.web.filter.FormContentFilter.doFilterInternal(FormContentFilter.java:93)
	at org.springframework.web.filter.OncePerRequestFilter.doFilter(OncePerRequestFilter.java:116)
	at org.apache.catalina.core.ApplicationFilterChain.internalDoFilter(ApplicationFilterChain.java:174)
	at org.apache.catalina.core.ApplicationFilterChain.doFilter(ApplicationFilterChain.java:149)
	at org.springframework.web.filter.CharacterEncodingFilter.doFilterInternal(CharacterEncodingFilter.java:201)
	at org.springframework.web.filter.OncePerRequestFilter.doFilter(OncePerRequestFilter.java:116)
	at org.apache.catalina.core.ApplicationFilterChain.internalDoFilter(ApplicationFilterChain.java:174)
	at org.apache.catalina.core.ApplicationFilterChain.doFilter(ApplicationFilterChain.java:149)
	at org.apache.catalina.core.StandardWrapperValve.invoke(StandardWrapperValve.java:167)
	at org.apache.catalina.core.StandardContextValve.invoke(StandardContextValve.java:90)
	at org.apache.catalina.authenticator.AuthenticatorBase.invoke(AuthenticatorBase.java:482)
	at org.apache.catalina.core.StandardHostValve.invoke(StandardHostValve.java:115)
	at org.apache.catalina.valves.ErrorReportValve.invoke(ErrorReportValve.java:93)
	at org.apache.catalina.core.StandardEngineValve.invoke(StandardEngineValve.java:74)
	at org.apache.catalina.connector.CoyoteAdapter.service(CoyoteAdapter.java:340)
	at org.apache.coyote.http11.Http11Processor.service(Http11Processor.java:391)
	at org.apache.coyote.AbstractProcessorLight.process(AbstractProcessorLight.java:63)
	at org.apache.coyote.AbstractProtocol$ConnectionHandler.process(AbstractProtocol.java:896)
	at org.apache.tomcat.util.net.NioEndpoint$SocketProcessor.doRun(NioEndpoint.java:1744)
	at org.apache.tomcat.util.net.SocketProcessorBase.run(SocketProcessorBase.java:52)
	at org.apache.tomcat.util.threads.ThreadPoolExecutor.runWorker(ThreadPoolExecutor.java:1191)
	at org.apache.tomcat.util.threads.ThreadPoolExecutor$Worker.run(ThreadPoolExecutor.java:659)
	at org.apache.tomcat.util.threads.TaskThread$WrappingRunnable.run(TaskThread.java:61)
	at java.base/java.lang.Thread.run(Thread.java:842)
2025-12-20 12:54:11.098 DEBUG [http-nio-0.0.0.0-8081-exec-1] o.s.web.servlet.DispatcherServlet - "ERROR" dispatch for GET "/error", parameters={}
2025-12-20 12:54:11.100 DEBUG [http-nio-0.0.0.0-8081-exec-1] o.s.w.s.m.m.a.RequestMappingHandlerMapping - Mapped to org.springframework.boot.autoconfigure.web.servlet.error.BasicErrorController#errorHtml(HttpServletRequest, HttpServletResponse)
2025-12-20 12:54:11.118 DEBUG [http-nio-0.0.0.0-8081-exec-1] o.s.w.s.v.ContentNegotiatingViewResolver - Selected 'text/html' given [text/html, text/html;q=0.8]
2025-12-20 12:54:11.126 DEBUG [http-nio-0.0.0.0-8081-exec-1] o.s.web.servlet.DispatcherServlet - Exiting from "ERROR" dispatch, status 500
2025-12-20 12:54:11.207 DEBUG [http-nio-0.0.0.0-8081-exec-2] o.s.web.servlet.DispatcherServlet - GET "/favicon.ico", parameters={}
2025-12-20 12:54:11.213 DEBUG [http-nio-0.0.0.0-8081-exec-2] o.s.w.s.h.SimpleUrlHandlerMapping - Mapped to ResourceHttpRequestHandler [classpath [META-INF/resources/], classpath [resources/], classpath [static/], classpath [public/], ServletContext [/]]
2025-12-20 12:54:11.215 DEBUG [http-nio-0.0.0.0-8081-exec-2] o.s.w.s.r.ResourceHttpRequestHandler - Resource not found
2025-12-20 12:54:11.221 DEBUG [http-nio-0.0.0.0-8081-exec-2] o.s.w.s.m.s.DefaultHandlerExceptionResolver - Resolved [org.springframework.web.servlet.resource.NoResourceFoundException: No static resource favicon.ico.]
2025-12-20 12:54:11.222 DEBUG [http-nio-0.0.0.0-8081-exec-2] o.s.web.servlet.DispatcherServlet - Completed 404 NOT_FOUND
2025-12-20 12:54:11.222 DEBUG [http-nio-0.0.0.0-8081-exec-2] o.s.web.servlet.DispatcherServlet - "ERROR" dispatch for GET "/error", parameters={}
2025-12-20 12:54:11.223 DEBUG [http-nio-0.0.0.0-8081-exec-2] o.s.w.s.m.m.a.RequestMappingHandlerMapping - Mapped to org.springframework.boot.autoconfigure.web.servlet.error.BasicErrorController#error(HttpServletRequest)
2025-12-20 12:54:11.240 DEBUG [http-nio-0.0.0.0-8081-exec-2] o.s.w.s.m.m.a.HttpEntityMethodProcessor - Using 'application/json;q=0.8', given [image/avif, image/webp, image/apng, image/svg+xml, image/*, */*;q=0.8] and supported [application/json, application/*+json]
2025-12-20 12:54:11.242 DEBUG [http-nio-0.0.0.0-8081-exec-2] o.s.w.s.m.m.a.HttpEntityMethodProcessor - Writing [{timestamp=Sat Dec 20 12:54:11 KST 2025, status=404, error=Not Found, trace=org.springframework.web. (truncated)...]
2025-12-20 12:54:11.280 DEBUG [http-nio-0.0.0.0-8081-exec-2] o.s.web.servlet.DispatcherServlet - Exiting from "ERROR" dispatch, status 404
2025-12-20 12:56:49.088 INFO  [RMI TCP Connection(12)-127.0.0.1] o.s.b.a.SpringApplicationAdminMXBeanRegistrar$SpringApplicationAdmin - Application shutdown requested.
2025-12-20 12:56:49.092 INFO  [RMI TCP Connection(12)-127.0.0.1] o.a.coyote.http11.Http11NioProtocol - Stopping ProtocolHandler ["http-nio-0.0.0.0-8081"]
2025-12-20 12:56:51.165 INFO  [restartedMain] c.e.nproject.NprojectApplication - Starting NprojectApplication using Java 17.0.12 with PID 16948 (C:\Dev_antigravity_git\meta_system\nproject\target\classes started by jkljkl in C:\Dev_antigravity_git\meta_system\nproject)
2025-12-20 12:56:51.167 DEBUG [restartedMain] c.e.nproject.NprojectApplication - Running with Spring Boot v3.2.0, Spring v6.1.1
2025-12-20 12:56:51.168 INFO  [restartedMain] c.e.nproject.NprojectApplication - No active profile set, falling back to 1 default profile: "default"
2025-12-20 12:56:51.211 INFO  [restartedMain] o.s.b.d.e.DevToolsPropertyDefaultsPostProcessor - Devtools property defaults active! Set 'spring.devtools.add-properties' to 'false' to disable
2025-12-20 12:56:51.211 INFO  [restartedMain] o.s.b.d.e.DevToolsPropertyDefaultsPostProcessor - For additional web related logging consider setting the 'logging.level.web' property to 'DEBUG'
2025-12-20 12:56:51.806 DEBUG [restartedMain] o.apache.ibatis.logging.LogFactory - Logging initialized using 'class org.apache.ibatis.logging.slf4j.Slf4jImpl' adapter.
2025-12-20 12:56:52.118 INFO  [restartedMain] o.s.b.w.e.tomcat.TomcatWebServer - Tomcat initialized with port 8081 (http)
2025-12-20 12:56:52.124 INFO  [restartedMain] o.a.coyote.http11.Http11NioProtocol - Initializing ProtocolHandler ["http-nio-0.0.0.0-8081"]
2025-12-20 12:56:52.126 INFO  [restartedMain] o.a.catalina.core.StandardService - Starting service [Tomcat]
2025-12-20 12:56:52.126 INFO  [restartedMain] o.a.catalina.core.StandardEngine - Starting Servlet engine: [Apache Tomcat/10.1.16]
2025-12-20 12:56:52.162 INFO  [restartedMain] o.a.c.c.C.[Tomcat].[localhost].[/] - Initializing Spring embedded WebApplicationContext
2025-12-20 12:56:52.162 INFO  [restartedMain] o.s.b.w.s.c.ServletWebServerApplicationContext - Root WebApplicationContext: initialization completed in 951 ms
2025-12-20 12:56:52.463 DEBUG [restartedMain] o.s.w.s.m.m.a.RequestMappingHandlerMapping - 12 mappings in 'requestMappingHandlerMapping'
2025-12-20 12:56:52.512 DEBUG [restartedMain] o.s.w.s.h.SimpleUrlHandlerMapping - Patterns [/webjars/**, /**] in 'resourceHandlerMapping'
2025-12-20 12:56:52.532 DEBUG [restartedMain] o.s.w.s.m.m.a.RequestMappingHandlerAdapter - ControllerAdvice beans: 0 @ModelAttribute, 0 @InitBinder, 1 RequestBodyAdvice, 1 ResponseBodyAdvice
2025-12-20 12:56:52.557 DEBUG [restartedMain] o.s.w.s.m.m.a.ExceptionHandlerExceptionResolver - ControllerAdvice beans: 0 @ExceptionHandler, 1 ResponseBodyAdvice
2025-12-20 12:56:52.655 INFO  [restartedMain] o.s.b.d.a.OptionalLiveReloadServer - LiveReload server is running on port 35729
2025-12-20 12:56:52.672 INFO  [restartedMain] o.a.coyote.http11.Http11NioProtocol - Starting ProtocolHandler ["http-nio-0.0.0.0-8081"]
2025-12-20 12:56:52.688 INFO  [restartedMain] o.s.b.w.e.tomcat.TomcatWebServer - Tomcat started on port 8081 (http) with context path ''
2025-12-20 12:56:52.696 INFO  [restartedMain] c.e.nproject.NprojectApplication - Started NprojectApplication in 1.916 seconds (process running for 2.425)
2025-12-20 12:56:59.275 INFO  [http-nio-0.0.0.0-8081-exec-1] o.a.c.c.C.[Tomcat].[localhost].[/] - Initializing Spring DispatcherServlet 'dispatcherServlet'
2025-12-20 12:56:59.275 INFO  [http-nio-0.0.0.0-8081-exec-1] o.s.web.servlet.DispatcherServlet - Initializing Servlet 'dispatcherServlet'
2025-12-20 12:56:59.276 DEBUG [http-nio-0.0.0.0-8081-exec-1] o.s.web.servlet.DispatcherServlet - Detected StandardServletMultipartResolver
2025-12-20 12:56:59.276 DEBUG [http-nio-0.0.0.0-8081-exec-1] o.s.web.servlet.DispatcherServlet - Detected AcceptHeaderLocaleResolver
2025-12-20 12:56:59.276 DEBUG [http-nio-0.0.0.0-8081-exec-1] o.s.web.servlet.DispatcherServlet - Detected FixedThemeResolver
2025-12-20 12:56:59.277 DEBUG [http-nio-0.0.0.0-8081-exec-1] o.s.web.servlet.DispatcherServlet - Detected org.springframework.web.servlet.view.DefaultRequestToViewNameTranslator@611d4e4b
2025-12-20 12:56:59.277 DEBUG [http-nio-0.0.0.0-8081-exec-1] o.s.web.servlet.DispatcherServlet - Detected org.springframework.web.servlet.support.SessionFlashMapManager@6bca1e5f
2025-12-20 12:56:59.278 DEBUG [http-nio-0.0.0.0-8081-exec-1] o.s.web.servlet.DispatcherServlet - enableLoggingRequestDetails='false': request parameters and headers will be masked to prevent unsafe logging of potentially sensitive data
2025-12-20 12:56:59.278 INFO  [http-nio-0.0.0.0-8081-exec-1] o.s.web.servlet.DispatcherServlet - Completed initialization in 2 ms
2025-12-20 12:56:59.285 DEBUG [http-nio-0.0.0.0-8081-exec-1] o.s.web.servlet.DispatcherServlet - GET "/std-word/list", parameters={}
2025-12-20 12:56:59.295 DEBUG [http-nio-0.0.0.0-8081-exec-1] o.s.w.s.m.m.a.RequestMappingHandlerMapping - Mapped to com.example.nproject.controller.MetaStdWordController#list(MetaStdWordDto, Model)
2025-12-20 12:56:59.342 DEBUG [http-nio-0.0.0.0-8081-exec-1] o.s.jdbc.datasource.DataSourceUtils - Fetching JDBC Connection from DataSource
2025-12-20 12:56:59.344 INFO  [http-nio-0.0.0.0-8081-exec-1] com.zaxxer.hikari.HikariDataSource - HikariPool-1 - Starting...
2025-12-20 12:57:00.561 ERROR [http-nio-0.0.0.0-8081-exec-1] com.zaxxer.hikari.pool.HikariPool - HikariPool-1 - Exception during pool initialization.
org.postgresql.util.PSQLException: FATAL: Tenant or user not found
	at org.postgresql.core.v3.ConnectionFactoryImpl.doAuthentication(ConnectionFactoryImpl.java:693)
	at org.postgresql.core.v3.ConnectionFactoryImpl.tryConnect(ConnectionFactoryImpl.java:203)
	at org.postgresql.core.v3.ConnectionFactoryImpl.openConnectionImpl(ConnectionFactoryImpl.java:258)
	at org.postgresql.core.ConnectionFactory.openConnection(ConnectionFactory.java:54)
	at org.postgresql.jdbc.PgConnection.<init>(PgConnection.java:263)
	at org.postgresql.Driver.makeConnection(Driver.java:443)
	at org.postgresql.Driver.connect(Driver.java:297)
	at com.zaxxer.hikari.util.DriverDataSource.getConnection(DriverDataSource.java:138)
	at com.zaxxer.hikari.pool.PoolBase.newConnection(PoolBase.java:359)
	at com.zaxxer.hikari.pool.PoolBase.newPoolEntry(PoolBase.java:201)
	at com.zaxxer.hikari.pool.HikariPool.createPoolEntry(HikariPool.java:470)
	at com.zaxxer.hikari.pool.HikariPool.checkFailFast(HikariPool.java:561)
	at com.zaxxer.hikari.pool.HikariPool.<init>(HikariPool.java:100)
	at com.zaxxer.hikari.HikariDataSource.getConnection(HikariDataSource.java:112)
	at org.springframework.jdbc.datasource.DataSourceUtils.fetchConnection(DataSourceUtils.java:160)
	at org.springframework.jdbc.datasource.DataSourceUtils.doGetConnection(DataSourceUtils.java:118)
	at org.springframework.jdbc.datasource.DataSourceUtils.getConnection(DataSourceUtils.java:81)
	at org.mybatis.spring.transaction.SpringManagedTransaction.openConnection(SpringManagedTransaction.java:80)
	at org.mybatis.spring.transaction.SpringManagedTransaction.getConnection(SpringManagedTransaction.java:67)
	at org.apache.ibatis.executor.BaseExecutor.getConnection(BaseExecutor.java:348)
	at org.apache.ibatis.executor.SimpleExecutor.prepareStatement(SimpleExecutor.java:89)
	at org.apache.ibatis.executor.SimpleExecutor.doQuery(SimpleExecutor.java:64)
	at org.apache.ibatis.executor.BaseExecutor.queryFromDatabase(BaseExecutor.java:336)
	at org.apache.ibatis.executor.BaseExecutor.query(BaseExecutor.java:158)
	at org.apache.ibatis.executor.CachingExecutor.query(CachingExecutor.java:110)
	at org.apache.ibatis.executor.CachingExecutor.query(CachingExecutor.java:90)
	at org.apache.ibatis.session.defaults.DefaultSqlSession.selectList(DefaultSqlSession.java:154)
	at org.apache.ibatis.session.defaults.DefaultSqlSession.selectList(DefaultSqlSession.java:147)
	at org.apache.ibatis.session.defaults.DefaultSqlSession.selectList(DefaultSqlSession.java:142)
	at java.base/jdk.internal.reflect.NativeMethodAccessorImpl.invoke0(Native Method)
	at java.base/jdk.internal.reflect.NativeMethodAccessorImpl.invoke(NativeMethodAccessorImpl.java:77)
	at java.base/jdk.internal.reflect.DelegatingMethodAccessorImpl.invoke(DelegatingMethodAccessorImpl.java:43)
	at java.base/java.lang.reflect.Method.invoke(Method.java:568)
	at org.mybatis.spring.SqlSessionTemplate$SqlSessionInterceptor.invoke(SqlSessionTemplate.java:425)
	at jdk.proxy2/jdk.proxy2.$Proxy67.selectList(Unknown Source)
	at org.mybatis.spring.SqlSessionTemplate.selectList(SqlSessionTemplate.java:224)
	at org.apache.ibatis.binding.MapperMethod.executeForMany(MapperMethod.java:147)
	at org.apache.ibatis.binding.MapperMethod.execute(MapperMethod.java:80)
	at org.apache.ibatis.binding.MapperProxy$PlainMethodInvoker.invoke(MapperProxy.java:141)
	at org.apache.ibatis.binding.MapperProxy.invoke(MapperProxy.java:86)
	at jdk.proxy3/jdk.proxy3.$Proxy68.selectStdWordList(Unknown Source)
	at com.example.nproject.service.MetaStdWordService.getStdWordList(MetaStdWordService.java:21)
	at com.example.nproject.controller.MetaStdWordController.list(MetaStdWordController.java:31)
	at java.base/jdk.internal.reflect.NativeMethodAccessorImpl.invoke0(Native Method)
	at java.base/jdk.internal.reflect.NativeMethodAccessorImpl.invoke(NativeMethodAccessorImpl.java:77)
	at java.base/jdk.internal.reflect.DelegatingMethodAccessorImpl.invoke(DelegatingMethodAccessorImpl.java:43)
	at java.base/java.lang.reflect.Method.invoke(Method.java:568)
	at org.springframework.web.method.support.InvocableHandlerMethod.doInvoke(InvocableHandlerMethod.java:254)
	at org.springframework.web.method.support.InvocableHandlerMethod.invokeForRequest(InvocableHandlerMethod.java:182)
	at org.springframework.web.servlet.mvc.method.annotation.ServletInvocableHandlerMethod.invokeAndHandle(ServletInvocableHandlerMethod.java:118)
	at org.springframework.web.servlet.mvc.method.annotation.RequestMappingHandlerAdapter.invokeHandlerMethod(RequestMappingHandlerAdapter.java:917)
	at org.springframework.web.servlet.mvc.method.annotation.RequestMappingHandlerAdapter.handleInternal(RequestMappingHandlerAdapter.java:829)
	at org.springframework.web.servlet.mvc.method.AbstractHandlerMethodAdapter.handle(AbstractHandlerMethodAdapter.java:87)
	at org.springframework.web.servlet.DispatcherServlet.doDispatch(DispatcherServlet.java:1089)
	at org.springframework.web.servlet.DispatcherServlet.doService(DispatcherServlet.java:979)
	at org.springframework.web.servlet.FrameworkServlet.processRequest(FrameworkServlet.java:1014)
	at org.springframework.web.servlet.FrameworkServlet.doGet(FrameworkServlet.java:903)
	at jakarta.servlet.http.HttpServlet.service(HttpServlet.java:564)
	at org.springframework.web.servlet.FrameworkServlet.service(FrameworkServlet.java:885)
	at jakarta.servlet.http.HttpServlet.service(HttpServlet.java:658)
	at org.apache.catalina.core.ApplicationFilterChain.internalDoFilter(ApplicationFilterChain.java:205)
	at org.apache.catalina.core.ApplicationFilterChain.doFilter(ApplicationFilterChain.java:149)
	at org.apache.tomcat.websocket.server.WsFilter.doFilter(WsFilter.java:51)
	at org.apache.catalina.core.ApplicationFilterChain.internalDoFilter(ApplicationFilterChain.java:174)
	at org.apache.catalina.core.ApplicationFilterChain.doFilter(ApplicationFilterChain.java:149)
	at org.springframework.web.filter.RequestContextFilter.doFilterInternal(RequestContextFilter.java:100)
	at org.springframework.web.filter.OncePerRequestFilter.doFilter(OncePerRequestFilter.java:116)
	at org.apache.catalina.core.ApplicationFilterChain.internalDoFilter(ApplicationFilterChain.java:174)
	at org.apache.catalina.core.ApplicationFilterChain.doFilter(ApplicationFilterChain.java:149)
	at org.springframework.web.filter.FormContentFilter.doFilterInternal(FormContentFilter.java:93)
	at org.springframework.web.filter.OncePerRequestFilter.doFilter(OncePerRequestFilter.java:116)
	at org.apache.catalina.core.ApplicationFilterChain.internalDoFilter(ApplicationFilterChain.java:174)
	at org.apache.catalina.core.ApplicationFilterChain.doFilter(ApplicationFilterChain.java:149)
	at org.springframework.web.filter.CharacterEncodingFilter.doFilterInternal(CharacterEncodingFilter.java:201)
	at org.springframework.web.filter.OncePerRequestFilter.doFilter(OncePerRequestFilter.java:116)
	at org.apache.catalina.core.ApplicationFilterChain.internalDoFilter(ApplicationFilterChain.java:174)
	at org.apache.catalina.core.ApplicationFilterChain.doFilter(ApplicationFilterChain.java:149)
	at org.apache.catalina.core.StandardWrapperValve.invoke(StandardWrapperValve.java:167)
	at org.apache.catalina.core.StandardContextValve.invoke(StandardContextValve.java:90)
	at org.apache.catalina.authenticator.AuthenticatorBase.invoke(AuthenticatorBase.java:482)
	at org.apache.catalina.core.StandardHostValve.invoke(StandardHostValve.java:115)
	at org.apache.catalina.valves.ErrorReportValve.invoke(ErrorReportValve.java:93)
	at org.apache.catalina.core.StandardEngineValve.invoke(StandardEngineValve.java:74)
	at org.apache.catalina.connector.CoyoteAdapter.service(CoyoteAdapter.java:340)
	at org.apache.coyote.http11.Http11Processor.service(Http11Processor.java:391)
	at org.apache.coyote.AbstractProcessorLight.process(AbstractProcessorLight.java:63)
	at org.apache.coyote.AbstractProtocol$ConnectionHandler.process(AbstractProtocol.java:896)
	at org.apache.tomcat.util.net.NioEndpoint$SocketProcessor.doRun(NioEndpoint.java:1744)
	at org.apache.tomcat.util.net.SocketProcessorBase.run(SocketProcessorBase.java:52)
	at org.apache.tomcat.util.threads.ThreadPoolExecutor.runWorker(ThreadPoolExecutor.java:1191)
	at org.apache.tomcat.util.threads.ThreadPoolExecutor$Worker.run(ThreadPoolExecutor.java:659)
	at org.apache.tomcat.util.threads.TaskThread$WrappingRunnable.run(TaskThread.java:61)
	at java.base/java.lang.Thread.run(Thread.java:842)
2025-12-20 12:57:00.567 DEBUG [http-nio-0.0.0.0-8081-exec-1] o.s.web.servlet.DispatcherServlet - Failed to complete request: org.mybatis.spring.MyBatisSystemException
2025-12-20 12:57:00.568 ERROR [http-nio-0.0.0.0-8081-exec-1] o.a.c.c.C.[.[.[.[dispatcherServlet] - Servlet.service() for servlet [dispatcherServlet] in context with path [] threw exception [Request processing failed: org.mybatis.spring.MyBatisSystemException] with root cause
org.postgresql.util.PSQLException: FATAL: Tenant or user not found
	at org.postgresql.core.v3.ConnectionFactoryImpl.doAuthentication(ConnectionFactoryImpl.java:693)
	at org.postgresql.core.v3.ConnectionFactoryImpl.tryConnect(ConnectionFactoryImpl.java:203)
	at org.postgresql.core.v3.ConnectionFactoryImpl.openConnectionImpl(ConnectionFactoryImpl.java:258)
	at org.postgresql.core.ConnectionFactory.openConnection(ConnectionFactory.java:54)
	at org.postgresql.jdbc.PgConnection.<init>(PgConnection.java:263)
	at org.postgresql.Driver.makeConnection(Driver.java:443)
	at org.postgresql.Driver.connect(Driver.java:297)
	at com.zaxxer.hikari.util.DriverDataSource.getConnection(DriverDataSource.java:138)
	at com.zaxxer.hikari.pool.PoolBase.newConnection(PoolBase.java:359)
	at com.zaxxer.hikari.pool.PoolBase.newPoolEntry(PoolBase.java:201)
	at com.zaxxer.hikari.pool.HikariPool.createPoolEntry(HikariPool.java:470)
	at com.zaxxer.hikari.pool.HikariPool.checkFailFast(HikariPool.java:561)
	at com.zaxxer.hikari.pool.HikariPool.<init>(HikariPool.java:100)
	at com.zaxxer.hikari.HikariDataSource.getConnection(HikariDataSource.java:112)
	at org.springframework.jdbc.datasource.DataSourceUtils.fetchConnection(DataSourceUtils.java:160)
	at org.springframework.jdbc.datasource.DataSourceUtils.doGetConnection(DataSourceUtils.java:118)
	at org.springframework.jdbc.datasource.DataSourceUtils.getConnection(DataSourceUtils.java:81)
	at org.mybatis.spring.transaction.SpringManagedTransaction.openConnection(SpringManagedTransaction.java:80)
	at org.mybatis.spring.transaction.SpringManagedTransaction.getConnection(SpringManagedTransaction.java:67)
	at org.apache.ibatis.executor.BaseExecutor.getConnection(BaseExecutor.java:348)
	at org.apache.ibatis.executor.SimpleExecutor.prepareStatement(SimpleExecutor.java:89)
	at org.apache.ibatis.executor.SimpleExecutor.doQuery(SimpleExecutor.java:64)
	at org.apache.ibatis.executor.BaseExecutor.queryFromDatabase(BaseExecutor.java:336)
	at org.apache.ibatis.executor.BaseExecutor.query(BaseExecutor.java:158)
	at org.apache.ibatis.executor.CachingExecutor.query(CachingExecutor.java:110)
	at org.apache.ibatis.executor.CachingExecutor.query(CachingExecutor.java:90)
	at org.apache.ibatis.session.defaults.DefaultSqlSession.selectList(DefaultSqlSession.java:154)
	at org.apache.ibatis.session.defaults.DefaultSqlSession.selectList(DefaultSqlSession.java:147)
	at org.apache.ibatis.session.defaults.DefaultSqlSession.selectList(DefaultSqlSession.java:142)
	at java.base/jdk.internal.reflect.NativeMethodAccessorImpl.invoke0(Native Method)
	at java.base/jdk.internal.reflect.NativeMethodAccessorImpl.invoke(NativeMethodAccessorImpl.java:77)
	at java.base/jdk.internal.reflect.DelegatingMethodAccessorImpl.invoke(DelegatingMethodAccessorImpl.java:43)
	at java.base/java.lang.reflect.Method.invoke(Method.java:568)
	at org.mybatis.spring.SqlSessionTemplate$SqlSessionInterceptor.invoke(SqlSessionTemplate.java:425)
	at jdk.proxy2/jdk.proxy2.$Proxy67.selectList(Unknown Source)
	at org.mybatis.spring.SqlSessionTemplate.selectList(SqlSessionTemplate.java:224)
	at org.apache.ibatis.binding.MapperMethod.executeForMany(MapperMethod.java:147)
	at org.apache.ibatis.binding.MapperMethod.execute(MapperMethod.java:80)
	at org.apache.ibatis.binding.MapperProxy$PlainMethodInvoker.invoke(MapperProxy.java:141)
	at org.apache.ibatis.binding.MapperProxy.invoke(MapperProxy.java:86)
	at jdk.proxy3/jdk.proxy3.$Proxy68.selectStdWordList(Unknown Source)
	at com.example.nproject.service.MetaStdWordService.getStdWordList(MetaStdWordService.java:21)
	at com.example.nproject.controller.MetaStdWordController.list(MetaStdWordController.java:31)
	at java.base/jdk.internal.reflect.NativeMethodAccessorImpl.invoke0(Native Method)
	at java.base/jdk.internal.reflect.NativeMethodAccessorImpl.invoke(NativeMethodAccessorImpl.java:77)
	at java.base/jdk.internal.reflect.DelegatingMethodAccessorImpl.invoke(DelegatingMethodAccessorImpl.java:43)
	at java.base/java.lang.reflect.Method.invoke(Method.java:568)
	at org.springframework.web.method.support.InvocableHandlerMethod.doInvoke(InvocableHandlerMethod.java:254)
	at org.springframework.web.method.support.InvocableHandlerMethod.invokeForRequest(InvocableHandlerMethod.java:182)
	at org.springframework.web.servlet.mvc.method.annotation.ServletInvocableHandlerMethod.invokeAndHandle(ServletInvocableHandlerMethod.java:118)
	at org.springframework.web.servlet.mvc.method.annotation.RequestMappingHandlerAdapter.invokeHandlerMethod(RequestMappingHandlerAdapter.java:917)
	at org.springframework.web.servlet.mvc.method.annotation.RequestMappingHandlerAdapter.handleInternal(RequestMappingHandlerAdapter.java:829)
	at org.springframework.web.servlet.mvc.method.AbstractHandlerMethodAdapter.handle(AbstractHandlerMethodAdapter.java:87)
	at org.springframework.web.servlet.DispatcherServlet.doDispatch(DispatcherServlet.java:1089)
	at org.springframework.web.servlet.DispatcherServlet.doService(DispatcherServlet.java:979)
	at org.springframework.web.servlet.FrameworkServlet.processRequest(FrameworkServlet.java:1014)
	at org.springframework.web.servlet.FrameworkServlet.doGet(FrameworkServlet.java:903)
	at jakarta.servlet.http.HttpServlet.service(HttpServlet.java:564)
	at org.springframework.web.servlet.FrameworkServlet.service(FrameworkServlet.java:885)
	at jakarta.servlet.http.HttpServlet.service(HttpServlet.java:658)
	at org.apache.catalina.core.ApplicationFilterChain.internalDoFilter(ApplicationFilterChain.java:205)
	at org.apache.catalina.core.ApplicationFilterChain.doFilter(ApplicationFilterChain.java:149)
	at org.apache.tomcat.websocket.server.WsFilter.doFilter(WsFilter.java:51)
	at org.apache.catalina.core.ApplicationFilterChain.internalDoFilter(ApplicationFilterChain.java:174)
	at org.apache.catalina.core.ApplicationFilterChain.doFilter(ApplicationFilterChain.java:149)
	at org.springframework.web.filter.RequestContextFilter.doFilterInternal(RequestContextFilter.java:100)
	at org.springframework.web.filter.OncePerRequestFilter.doFilter(OncePerRequestFilter.java:116)
	at org.apache.catalina.core.ApplicationFilterChain.internalDoFilter(ApplicationFilterChain.java:174)
	at org.apache.catalina.core.ApplicationFilterChain.doFilter(ApplicationFilterChain.java:149)
	at org.springframework.web.filter.FormContentFilter.doFilterInternal(FormContentFilter.java:93)
	at org.springframework.web.filter.OncePerRequestFilter.doFilter(OncePerRequestFilter.java:116)
	at org.apache.catalina.core.ApplicationFilterChain.internalDoFilter(ApplicationFilterChain.java:174)
	at org.apache.catalina.core.ApplicationFilterChain.doFilter(ApplicationFilterChain.java:149)
	at org.springframework.web.filter.CharacterEncodingFilter.doFilterInternal(CharacterEncodingFilter.java:201)
	at org.springframework.web.filter.OncePerRequestFilter.doFilter(OncePerRequestFilter.java:116)
	at org.apache.catalina.core.ApplicationFilterChain.internalDoFilter(ApplicationFilterChain.java:174)
	at org.apache.catalina.core.ApplicationFilterChain.doFilter(ApplicationFilterChain.java:149)
	at org.apache.catalina.core.StandardWrapperValve.invoke(StandardWrapperValve.java:167)
	at org.apache.catalina.core.StandardContextValve.invoke(StandardContextValve.java:90)
	at org.apache.catalina.authenticator.AuthenticatorBase.invoke(AuthenticatorBase.java:482)
	at org.apache.catalina.core.StandardHostValve.invoke(StandardHostValve.java:115)
	at org.apache.catalina.valves.ErrorReportValve.invoke(ErrorReportValve.java:93)
	at org.apache.catalina.core.StandardEngineValve.invoke(StandardEngineValve.java:74)
	at org.apache.catalina.connector.CoyoteAdapter.service(CoyoteAdapter.java:340)
	at org.apache.coyote.http11.Http11Processor.service(Http11Processor.java:391)
	at org.apache.coyote.AbstractProcessorLight.process(AbstractProcessorLight.java:63)
	at org.apache.coyote.AbstractProtocol$ConnectionHandler.process(AbstractProtocol.java:896)
	at org.apache.tomcat.util.net.NioEndpoint$SocketProcessor.doRun(NioEndpoint.java:1744)
	at org.apache.tomcat.util.net.SocketProcessorBase.run(SocketProcessorBase.java:52)
	at org.apache.tomcat.util.threads.ThreadPoolExecutor.runWorker(ThreadPoolExecutor.java:1191)
	at org.apache.tomcat.util.threads.ThreadPoolExecutor$Worker.run(ThreadPoolExecutor.java:659)
	at org.apache.tomcat.util.threads.TaskThread$WrappingRunnable.run(TaskThread.java:61)
	at java.base/java.lang.Thread.run(Thread.java:842)
2025-12-20 12:57:00.574 DEBUG [http-nio-0.0.0.0-8081-exec-1] o.s.web.servlet.DispatcherServlet - "ERROR" dispatch for GET "/error", parameters={}
2025-12-20 12:57:00.576 DEBUG [http-nio-0.0.0.0-8081-exec-1] o.s.w.s.m.m.a.RequestMappingHandlerMapping - Mapped to org.springframework.boot.autoconfigure.web.servlet.error.BasicErrorController#errorHtml(HttpServletRequest, HttpServletResponse)
2025-12-20 12:57:00.590 DEBUG [http-nio-0.0.0.0-8081-exec-1] o.s.w.s.v.ContentNegotiatingViewResolver - Selected 'text/html' given [text/html, text/html;q=0.8]
2025-12-20 12:57:00.598 DEBUG [http-nio-0.0.0.0-8081-exec-1] o.s.web.servlet.DispatcherServlet - Exiting from "ERROR" dispatch, status 500
2025-12-20 12:57:31.227 INFO  [RMI TCP Connection(10)-127.0.0.1] o.s.b.a.SpringApplicationAdminMXBeanRegistrar$SpringApplicationAdmin - Application shutdown requested.
2025-12-20 12:57:31.231 INFO  [RMI TCP Connection(10)-127.0.0.1] o.a.coyote.http11.Http11NioProtocol - Stopping ProtocolHandler ["http-nio-0.0.0.0-8081"]
2025-12-20 12:57:52.619 INFO  [main] c.e.n.NprojectApplicationTests - Starting NprojectApplicationTests using Java 17.0.12 with PID 7416 (started by jkljkl in C:\Dev_antigravity_git\meta_system\nproject)
2025-12-20 12:57:52.620 DEBUG [main] c.e.n.NprojectApplicationTests - Running with Spring Boot v3.2.0, Spring v6.1.1
2025-12-20 12:57:52.621 INFO  [main] c.e.n.NprojectApplicationTests - No active profile set, falling back to 1 default profile: "default"
2025-12-20 12:57:52.662 DEBUG [main] o.s.w.c.s.GenericWebApplicationContext - Refreshing org.springframework.web.context.support.GenericWebApplicationContext@4ee33af7
2025-12-20 12:57:53.384 DEBUG [main] o.apache.ibatis.logging.LogFactory - Logging initialized using 'class org.apache.ibatis.logging.slf4j.Slf4jImpl' adapter.
2025-12-20 12:57:54.012 DEBUG [main] o.s.w.s.m.m.a.RequestMappingHandlerMapping - 12 mappings in 'requestMappingHandlerMapping'
2025-12-20 12:57:54.086 DEBUG [main] o.s.w.s.h.SimpleUrlHandlerMapping - Patterns [/webjars/**, /**] in 'resourceHandlerMapping'
2025-12-20 12:57:54.113 DEBUG [main] o.s.w.s.m.m.a.RequestMappingHandlerAdapter - ControllerAdvice beans: 0 @ModelAttribute, 0 @InitBinder, 1 RequestBodyAdvice, 1 ResponseBodyAdvice
2025-12-20 12:57:54.147 DEBUG [main] o.s.w.s.m.m.a.ExceptionHandlerExceptionResolver - ControllerAdvice beans: 0 @ExceptionHandler, 1 ResponseBodyAdvice
2025-12-20 12:57:54.265 INFO  [main] c.e.n.NprojectApplicationTests - Started NprojectApplicationTests in 2.01 seconds (process running for 2.854)
2025-12-20 12:57:55.187 DEBUG [SpringApplicationShutdownHook] o.s.w.c.s.GenericWebApplicationContext - Closing org.springframework.web.context.support.GenericWebApplicationContext@4ee33af7, started on Sat Dec 20 12:57:52 KST 2025
2025-12-20 12:58:05.794 INFO  [restartedMain] c.e.nproject.NprojectApplication - Starting NprojectApplication using Java 17.0.12 with PID 13548 (C:\Dev_antigravity_git\meta_system\nproject\target\classes started by jkljkl in C:\Dev_antigravity_git\meta_system\nproject)
2025-12-20 12:58:05.795 DEBUG [restartedMain] c.e.nproject.NprojectApplication - Running with Spring Boot v3.2.0, Spring v6.1.1
2025-12-20 12:58:05.796 INFO  [restartedMain] c.e.nproject.NprojectApplication - No active profile set, falling back to 1 default profile: "default"
2025-12-20 12:58:05.837 INFO  [restartedMain] o.s.b.d.e.DevToolsPropertyDefaultsPostProcessor - Devtools property defaults active! Set 'spring.devtools.add-properties' to 'false' to disable
2025-12-20 12:58:05.837 INFO  [restartedMain] o.s.b.d.e.DevToolsPropertyDefaultsPostProcessor - For additional web related logging consider setting the 'logging.level.web' property to 'DEBUG'
2025-12-20 12:58:06.371 DEBUG [restartedMain] o.apache.ibatis.logging.LogFactory - Logging initialized using 'class org.apache.ibatis.logging.slf4j.Slf4jImpl' adapter.
2025-12-20 12:58:06.672 INFO  [restartedMain] o.s.b.w.e.tomcat.TomcatWebServer - Tomcat initialized with port 8081 (http)
2025-12-20 12:58:06.677 INFO  [restartedMain] o.a.coyote.http11.Http11NioProtocol - Initializing ProtocolHandler ["http-nio-0.0.0.0-8081"]
2025-12-20 12:58:06.680 INFO  [restartedMain] o.a.catalina.core.StandardService - Starting service [Tomcat]
2025-12-20 12:58:06.680 INFO  [restartedMain] o.a.catalina.core.StandardEngine - Starting Servlet engine: [Apache Tomcat/10.1.16]
2025-12-20 12:58:06.715 INFO  [restartedMain] o.a.c.c.C.[Tomcat].[localhost].[/] - Initializing Spring embedded WebApplicationContext
2025-12-20 12:58:06.717 INFO  [restartedMain] o.s.b.w.s.c.ServletWebServerApplicationContext - Root WebApplicationContext: initialization completed in 879 ms
2025-12-20 12:58:07.017 DEBUG [restartedMain] o.s.w.s.m.m.a.RequestMappingHandlerMapping - 12 mappings in 'requestMappingHandlerMapping'
2025-12-20 12:58:07.067 DEBUG [restartedMain] o.s.w.s.h.SimpleUrlHandlerMapping - Patterns [/webjars/**, /**] in 'resourceHandlerMapping'
2025-12-20 12:58:07.085 DEBUG [restartedMain] o.s.w.s.m.m.a.RequestMappingHandlerAdapter - ControllerAdvice beans: 0 @ModelAttribute, 0 @InitBinder, 1 RequestBodyAdvice, 1 ResponseBodyAdvice
2025-12-20 12:58:07.111 DEBUG [restartedMain] o.s.w.s.m.m.a.ExceptionHandlerExceptionResolver - ControllerAdvice beans: 0 @ExceptionHandler, 1 ResponseBodyAdvice
2025-12-20 12:58:07.205 INFO  [restartedMain] o.s.b.d.a.OptionalLiveReloadServer - LiveReload server is running on port 35729
2025-12-20 12:58:07.225 INFO  [restartedMain] o.a.coyote.http11.Http11NioProtocol - Starting ProtocolHandler ["http-nio-0.0.0.0-8081"]
2025-12-20 12:58:07.240 INFO  [restartedMain] o.s.b.w.e.tomcat.TomcatWebServer - Tomcat started on port 8081 (http) with context path ''
2025-12-20 12:58:07.249 INFO  [restartedMain] c.e.nproject.NprojectApplication - Started NprojectApplication in 1.81 seconds (process running for 2.295)
2025-12-20 12:58:17.961 INFO  [http-nio-0.0.0.0-8081-exec-1] o.a.c.c.C.[Tomcat].[localhost].[/] - Initializing Spring DispatcherServlet 'dispatcherServlet'
2025-12-20 12:58:17.962 INFO  [http-nio-0.0.0.0-8081-exec-1] o.s.web.servlet.DispatcherServlet - Initializing Servlet 'dispatcherServlet'
2025-12-20 12:58:17.964 DEBUG [http-nio-0.0.0.0-8081-exec-1] o.s.web.servlet.DispatcherServlet - Detected StandardServletMultipartResolver
2025-12-20 12:58:17.964 DEBUG [http-nio-0.0.0.0-8081-exec-1] o.s.web.servlet.DispatcherServlet - Detected AcceptHeaderLocaleResolver
2025-12-20 12:58:17.964 DEBUG [http-nio-0.0.0.0-8081-exec-1] o.s.web.servlet.DispatcherServlet - Detected FixedThemeResolver
2025-12-20 12:58:17.966 DEBUG [http-nio-0.0.0.0-8081-exec-1] o.s.web.servlet.DispatcherServlet - Detected org.springframework.web.servlet.view.DefaultRequestToViewNameTranslator@4fb73ddb
2025-12-20 12:58:17.966 DEBUG [http-nio-0.0.0.0-8081-exec-1] o.s.web.servlet.DispatcherServlet - Detected org.springframework.web.servlet.support.SessionFlashMapManager@29c4b0f6
2025-12-20 12:58:17.967 DEBUG [http-nio-0.0.0.0-8081-exec-1] o.s.web.servlet.DispatcherServlet - enableLoggingRequestDetails='false': request parameters and headers will be masked to prevent unsafe logging of potentially sensitive data
2025-12-20 12:58:17.967 INFO  [http-nio-0.0.0.0-8081-exec-1] o.s.web.servlet.DispatcherServlet - Completed initialization in 4 ms
2025-12-20 12:58:17.976 DEBUG [http-nio-0.0.0.0-8081-exec-1] o.s.web.servlet.DispatcherServlet - GET "/std-word/list", parameters={}
2025-12-20 12:58:17.987 DEBUG [http-nio-0.0.0.0-8081-exec-1] o.s.w.s.m.m.a.RequestMappingHandlerMapping - Mapped to com.example.nproject.controller.MetaStdWordController#list(MetaStdWordDto, Model)
2025-12-20 12:58:18.043 DEBUG [http-nio-0.0.0.0-8081-exec-1] o.s.jdbc.datasource.DataSourceUtils - Fetching JDBC Connection from DataSource
2025-12-20 12:58:18.043 INFO  [http-nio-0.0.0.0-8081-exec-1] com.zaxxer.hikari.HikariDataSource - HikariPool-1 - Starting...
2025-12-20 12:58:19.245 ERROR [http-nio-0.0.0.0-8081-exec-1] com.zaxxer.hikari.pool.HikariPool - HikariPool-1 - Exception during pool initialization.
org.postgresql.util.PSQLException: FATAL: Tenant or user not found
	at org.postgresql.core.v3.ConnectionFactoryImpl.doAuthentication(ConnectionFactoryImpl.java:693)
	at org.postgresql.core.v3.ConnectionFactoryImpl.tryConnect(ConnectionFactoryImpl.java:203)
	at org.postgresql.core.v3.ConnectionFactoryImpl.openConnectionImpl(ConnectionFactoryImpl.java:258)
	at org.postgresql.core.ConnectionFactory.openConnection(ConnectionFactory.java:54)
	at org.postgresql.jdbc.PgConnection.<init>(PgConnection.java:263)
	at org.postgresql.Driver.makeConnection(Driver.java:443)
	at org.postgresql.Driver.connect(Driver.java:297)
	at com.zaxxer.hikari.util.DriverDataSource.getConnection(DriverDataSource.java:138)
	at com.zaxxer.hikari.pool.PoolBase.newConnection(PoolBase.java:359)
	at com.zaxxer.hikari.pool.PoolBase.newPoolEntry(PoolBase.java:201)
	at com.zaxxer.hikari.pool.HikariPool.createPoolEntry(HikariPool.java:470)
	at com.zaxxer.hikari.pool.HikariPool.checkFailFast(HikariPool.java:561)
	at com.zaxxer.hikari.pool.HikariPool.<init>(HikariPool.java:100)
	at com.zaxxer.hikari.HikariDataSource.getConnection(HikariDataSource.java:112)
	at org.springframework.jdbc.datasource.DataSourceUtils.fetchConnection(DataSourceUtils.java:160)
	at org.springframework.jdbc.datasource.DataSourceUtils.doGetConnection(DataSourceUtils.java:118)
	at org.springframework.jdbc.datasource.DataSourceUtils.getConnection(DataSourceUtils.java:81)
	at org.mybatis.spring.transaction.SpringManagedTransaction.openConnection(SpringManagedTransaction.java:80)
	at org.mybatis.spring.transaction.SpringManagedTransaction.getConnection(SpringManagedTransaction.java:67)
	at org.apache.ibatis.executor.BaseExecutor.getConnection(BaseExecutor.java:348)
	at org.apache.ibatis.executor.SimpleExecutor.prepareStatement(SimpleExecutor.java:89)
	at org.apache.ibatis.executor.SimpleExecutor.doQuery(SimpleExecutor.java:64)
	at org.apache.ibatis.executor.BaseExecutor.queryFromDatabase(BaseExecutor.java:336)
	at org.apache.ibatis.executor.BaseExecutor.query(BaseExecutor.java:158)
	at org.apache.ibatis.executor.CachingExecutor.query(CachingExecutor.java:110)
	at org.apache.ibatis.executor.CachingExecutor.query(CachingExecutor.java:90)
	at org.apache.ibatis.session.defaults.DefaultSqlSession.selectList(DefaultSqlSession.java:154)
	at org.apache.ibatis.session.defaults.DefaultSqlSession.selectList(DefaultSqlSession.java:147)
	at org.apache.ibatis.session.defaults.DefaultSqlSession.selectList(DefaultSqlSession.java:142)
	at java.base/jdk.internal.reflect.NativeMethodAccessorImpl.invoke0(Native Method)
	at java.base/jdk.internal.reflect.NativeMethodAccessorImpl.invoke(NativeMethodAccessorImpl.java:77)
	at java.base/jdk.internal.reflect.DelegatingMethodAccessorImpl.invoke(DelegatingMethodAccessorImpl.java:43)
	at java.base/java.lang.reflect.Method.invoke(Method.java:568)
	at org.mybatis.spring.SqlSessionTemplate$SqlSessionInterceptor.invoke(SqlSessionTemplate.java:425)
	at jdk.proxy2/jdk.proxy2.$Proxy67.selectList(Unknown Source)
	at org.mybatis.spring.SqlSessionTemplate.selectList(SqlSessionTemplate.java:224)
	at org.apache.ibatis.binding.MapperMethod.executeForMany(MapperMethod.java:147)
	at org.apache.ibatis.binding.MapperMethod.execute(MapperMethod.java:80)
	at org.apache.ibatis.binding.MapperProxy$PlainMethodInvoker.invoke(MapperProxy.java:141)
	at org.apache.ibatis.binding.MapperProxy.invoke(MapperProxy.java:86)
	at jdk.proxy3/jdk.proxy3.$Proxy68.selectStdWordList(Unknown Source)
	at com.example.nproject.service.MetaStdWordService.getStdWordList(MetaStdWordService.java:21)
	at com.example.nproject.controller.MetaStdWordController.list(MetaStdWordController.java:31)
	at java.base/jdk.internal.reflect.NativeMethodAccessorImpl.invoke0(Native Method)
	at java.base/jdk.internal.reflect.NativeMethodAccessorImpl.invoke(NativeMethodAccessorImpl.java:77)
	at java.base/jdk.internal.reflect.DelegatingMethodAccessorImpl.invoke(DelegatingMethodAccessorImpl.java:43)
	at java.base/java.lang.reflect.Method.invoke(Method.java:568)
	at org.springframework.web.method.support.InvocableHandlerMethod.doInvoke(InvocableHandlerMethod.java:254)
	at org.springframework.web.method.support.InvocableHandlerMethod.invokeForRequest(InvocableHandlerMethod.java:182)
	at org.springframework.web.servlet.mvc.method.annotation.ServletInvocableHandlerMethod.invokeAndHandle(ServletInvocableHandlerMethod.java:118)
	at org.springframework.web.servlet.mvc.method.annotation.RequestMappingHandlerAdapter.invokeHandlerMethod(RequestMappingHandlerAdapter.java:917)
	at org.springframework.web.servlet.mvc.method.annotation.RequestMappingHandlerAdapter.handleInternal(RequestMappingHandlerAdapter.java:829)
	at org.springframework.web.servlet.mvc.method.AbstractHandlerMethodAdapter.handle(AbstractHandlerMethodAdapter.java:87)
	at org.springframework.web.servlet.DispatcherServlet.doDispatch(DispatcherServlet.java:1089)
	at org.springframework.web.servlet.DispatcherServlet.doService(DispatcherServlet.java:979)
	at org.springframework.web.servlet.FrameworkServlet.processRequest(FrameworkServlet.java:1014)
	at org.springframework.web.servlet.FrameworkServlet.doGet(FrameworkServlet.java:903)
	at jakarta.servlet.http.HttpServlet.service(HttpServlet.java:564)
	at org.springframework.web.servlet.FrameworkServlet.service(FrameworkServlet.java:885)
	at jakarta.servlet.http.HttpServlet.service(HttpServlet.java:658)
	at org.apache.catalina.core.ApplicationFilterChain.internalDoFilter(ApplicationFilterChain.java:205)
	at org.apache.catalina.core.ApplicationFilterChain.doFilter(ApplicationFilterChain.java:149)
	at org.apache.tomcat.websocket.server.WsFilter.doFilter(WsFilter.java:51)
	at org.apache.catalina.core.ApplicationFilterChain.internalDoFilter(ApplicationFilterChain.java:174)
	at org.apache.catalina.core.ApplicationFilterChain.doFilter(ApplicationFilterChain.java:149)
	at org.springframework.web.filter.RequestContextFilter.doFilterInternal(RequestContextFilter.java:100)
	at org.springframework.web.filter.OncePerRequestFilter.doFilter(OncePerRequestFilter.java:116)
	at org.apache.catalina.core.ApplicationFilterChain.internalDoFilter(ApplicationFilterChain.java:174)
	at org.apache.catalina.core.ApplicationFilterChain.doFilter(ApplicationFilterChain.java:149)
	at org.springframework.web.filter.FormContentFilter.doFilterInternal(FormContentFilter.java:93)
	at org.springframework.web.filter.OncePerRequestFilter.doFilter(OncePerRequestFilter.java:116)
	at org.apache.catalina.core.ApplicationFilterChain.internalDoFilter(ApplicationFilterChain.java:174)
	at org.apache.catalina.core.ApplicationFilterChain.doFilter(ApplicationFilterChain.java:149)
	at org.springframework.web.filter.CharacterEncodingFilter.doFilterInternal(CharacterEncodingFilter.java:201)
	at org.springframework.web.filter.OncePerRequestFilter.doFilter(OncePerRequestFilter.java:116)
	at org.apache.catalina.core.ApplicationFilterChain.internalDoFilter(ApplicationFilterChain.java:174)
	at org.apache.catalina.core.ApplicationFilterChain.doFilter(ApplicationFilterChain.java:149)
	at org.apache.catalina.core.StandardWrapperValve.invoke(StandardWrapperValve.java:167)
	at org.apache.catalina.core.StandardContextValve.invoke(StandardContextValve.java:90)
	at org.apache.catalina.authenticator.AuthenticatorBase.invoke(AuthenticatorBase.java:482)
	at org.apache.catalina.core.StandardHostValve.invoke(StandardHostValve.java:115)
	at org.apache.catalina.valves.ErrorReportValve.invoke(ErrorReportValve.java:93)
	at org.apache.catalina.core.StandardEngineValve.invoke(StandardEngineValve.java:74)
	at org.apache.catalina.connector.CoyoteAdapter.service(CoyoteAdapter.java:340)
	at org.apache.coyote.http11.Http11Processor.service(Http11Processor.java:391)
	at org.apache.coyote.AbstractProcessorLight.process(AbstractProcessorLight.java:63)
	at org.apache.coyote.AbstractProtocol$ConnectionHandler.process(AbstractProtocol.java:896)
	at org.apache.tomcat.util.net.NioEndpoint$SocketProcessor.doRun(NioEndpoint.java:1744)
	at org.apache.tomcat.util.net.SocketProcessorBase.run(SocketProcessorBase.java:52)
	at org.apache.tomcat.util.threads.ThreadPoolExecutor.runWorker(ThreadPoolExecutor.java:1191)
	at org.apache.tomcat.util.threads.ThreadPoolExecutor$Worker.run(ThreadPoolExecutor.java:659)
	at org.apache.tomcat.util.threads.TaskThread$WrappingRunnable.run(TaskThread.java:61)
	at java.base/java.lang.Thread.run(Thread.java:842)
2025-12-20 12:58:19.253 DEBUG [http-nio-0.0.0.0-8081-exec-1] o.s.web.servlet.DispatcherServlet - Failed to complete request: org.mybatis.spring.MyBatisSystemException
2025-12-20 12:58:19.254 ERROR [http-nio-0.0.0.0-8081-exec-1] o.a.c.c.C.[.[.[.[dispatcherServlet] - Servlet.service() for servlet [dispatcherServlet] in context with path [] threw exception [Request processing failed: org.mybatis.spring.MyBatisSystemException] with root cause
org.postgresql.util.PSQLException: FATAL: Tenant or user not found
	at org.postgresql.core.v3.ConnectionFactoryImpl.doAuthentication(ConnectionFactoryImpl.java:693)
	at org.postgresql.core.v3.ConnectionFactoryImpl.tryConnect(ConnectionFactoryImpl.java:203)
	at org.postgresql.core.v3.ConnectionFactoryImpl.openConnectionImpl(ConnectionFactoryImpl.java:258)
	at org.postgresql.core.ConnectionFactory.openConnection(ConnectionFactory.java:54)
	at org.postgresql.jdbc.PgConnection.<init>(PgConnection.java:263)
	at org.postgresql.Driver.makeConnection(Driver.java:443)
	at org.postgresql.Driver.connect(Driver.java:297)
	at com.zaxxer.hikari.util.DriverDataSource.getConnection(DriverDataSource.java:138)
	at com.zaxxer.hikari.pool.PoolBase.newConnection(PoolBase.java:359)
	at com.zaxxer.hikari.pool.PoolBase.newPoolEntry(PoolBase.java:201)
	at com.zaxxer.hikari.pool.HikariPool.createPoolEntry(HikariPool.java:470)
	at com.zaxxer.hikari.pool.HikariPool.checkFailFast(HikariPool.java:561)
	at com.zaxxer.hikari.pool.HikariPool.<init>(HikariPool.java:100)
	at com.zaxxer.hikari.HikariDataSource.getConnection(HikariDataSource.java:112)
	at org.springframework.jdbc.datasource.DataSourceUtils.fetchConnection(DataSourceUtils.java:160)
	at org.springframework.jdbc.datasource.DataSourceUtils.doGetConnection(DataSourceUtils.java:118)
	at org.springframework.jdbc.datasource.DataSourceUtils.getConnection(DataSourceUtils.java:81)
	at org.mybatis.spring.transaction.SpringManagedTransaction.openConnection(SpringManagedTransaction.java:80)
	at org.mybatis.spring.transaction.SpringManagedTransaction.getConnection(SpringManagedTransaction.java:67)
	at org.apache.ibatis.executor.BaseExecutor.getConnection(BaseExecutor.java:348)
	at org.apache.ibatis.executor.SimpleExecutor.prepareStatement(SimpleExecutor.java:89)
	at org.apache.ibatis.executor.SimpleExecutor.doQuery(SimpleExecutor.java:64)
	at org.apache.ibatis.executor.BaseExecutor.queryFromDatabase(BaseExecutor.java:336)
	at org.apache.ibatis.executor.BaseExecutor.query(BaseExecutor.java:158)
	at org.apache.ibatis.executor.CachingExecutor.query(CachingExecutor.java:110)
	at org.apache.ibatis.executor.CachingExecutor.query(CachingExecutor.java:90)
	at org.apache.ibatis.session.defaults.DefaultSqlSession.selectList(DefaultSqlSession.java:154)
	at org.apache.ibatis.session.defaults.DefaultSqlSession.selectList(DefaultSqlSession.java:147)
	at org.apache.ibatis.session.defaults.DefaultSqlSession.selectList(DefaultSqlSession.java:142)
	at java.base/jdk.internal.reflect.NativeMethodAccessorImpl.invoke0(Native Method)
	at java.base/jdk.internal.reflect.NativeMethodAccessorImpl.invoke(NativeMethodAccessorImpl.java:77)
	at java.base/jdk.internal.reflect.DelegatingMethodAccessorImpl.invoke(DelegatingMethodAccessorImpl.java:43)
	at java.base/java.lang.reflect.Method.invoke(Method.java:568)
	at org.mybatis.spring.SqlSessionTemplate$SqlSessionInterceptor.invoke(SqlSessionTemplate.java:425)
	at jdk.proxy2/jdk.proxy2.$Proxy67.selectList(Unknown Source)
	at org.mybatis.spring.SqlSessionTemplate.selectList(SqlSessionTemplate.java:224)
	at org.apache.ibatis.binding.MapperMethod.executeForMany(MapperMethod.java:147)
	at org.apache.ibatis.binding.MapperMethod.execute(MapperMethod.java:80)
	at org.apache.ibatis.binding.MapperProxy$PlainMethodInvoker.invoke(MapperProxy.java:141)
	at org.apache.ibatis.binding.MapperProxy.invoke(MapperProxy.java:86)
	at jdk.proxy3/jdk.proxy3.$Proxy68.selectStdWordList(Unknown Source)
	at com.example.nproject.service.MetaStdWordService.getStdWordList(MetaStdWordService.java:21)
	at com.example.nproject.controller.MetaStdWordController.list(MetaStdWordController.java:31)
	at java.base/jdk.internal.reflect.NativeMethodAccessorImpl.invoke0(Native Method)
	at java.base/jdk.internal.reflect.NativeMethodAccessorImpl.invoke(NativeMethodAccessorImpl.java:77)
	at java.base/jdk.internal.reflect.DelegatingMethodAccessorImpl.invoke(DelegatingMethodAccessorImpl.java:43)
	at java.base/java.lang.reflect.Method.invoke(Method.java:568)
	at org.springframework.web.method.support.InvocableHandlerMethod.doInvoke(InvocableHandlerMethod.java:254)
	at org.springframework.web.method.support.InvocableHandlerMethod.invokeForRequest(InvocableHandlerMethod.java:182)
	at org.springframework.web.servlet.mvc.method.annotation.ServletInvocableHandlerMethod.invokeAndHandle(ServletInvocableHandlerMethod.java:118)
	at org.springframework.web.servlet.mvc.method.annotation.RequestMappingHandlerAdapter.invokeHandlerMethod(RequestMappingHandlerAdapter.java:917)
	at org.springframework.web.servlet.mvc.method.annotation.RequestMappingHandlerAdapter.handleInternal(RequestMappingHandlerAdapter.java:829)
	at org.springframework.web.servlet.mvc.method.AbstractHandlerMethodAdapter.handle(AbstractHandlerMethodAdapter.java:87)
	at org.springframework.web.servlet.DispatcherServlet.doDispatch(DispatcherServlet.java:1089)
	at org.springframework.web.servlet.DispatcherServlet.doService(DispatcherServlet.java:979)
	at org.springframework.web.servlet.FrameworkServlet.processRequest(FrameworkServlet.java:1014)
	at org.springframework.web.servlet.FrameworkServlet.doGet(FrameworkServlet.java:903)
	at jakarta.servlet.http.HttpServlet.service(HttpServlet.java:564)
	at org.springframework.web.servlet.FrameworkServlet.service(FrameworkServlet.java:885)
	at jakarta.servlet.http.HttpServlet.service(HttpServlet.java:658)
	at org.apache.catalina.core.ApplicationFilterChain.internalDoFilter(ApplicationFilterChain.java:205)
	at org.apache.catalina.core.ApplicationFilterChain.doFilter(ApplicationFilterChain.java:149)
	at org.apache.tomcat.websocket.server.WsFilter.doFilter(WsFilter.java:51)
	at org.apache.catalina.core.ApplicationFilterChain.internalDoFilter(ApplicationFilterChain.java:174)
	at org.apache.catalina.core.ApplicationFilterChain.doFilter(ApplicationFilterChain.java:149)
	at org.springframework.web.filter.RequestContextFilter.doFilterInternal(RequestContextFilter.java:100)
	at org.springframework.web.filter.OncePerRequestFilter.doFilter(OncePerRequestFilter.java:116)
	at org.apache.catalina.core.ApplicationFilterChain.internalDoFilter(ApplicationFilterChain.java:174)
	at org.apache.catalina.core.ApplicationFilterChain.doFilter(ApplicationFilterChain.java:149)
	at org.springframework.web.filter.FormContentFilter.doFilterInternal(FormContentFilter.java:93)
	at org.springframework.web.filter.OncePerRequestFilter.doFilter(OncePerRequestFilter.java:116)
	at org.apache.catalina.core.ApplicationFilterChain.internalDoFilter(ApplicationFilterChain.java:174)
	at org.apache.catalina.core.ApplicationFilterChain.doFilter(ApplicationFilterChain.java:149)
	at org.springframework.web.filter.CharacterEncodingFilter.doFilterInternal(CharacterEncodingFilter.java:201)
	at org.springframework.web.filter.OncePerRequestFilter.doFilter(OncePerRequestFilter.java:116)
	at org.apache.catalina.core.ApplicationFilterChain.internalDoFilter(ApplicationFilterChain.java:174)
	at org.apache.catalina.core.ApplicationFilterChain.doFilter(ApplicationFilterChain.java:149)
	at org.apache.catalina.core.StandardWrapperValve.invoke(StandardWrapperValve.java:167)
	at org.apache.catalina.core.StandardContextValve.invoke(StandardContextValve.java:90)
	at org.apache.catalina.authenticator.AuthenticatorBase.invoke(AuthenticatorBase.java:482)
	at org.apache.catalina.core.StandardHostValve.invoke(StandardHostValve.java:115)
	at org.apache.catalina.valves.ErrorReportValve.invoke(ErrorReportValve.java:93)
	at org.apache.catalina.core.StandardEngineValve.invoke(StandardEngineValve.java:74)
	at org.apache.catalina.connector.CoyoteAdapter.service(CoyoteAdapter.java:340)
	at org.apache.coyote.http11.Http11Processor.service(Http11Processor.java:391)
	at org.apache.coyote.AbstractProcessorLight.process(AbstractProcessorLight.java:63)
	at org.apache.coyote.AbstractProtocol$ConnectionHandler.process(AbstractProtocol.java:896)
	at org.apache.tomcat.util.net.NioEndpoint$SocketProcessor.doRun(NioEndpoint.java:1744)
	at org.apache.tomcat.util.net.SocketProcessorBase.run(SocketProcessorBase.java:52)
	at org.apache.tomcat.util.threads.ThreadPoolExecutor.runWorker(ThreadPoolExecutor.java:1191)
	at org.apache.tomcat.util.threads.ThreadPoolExecutor$Worker.run(ThreadPoolExecutor.java:659)
	at org.apache.tomcat.util.threads.TaskThread$WrappingRunnable.run(TaskThread.java:61)
	at java.base/java.lang.Thread.run(Thread.java:842)
2025-12-20 12:58:19.261 DEBUG [http-nio-0.0.0.0-8081-exec-1] o.s.web.servlet.DispatcherServlet - "ERROR" dispatch for GET "/error", parameters={}
2025-12-20 12:58:19.262 DEBUG [http-nio-0.0.0.0-8081-exec-1] o.s.w.s.m.m.a.RequestMappingHandlerMapping - Mapped to org.springframework.boot.autoconfigure.web.servlet.error.BasicErrorController#errorHtml(HttpServletRequest, HttpServletResponse)
2025-12-20 12:58:19.276 DEBUG [http-nio-0.0.0.0-8081-exec-1] o.s.w.s.v.ContentNegotiatingViewResolver - Selected 'text/html' given [text/html, text/html;q=0.8]
2025-12-20 12:58:19.283 DEBUG [http-nio-0.0.0.0-8081-exec-1] o.s.web.servlet.DispatcherServlet - Exiting from "ERROR" dispatch, status 500
2025-12-20 12:59:50.149 INFO  [File Watcher] o.s.b.d.a.LocalDevToolsAutoConfiguration$RestartingClassPathChangeChangedEventListener - Restarting due to 1 class path change (0 additions, 0 deletions, 1 modification)
2025-12-20 12:59:50.153 INFO  [Thread-5] o.a.coyote.http11.Http11NioProtocol - Stopping ProtocolHandler ["http-nio-0.0.0.0-8081"]
2025-12-20 12:59:50.241 INFO  [restartedMain] c.e.nproject.NprojectApplication - Starting NprojectApplication using Java 17.0.12 with PID 13548 (C:\Dev_antigravity_git\meta_system\nproject\target\classes started by jkljkl in C:\Dev_antigravity_git\meta_system\nproject)
2025-12-20 12:59:50.241 DEBUG [restartedMain] c.e.nproject.NprojectApplication - Running with Spring Boot v3.2.0, Spring v6.1.1
2025-12-20 12:59:50.242 INFO  [restartedMain] c.e.nproject.NprojectApplication - No active profile set, falling back to 1 default profile: "default"
2025-12-20 12:59:50.441 INFO  [restartedMain] o.s.b.w.e.tomcat.TomcatWebServer - Tomcat initialized with port 8081 (http)
2025-12-20 12:59:50.441 INFO  [restartedMain] o.a.coyote.http11.Http11NioProtocol - Initializing ProtocolHandler ["http-nio-0.0.0.0-8081"]
2025-12-20 12:59:50.442 INFO  [restartedMain] o.a.catalina.core.StandardService - Starting service [Tomcat]
2025-12-20 12:59:50.442 INFO  [restartedMain] o.a.catalina.core.StandardEngine - Starting Servlet engine: [Apache Tomcat/10.1.16]
2025-12-20 12:59:50.458 INFO  [restartedMain] o.a.c.c.C.[Tomcat].[localhost].[/] - Initializing Spring embedded WebApplicationContext
2025-12-20 12:59:50.458 INFO  [restartedMain] o.s.b.w.s.c.ServletWebServerApplicationContext - Root WebApplicationContext: initialization completed in 215 ms
2025-12-20 12:59:50.536 DEBUG [restartedMain] o.s.w.s.m.m.a.RequestMappingHandlerMapping - 12 mappings in 'requestMappingHandlerMapping'
2025-12-20 12:59:50.553 DEBUG [restartedMain] o.s.w.s.h.SimpleUrlHandlerMapping - Patterns [/webjars/**, /**] in 'resourceHandlerMapping'
2025-12-20 12:59:50.559 DEBUG [restartedMain] o.s.w.s.m.m.a.RequestMappingHandlerAdapter - ControllerAdvice beans: 0 @ModelAttribute, 0 @InitBinder, 1 RequestBodyAdvice, 1 ResponseBodyAdvice
2025-12-20 12:59:50.563 DEBUG [restartedMain] o.s.w.s.m.m.a.ExceptionHandlerExceptionResolver - ControllerAdvice beans: 0 @ExceptionHandler, 1 ResponseBodyAdvice
2025-12-20 12:59:50.587 INFO  [restartedMain] o.s.b.d.a.OptionalLiveReloadServer - LiveReload server is running on port 35729
2025-12-20 12:59:50.596 INFO  [restartedMain] o.a.coyote.http11.Http11NioProtocol - Starting ProtocolHandler ["http-nio-0.0.0.0-8081"]
2025-12-20 12:59:50.599 INFO  [restartedMain] o.s.b.w.e.tomcat.TomcatWebServer - Tomcat started on port 8081 (http) with context path ''
2025-12-20 12:59:50.604 INFO  [restartedMain] c.e.nproject.NprojectApplication - Started NprojectApplication in 0.4 seconds (process running for 105.652)
2025-12-20 12:59:50.607 INFO  [restartedMain] o.s.b.d.a.ConditionEvaluationDeltaLoggingListener - Condition evaluation unchanged
2025-12-20 13:00:12.653 INFO  [RMI TCP Connection(13)-127.0.0.1] o.s.b.a.SpringApplicationAdminMXBeanRegistrar$SpringApplicationAdmin - Application shutdown requested.
2025-12-20 13:00:12.654 INFO  [RMI TCP Connection(13)-127.0.0.1] o.a.coyote.http11.Http11NioProtocol - Stopping ProtocolHandler ["http-nio-0.0.0.0-8081"]
2025-12-20 13:00:14.484 INFO  [restartedMain] c.e.nproject.NprojectApplication - Starting NprojectApplication using Java 17.0.12 with PID 19044 (C:\Dev_antigravity_git\meta_system\nproject\target\classes started by jkljkl in C:\Dev_antigravity_git\meta_system\nproject)
2025-12-20 13:00:14.485 DEBUG [restartedMain] c.e.nproject.NprojectApplication - Running with Spring Boot v3.2.0, Spring v6.1.1
2025-12-20 13:00:14.486 INFO  [restartedMain] c.e.nproject.NprojectApplication - No active profile set, falling back to 1 default profile: "default"
2025-12-20 13:00:14.524 INFO  [restartedMain] o.s.b.d.e.DevToolsPropertyDefaultsPostProcessor - Devtools property defaults active! Set 'spring.devtools.add-properties' to 'false' to disable
2025-12-20 13:00:14.525 INFO  [restartedMain] o.s.b.d.e.DevToolsPropertyDefaultsPostProcessor - For additional web related logging consider setting the 'logging.level.web' property to 'DEBUG'
2025-12-20 13:00:15.062 DEBUG [restartedMain] o.apache.ibatis.logging.LogFactory - Logging initialized using 'class org.apache.ibatis.logging.slf4j.Slf4jImpl' adapter.
2025-12-20 13:00:15.391 INFO  [restartedMain] o.s.b.w.e.tomcat.TomcatWebServer - Tomcat initialized with port 8081 (http)
2025-12-20 13:00:15.398 INFO  [restartedMain] o.a.coyote.http11.Http11NioProtocol - Initializing ProtocolHandler ["http-nio-0.0.0.0-8081"]
2025-12-20 13:00:15.399 INFO  [restartedMain] o.a.catalina.core.StandardService - Starting service [Tomcat]
2025-12-20 13:00:15.400 INFO  [restartedMain] o.a.catalina.core.StandardEngine - Starting Servlet engine: [Apache Tomcat/10.1.16]
2025-12-20 13:00:15.437 INFO  [restartedMain] o.a.c.c.C.[Tomcat].[localhost].[/] - Initializing Spring embedded WebApplicationContext
2025-12-20 13:00:15.438 INFO  [restartedMain] o.s.b.w.s.c.ServletWebServerApplicationContext - Root WebApplicationContext: initialization completed in 912 ms
2025-12-20 13:00:15.749 DEBUG [restartedMain] o.s.w.s.m.m.a.RequestMappingHandlerMapping - 12 mappings in 'requestMappingHandlerMapping'
2025-12-20 13:00:15.799 DEBUG [restartedMain] o.s.w.s.h.SimpleUrlHandlerMapping - Patterns [/webjars/**, /**] in 'resourceHandlerMapping'
2025-12-20 13:00:15.817 DEBUG [restartedMain] o.s.w.s.m.m.a.RequestMappingHandlerAdapter - ControllerAdvice beans: 0 @ModelAttribute, 0 @InitBinder, 1 RequestBodyAdvice, 1 ResponseBodyAdvice
2025-12-20 13:00:15.845 DEBUG [restartedMain] o.s.w.s.m.m.a.ExceptionHandlerExceptionResolver - ControllerAdvice beans: 0 @ExceptionHandler, 1 ResponseBodyAdvice
2025-12-20 13:00:15.937 INFO  [restartedMain] o.s.b.d.a.OptionalLiveReloadServer - LiveReload server is running on port 35729
2025-12-20 13:00:15.957 INFO  [restartedMain] o.a.coyote.http11.Http11NioProtocol - Starting ProtocolHandler ["http-nio-0.0.0.0-8081"]
2025-12-20 13:00:15.976 INFO  [restartedMain] o.s.b.w.e.tomcat.TomcatWebServer - Tomcat started on port 8081 (http) with context path ''
2025-12-20 13:00:15.983 INFO  [restartedMain] c.e.nproject.NprojectApplication - Started NprojectApplication in 1.856 seconds (process running for 2.423)
2025-12-20 13:00:25.549 INFO  [File Watcher] o.s.b.d.a.LocalDevToolsAutoConfiguration$RestartingClassPathChangeChangedEventListener - Restarting due to 14 class path changes (0 additions, 13 deletions, 1 modification)
2025-12-20 13:00:25.554 INFO  [Thread-5] o.a.coyote.http11.Http11NioProtocol - Stopping ProtocolHandler ["http-nio-0.0.0.0-8081"]
2025-12-20 13:00:25.641 INFO  [restartedMain] c.e.nproject.NprojectApplication - Starting NprojectApplication using Java 17.0.12 with PID 19044 (C:\Dev_antigravity_git\meta_system\nproject\target\classes started by jkljkl in C:\Dev_antigravity_git\meta_system\nproject)
2025-12-20 13:00:25.642 DEBUG [restartedMain] c.e.nproject.NprojectApplication - Running with Spring Boot v3.2.0, Spring v6.1.1
2025-12-20 13:00:25.642 INFO  [restartedMain] c.e.nproject.NprojectApplication - No active profile set, falling back to 1 default profile: "default"
2025-12-20 13:00:26.007 INFO  [restartedMain] o.s.b.w.e.tomcat.TomcatWebServer - Tomcat initialized with port 8081 (http)
2025-12-20 13:00:26.007 INFO  [restartedMain] o.a.coyote.http11.Http11NioProtocol - Initializing ProtocolHandler ["http-nio-0.0.0.0-8081"]
2025-12-20 13:00:26.007 INFO  [restartedMain] o.a.catalina.core.StandardService - Starting service [Tomcat]
2025-12-20 13:00:26.008 INFO  [restartedMain] o.a.catalina.core.StandardEngine - Starting Servlet engine: [Apache Tomcat/10.1.16]
2025-12-20 13:00:26.031 INFO  [restartedMain] o.a.c.c.C.[Tomcat].[localhost].[/] - Initializing Spring embedded WebApplicationContext
2025-12-20 13:00:26.031 INFO  [restartedMain] o.s.b.w.s.c.ServletWebServerApplicationContext - Root WebApplicationContext: initialization completed in 386 ms
2025-12-20 13:00:26.148 DEBUG [restartedMain] o.s.w.s.m.m.a.RequestMappingHandlerMapping - 12 mappings in 'requestMappingHandlerMapping'
2025-12-20 13:00:26.176 DEBUG [restartedMain] o.s.w.s.h.SimpleUrlHandlerMapping - Patterns [/webjars/**, /**] in 'resourceHandlerMapping'
2025-12-20 13:00:26.185 DEBUG [restartedMain] o.s.w.s.m.m.a.RequestMappingHandlerAdapter - ControllerAdvice beans: 0 @ModelAttribute, 0 @InitBinder, 1 RequestBodyAdvice, 1 ResponseBodyAdvice
2025-12-20 13:00:26.190 DEBUG [restartedMain] o.s.w.s.m.m.a.ExceptionHandlerExceptionResolver - ControllerAdvice beans: 0 @ExceptionHandler, 1 ResponseBodyAdvice
2025-12-20 13:00:26.230 INFO  [restartedMain] o.s.b.d.a.OptionalLiveReloadServer - LiveReload server is running on port 35729
2025-12-20 13:00:26.243 INFO  [restartedMain] o.a.coyote.http11.Http11NioProtocol - Starting ProtocolHandler ["http-nio-0.0.0.0-8081"]
2025-12-20 13:00:26.249 INFO  [restartedMain] o.s.b.w.e.tomcat.TomcatWebServer - Tomcat started on port 8081 (http) with context path ''
2025-12-20 13:00:26.262 INFO  [restartedMain] c.e.nproject.NprojectApplication - Started NprojectApplication in 0.654 seconds (process running for 12.701)
2025-12-20 13:00:26.267 INFO  [restartedMain] o.s.b.d.a.ConditionEvaluationDeltaLoggingListener - Condition evaluation unchanged
2025-12-20 13:00:27.652 INFO  [File Watcher] o.s.b.d.a.LocalDevToolsAutoConfiguration$RestartingClassPathChangeChangedEventListener - Restarting due to 13 class path changes (13 additions, 0 deletions, 0 modifications)
2025-12-20 13:00:27.653 INFO  [Thread-7] o.a.coyote.http11.Http11NioProtocol - Stopping ProtocolHandler ["http-nio-0.0.0.0-8081"]
2025-12-20 13:00:27.748 INFO  [restartedMain] c.e.nproject.NprojectApplication - Starting NprojectApplication using Java 17.0.12 with PID 19044 (C:\Dev_antigravity_git\meta_system\nproject\target\classes started by jkljkl in C:\Dev_antigravity_git\meta_system\nproject)
2025-12-20 13:00:27.748 DEBUG [restartedMain] c.e.nproject.NprojectApplication - Running with Spring Boot v3.2.0, Spring v6.1.1
2025-12-20 13:00:27.749 INFO  [restartedMain] c.e.nproject.NprojectApplication - No active profile set, falling back to 1 default profile: "default"
2025-12-20 13:00:27.940 INFO  [main] c.e.n.NprojectApplicationTests - Starting NprojectApplicationTests using Java 17.0.12 with PID 2064 (started by jkljkl in C:\Dev_antigravity_git\meta_system\nproject)
2025-12-20 13:00:27.942 DEBUG [main] c.e.n.NprojectApplicationTests - Running with Spring Boot v3.2.0, Spring v6.1.1
2025-12-20 13:00:27.943 INFO  [main] c.e.n.NprojectApplicationTests - No active profile set, falling back to 1 default profile: "default"
2025-12-20 13:00:27.974 DEBUG [main] o.s.w.c.s.GenericWebApplicationContext - Refreshing org.springframework.web.context.support.GenericWebApplicationContext@4ee33af7
2025-12-20 13:00:27.988 INFO  [restartedMain] o.s.b.w.e.tomcat.TomcatWebServer - Tomcat initialized with port 8081 (http)
2025-12-20 13:00:27.989 INFO  [restartedMain] o.a.coyote.http11.Http11NioProtocol - Initializing ProtocolHandler ["http-nio-0.0.0.0-8081"]
2025-12-20 13:00:27.989 INFO  [restartedMain] o.a.catalina.core.StandardService - Starting service [Tomcat]
2025-12-20 13:00:27.990 INFO  [restartedMain] o.a.catalina.core.StandardEngine - Starting Servlet engine: [Apache Tomcat/10.1.16]
2025-12-20 13:00:28.015 INFO  [restartedMain] o.a.c.c.C.[Tomcat].[localhost].[/] - Initializing Spring embedded WebApplicationContext
2025-12-20 13:00:28.015 INFO  [restartedMain] o.s.b.w.s.c.ServletWebServerApplicationContext - Root WebApplicationContext: initialization completed in 265 ms
2025-12-20 13:00:28.149 DEBUG [restartedMain] o.s.w.s.m.m.a.RequestMappingHandlerMapping - 12 mappings in 'requestMappingHandlerMapping'
2025-12-20 13:00:28.197 DEBUG [restartedMain] o.s.w.s.h.SimpleUrlHandlerMapping - Patterns [/webjars/**, /**] in 'resourceHandlerMapping'
2025-12-20 13:00:28.208 DEBUG [restartedMain] o.s.w.s.m.m.a.RequestMappingHandlerAdapter - ControllerAdvice beans: 0 @ModelAttribute, 0 @InitBinder, 1 RequestBodyAdvice, 1 ResponseBodyAdvice
2025-12-20 13:00:28.235 DEBUG [restartedMain] o.s.w.s.m.m.a.ExceptionHandlerExceptionResolver - ControllerAdvice beans: 0 @ExceptionHandler, 1 ResponseBodyAdvice
2025-12-20 13:00:28.290 INFO  [restartedMain] o.s.b.d.a.OptionalLiveReloadServer - LiveReload server is running on port 35729
2025-12-20 13:00:28.309 INFO  [restartedMain] o.a.coyote.http11.Http11NioProtocol - Starting ProtocolHandler ["http-nio-0.0.0.0-8081"]
2025-12-20 13:00:28.314 INFO  [restartedMain] o.s.b.w.e.tomcat.TomcatWebServer - Tomcat started on port 8081 (http) with context path ''
2025-12-20 13:00:28.319 INFO  [restartedMain] c.e.nproject.NprojectApplication - Started NprojectApplication in 0.603 seconds (process running for 14.758)
2025-12-20 13:00:28.321 INFO  [restartedMain] o.s.b.d.a.ConditionEvaluationDeltaLoggingListener - Condition evaluation unchanged
2025-12-20 13:00:28.869 DEBUG [main] o.apache.ibatis.logging.LogFactory - Logging initialized using 'class org.apache.ibatis.logging.slf4j.Slf4jImpl' adapter.
2025-12-20 13:00:29.553 DEBUG [main] o.s.w.s.m.m.a.RequestMappingHandlerMapping - 12 mappings in 'requestMappingHandlerMapping'
2025-12-20 13:00:29.624 DEBUG [main] o.s.w.s.h.SimpleUrlHandlerMapping - Patterns [/webjars/**, /**] in 'resourceHandlerMapping'
2025-12-20 13:00:29.654 DEBUG [main] o.s.w.s.m.m.a.RequestMappingHandlerAdapter - ControllerAdvice beans: 0 @ModelAttribute, 0 @InitBinder, 1 RequestBodyAdvice, 1 ResponseBodyAdvice
2025-12-20 13:00:29.687 DEBUG [main] o.s.w.s.m.m.a.ExceptionHandlerExceptionResolver - ControllerAdvice beans: 0 @ExceptionHandler, 1 ResponseBodyAdvice
2025-12-20 13:00:29.821 INFO  [main] c.e.n.NprojectApplicationTests - Started NprojectApplicationTests in 2.29 seconds (process running for 3.161)
2025-12-20 13:00:30.832 DEBUG [SpringApplicationShutdownHook] o.s.w.c.s.GenericWebApplicationContext - Closing org.springframework.web.context.support.GenericWebApplicationContext@4ee33af7, started on Sat Dec 20 13:00:27 KST 2025
2025-12-20 13:00:35.241 INFO  [RMI TCP Connection(8)-127.0.0.1] o.s.b.a.SpringApplicationAdminMXBeanRegistrar$SpringApplicationAdmin - Application shutdown requested.
2025-12-20 13:00:35.241 INFO  [RMI TCP Connection(8)-127.0.0.1] o.a.coyote.http11.Http11NioProtocol - Stopping ProtocolHandler ["http-nio-0.0.0.0-8081"]
2025-12-20 13:00:37.007 INFO  [restartedMain] c.e.nproject.NprojectApplication - Starting NprojectApplication using Java 17.0.12 with PID 18632 (C:\Dev_antigravity_git\meta_system\nproject\target\classes started by jkljkl in C:\Dev_antigravity_git\meta_system\nproject)
2025-12-20 13:00:37.009 DEBUG [restartedMain] c.e.nproject.NprojectApplication - Running with Spring Boot v3.2.0, Spring v6.1.1
2025-12-20 13:00:37.009 INFO  [restartedMain] c.e.nproject.NprojectApplication - No active profile set, falling back to 1 default profile: "default"
2025-12-20 13:00:37.049 INFO  [restartedMain] o.s.b.d.e.DevToolsPropertyDefaultsPostProcessor - Devtools property defaults active! Set 'spring.devtools.add-properties' to 'false' to disable
2025-12-20 13:00:37.050 INFO  [restartedMain] o.s.b.d.e.DevToolsPropertyDefaultsPostProcessor - For additional web related logging consider setting the 'logging.level.web' property to 'DEBUG'
2025-12-20 13:00:37.587 DEBUG [restartedMain] o.apache.ibatis.logging.LogFactory - Logging initialized using 'class org.apache.ibatis.logging.slf4j.Slf4jImpl' adapter.
2025-12-20 13:00:37.903 INFO  [restartedMain] o.s.b.w.e.tomcat.TomcatWebServer - Tomcat initialized with port 8081 (http)
2025-12-20 13:00:37.910 INFO  [restartedMain] o.a.coyote.http11.Http11NioProtocol - Initializing ProtocolHandler ["http-nio-0.0.0.0-8081"]
2025-12-20 13:00:37.910 INFO  [restartedMain] o.a.catalina.core.StandardService - Starting service [Tomcat]
2025-12-20 13:00:37.911 INFO  [restartedMain] o.a.catalina.core.StandardEngine - Starting Servlet engine: [Apache Tomcat/10.1.16]
2025-12-20 13:00:37.956 INFO  [restartedMain] o.a.c.c.C.[Tomcat].[localhost].[/] - Initializing Spring embedded WebApplicationContext
2025-12-20 13:00:37.956 INFO  [restartedMain] o.s.b.w.s.c.ServletWebServerApplicationContext - Root WebApplicationContext: initialization completed in 906 ms
2025-12-20 13:00:38.293 DEBUG [restartedMain] o.s.w.s.m.m.a.RequestMappingHandlerMapping - 12 mappings in 'requestMappingHandlerMapping'
2025-12-20 13:00:38.342 DEBUG [restartedMain] o.s.w.s.h.SimpleUrlHandlerMapping - Patterns [/webjars/**, /**] in 'resourceHandlerMapping'
2025-12-20 13:00:38.363 DEBUG [restartedMain] o.s.w.s.m.m.a.RequestMappingHandlerAdapter - ControllerAdvice beans: 0 @ModelAttribute, 0 @InitBinder, 1 RequestBodyAdvice, 1 ResponseBodyAdvice
2025-12-20 13:00:38.389 DEBUG [restartedMain] o.s.w.s.m.m.a.ExceptionHandlerExceptionResolver - ControllerAdvice beans: 0 @ExceptionHandler, 1 ResponseBodyAdvice
2025-12-20 13:00:38.482 INFO  [restartedMain] o.s.b.d.a.OptionalLiveReloadServer - LiveReload server is running on port 35729
2025-12-20 13:00:38.499 INFO  [restartedMain] o.a.coyote.http11.Http11NioProtocol - Starting ProtocolHandler ["http-nio-0.0.0.0-8081"]
2025-12-20 13:00:38.515 INFO  [restartedMain] o.s.b.w.e.tomcat.TomcatWebServer - Tomcat started on port 8081 (http) with context path ''
2025-12-20 13:00:38.523 INFO  [restartedMain] c.e.nproject.NprojectApplication - Started NprojectApplication in 1.88 seconds (process running for 2.369)
2025-12-20 13:00:48.676 INFO  [http-nio-0.0.0.0-8081-exec-1] o.a.c.c.C.[Tomcat].[localhost].[/] - Initializing Spring DispatcherServlet 'dispatcherServlet'
2025-12-20 13:00:48.676 INFO  [http-nio-0.0.0.0-8081-exec-1] o.s.web.servlet.DispatcherServlet - Initializing Servlet 'dispatcherServlet'
2025-12-20 13:00:48.676 DEBUG [http-nio-0.0.0.0-8081-exec-1] o.s.web.servlet.DispatcherServlet - Detected StandardServletMultipartResolver
2025-12-20 13:00:48.676 DEBUG [http-nio-0.0.0.0-8081-exec-1] o.s.web.servlet.DispatcherServlet - Detected AcceptHeaderLocaleResolver
2025-12-20 13:00:48.676 DEBUG [http-nio-0.0.0.0-8081-exec-1] o.s.web.servlet.DispatcherServlet - Detected FixedThemeResolver
2025-12-20 13:00:48.677 DEBUG [http-nio-0.0.0.0-8081-exec-1] o.s.web.servlet.DispatcherServlet - Detected org.springframework.web.servlet.view.DefaultRequestToViewNameTranslator@4fb73ddb
2025-12-20 13:00:48.678 DEBUG [http-nio-0.0.0.0-8081-exec-1] o.s.web.servlet.DispatcherServlet - Detected org.springframework.web.servlet.support.SessionFlashMapManager@29c4b0f6
2025-12-20 13:00:48.678 DEBUG [http-nio-0.0.0.0-8081-exec-1] o.s.web.servlet.DispatcherServlet - enableLoggingRequestDetails='false': request parameters and headers will be masked to prevent unsafe logging of potentially sensitive data
2025-12-20 13:00:48.678 INFO  [http-nio-0.0.0.0-8081-exec-1] o.s.web.servlet.DispatcherServlet - Completed initialization in 2 ms
2025-12-20 13:00:48.685 DEBUG [http-nio-0.0.0.0-8081-exec-1] o.s.web.servlet.DispatcherServlet - GET "/std-word/list", parameters={}
2025-12-20 13:00:48.695 DEBUG [http-nio-0.0.0.0-8081-exec-1] o.s.w.s.m.m.a.RequestMappingHandlerMapping - Mapped to com.example.nproject.controller.MetaStdWordController#list(MetaStdWordDto, Model)
2025-12-20 13:00:48.742 DEBUG [http-nio-0.0.0.0-8081-exec-1] o.s.jdbc.datasource.DataSourceUtils - Fetching JDBC Connection from DataSource
2025-12-20 13:00:48.742 INFO  [http-nio-0.0.0.0-8081-exec-1] com.zaxxer.hikari.HikariDataSource - HikariPool-1 - Starting...
2025-12-20 13:00:49.803 ERROR [http-nio-0.0.0.0-8081-exec-1] com.zaxxer.hikari.pool.HikariPool - HikariPool-1 - Exception during pool initialization.
org.postgresql.util.PSQLException: The connection attempt failed.
	at org.postgresql.core.v3.ConnectionFactoryImpl.openConnectionImpl(ConnectionFactoryImpl.java:354)
	at org.postgresql.core.ConnectionFactory.openConnection(ConnectionFactory.java:54)
	at org.postgresql.jdbc.PgConnection.<init>(PgConnection.java:263)
	at org.postgresql.Driver.makeConnection(Driver.java:443)
	at org.postgresql.Driver.connect(Driver.java:297)
	at com.zaxxer.hikari.util.DriverDataSource.getConnection(DriverDataSource.java:138)
	at com.zaxxer.hikari.pool.PoolBase.newConnection(PoolBase.java:359)
	at com.zaxxer.hikari.pool.PoolBase.newPoolEntry(PoolBase.java:201)
	at com.zaxxer.hikari.pool.HikariPool.createPoolEntry(HikariPool.java:470)
	at com.zaxxer.hikari.pool.HikariPool.checkFailFast(HikariPool.java:561)
	at com.zaxxer.hikari.pool.HikariPool.<init>(HikariPool.java:100)
	at com.zaxxer.hikari.HikariDataSource.getConnection(HikariDataSource.java:112)
	at org.springframework.jdbc.datasource.DataSourceUtils.fetchConnection(DataSourceUtils.java:160)
	at org.springframework.jdbc.datasource.DataSourceUtils.doGetConnection(DataSourceUtils.java:118)
	at org.springframework.jdbc.datasource.DataSourceUtils.getConnection(DataSourceUtils.java:81)
	at org.mybatis.spring.transaction.SpringManagedTransaction.openConnection(SpringManagedTransaction.java:80)
	at org.mybatis.spring.transaction.SpringManagedTransaction.getConnection(SpringManagedTransaction.java:67)
	at org.apache.ibatis.executor.BaseExecutor.getConnection(BaseExecutor.java:348)
	at org.apache.ibatis.executor.SimpleExecutor.prepareStatement(SimpleExecutor.java:89)
	at org.apache.ibatis.executor.SimpleExecutor.doQuery(SimpleExecutor.java:64)
	at org.apache.ibatis.executor.BaseExecutor.queryFromDatabase(BaseExecutor.java:336)
	at org.apache.ibatis.executor.BaseExecutor.query(BaseExecutor.java:158)
	at org.apache.ibatis.executor.CachingExecutor.query(CachingExecutor.java:110)
	at org.apache.ibatis.executor.CachingExecutor.query(CachingExecutor.java:90)
	at org.apache.ibatis.session.defaults.DefaultSqlSession.selectList(DefaultSqlSession.java:154)
	at org.apache.ibatis.session.defaults.DefaultSqlSession.selectList(DefaultSqlSession.java:147)
	at org.apache.ibatis.session.defaults.DefaultSqlSession.selectList(DefaultSqlSession.java:142)
	at java.base/jdk.internal.reflect.NativeMethodAccessorImpl.invoke0(Native Method)
	at java.base/jdk.internal.reflect.NativeMethodAccessorImpl.invoke(NativeMethodAccessorImpl.java:77)
	at java.base/jdk.internal.reflect.DelegatingMethodAccessorImpl.invoke(DelegatingMethodAccessorImpl.java:43)
	at java.base/java.lang.reflect.Method.invoke(Method.java:568)
	at org.mybatis.spring.SqlSessionTemplate$SqlSessionInterceptor.invoke(SqlSessionTemplate.java:425)
	at jdk.proxy2/jdk.proxy2.$Proxy67.selectList(Unknown Source)
	at org.mybatis.spring.SqlSessionTemplate.selectList(SqlSessionTemplate.java:224)
	at org.apache.ibatis.binding.MapperMethod.executeForMany(MapperMethod.java:147)
	at org.apache.ibatis.binding.MapperMethod.execute(MapperMethod.java:80)
	at org.apache.ibatis.binding.MapperProxy$PlainMethodInvoker.invoke(MapperProxy.java:141)
	at org.apache.ibatis.binding.MapperProxy.invoke(MapperProxy.java:86)
	at jdk.proxy3/jdk.proxy3.$Proxy68.selectStdWordList(Unknown Source)
	at com.example.nproject.service.MetaStdWordService.getStdWordList(MetaStdWordService.java:21)
	at com.example.nproject.controller.MetaStdWordController.list(MetaStdWordController.java:31)
	at java.base/jdk.internal.reflect.NativeMethodAccessorImpl.invoke0(Native Method)
	at java.base/jdk.internal.reflect.NativeMethodAccessorImpl.invoke(NativeMethodAccessorImpl.java:77)
	at java.base/jdk.internal.reflect.DelegatingMethodAccessorImpl.invoke(DelegatingMethodAccessorImpl.java:43)
	at java.base/java.lang.reflect.Method.invoke(Method.java:568)
	at org.springframework.web.method.support.InvocableHandlerMethod.doInvoke(InvocableHandlerMethod.java:254)
	at org.springframework.web.method.support.InvocableHandlerMethod.invokeForRequest(InvocableHandlerMethod.java:182)
	at org.springframework.web.servlet.mvc.method.annotation.ServletInvocableHandlerMethod.invokeAndHandle(ServletInvocableHandlerMethod.java:118)
	at org.springframework.web.servlet.mvc.method.annotation.RequestMappingHandlerAdapter.invokeHandlerMethod(RequestMappingHandlerAdapter.java:917)
	at org.springframework.web.servlet.mvc.method.annotation.RequestMappingHandlerAdapter.handleInternal(RequestMappingHandlerAdapter.java:829)
	at org.springframework.web.servlet.mvc.method.AbstractHandlerMethodAdapter.handle(AbstractHandlerMethodAdapter.java:87)
	at org.springframework.web.servlet.DispatcherServlet.doDispatch(DispatcherServlet.java:1089)
	at org.springframework.web.servlet.DispatcherServlet.doService(DispatcherServlet.java:979)
	at org.springframework.web.servlet.FrameworkServlet.processRequest(FrameworkServlet.java:1014)
	at org.springframework.web.servlet.FrameworkServlet.doGet(FrameworkServlet.java:903)
	at jakarta.servlet.http.HttpServlet.service(HttpServlet.java:564)
	at org.springframework.web.servlet.FrameworkServlet.service(FrameworkServlet.java:885)
	at jakarta.servlet.http.HttpServlet.service(HttpServlet.java:658)
	at org.apache.catalina.core.ApplicationFilterChain.internalDoFilter(ApplicationFilterChain.java:205)
	at org.apache.catalina.core.ApplicationFilterChain.doFilter(ApplicationFilterChain.java:149)
	at org.apache.tomcat.websocket.server.WsFilter.doFilter(WsFilter.java:51)
	at org.apache.catalina.core.ApplicationFilterChain.internalDoFilter(ApplicationFilterChain.java:174)
	at org.apache.catalina.core.ApplicationFilterChain.doFilter(ApplicationFilterChain.java:149)
	at org.springframework.web.filter.RequestContextFilter.doFilterInternal(RequestContextFilter.java:100)
	at org.springframework.web.filter.OncePerRequestFilter.doFilter(OncePerRequestFilter.java:116)
	at org.apache.catalina.core.ApplicationFilterChain.internalDoFilter(ApplicationFilterChain.java:174)
	at org.apache.catalina.core.ApplicationFilterChain.doFilter(ApplicationFilterChain.java:149)
	at org.springframework.web.filter.FormContentFilter.doFilterInternal(FormContentFilter.java:93)
	at org.springframework.web.filter.OncePerRequestFilter.doFilter(OncePerRequestFilter.java:116)
	at org.apache.catalina.core.ApplicationFilterChain.internalDoFilter(ApplicationFilterChain.java:174)
	at org.apache.catalina.core.ApplicationFilterChain.doFilter(ApplicationFilterChain.java:149)
	at org.springframework.web.filter.CharacterEncodingFilter.doFilterInternal(CharacterEncodingFilter.java:201)
	at org.springframework.web.filter.OncePerRequestFilter.doFilter(OncePerRequestFilter.java:116)
	at org.apache.catalina.core.ApplicationFilterChain.internalDoFilter(ApplicationFilterChain.java:174)
	at org.apache.catalina.core.ApplicationFilterChain.doFilter(ApplicationFilterChain.java:149)
	at org.apache.catalina.core.StandardWrapperValve.invoke(StandardWrapperValve.java:167)
	at org.apache.catalina.core.StandardContextValve.invoke(StandardContextValve.java:90)
	at org.apache.catalina.authenticator.AuthenticatorBase.invoke(AuthenticatorBase.java:482)
	at org.apache.catalina.core.StandardHostValve.invoke(StandardHostValve.java:115)
	at org.apache.catalina.valves.ErrorReportValve.invoke(ErrorReportValve.java:93)
	at org.apache.catalina.core.StandardEngineValve.invoke(StandardEngineValve.java:74)
	at org.apache.catalina.connector.CoyoteAdapter.service(CoyoteAdapter.java:340)
	at org.apache.coyote.http11.Http11Processor.service(Http11Processor.java:391)
	at org.apache.coyote.AbstractProcessorLight.process(AbstractProcessorLight.java:63)
	at org.apache.coyote.AbstractProtocol$ConnectionHandler.process(AbstractProtocol.java:896)
	at org.apache.tomcat.util.net.NioEndpoint$SocketProcessor.doRun(NioEndpoint.java:1744)
	at org.apache.tomcat.util.net.SocketProcessorBase.run(SocketProcessorBase.java:52)
	at org.apache.tomcat.util.threads.ThreadPoolExecutor.runWorker(ThreadPoolExecutor.java:1191)
	at org.apache.tomcat.util.threads.ThreadPoolExecutor$Worker.run(ThreadPoolExecutor.java:659)
	at org.apache.tomcat.util.threads.TaskThread$WrappingRunnable.run(TaskThread.java:61)
	at java.base/java.lang.Thread.run(Thread.java:842)
Caused by: java.net.UnknownHostException: ytxqvxinvkzrxwzpyhzu.pooler.supabase.com
	at java.base/sun.nio.ch.NioSocketImpl.connect(NioSocketImpl.java:572)
	at java.base/java.net.SocksSocketImpl.connect(SocksSocketImpl.java:327)
	at java.base/java.net.Socket.connect(Socket.java:633)
	at org.postgresql.core.PGStream.createSocket(PGStream.java:243)
	at org.postgresql.core.PGStream.<init>(PGStream.java:98)
	at org.postgresql.core.v3.ConnectionFactoryImpl.tryConnect(ConnectionFactoryImpl.java:132)
	at org.postgresql.core.v3.ConnectionFactoryImpl.openConnectionImpl(ConnectionFactoryImpl.java:258)
	... 90 common frames omitted
2025-12-20 13:00:49.812 DEBUG [http-nio-0.0.0.0-8081-exec-1] o.s.web.servlet.DispatcherServlet - Failed to complete request: org.mybatis.spring.MyBatisSystemException
2025-12-20 13:00:49.812 ERROR [http-nio-0.0.0.0-8081-exec-1] o.a.c.c.C.[.[.[.[dispatcherServlet] - Servlet.service() for servlet [dispatcherServlet] in context with path [] threw exception [Request processing failed: org.mybatis.spring.MyBatisSystemException] with root cause
java.net.UnknownHostException: ytxqvxinvkzrxwzpyhzu.pooler.supabase.com
	at java.base/sun.nio.ch.NioSocketImpl.connect(NioSocketImpl.java:572)
	at java.base/java.net.SocksSocketImpl.connect(SocksSocketImpl.java:327)
	at java.base/java.net.Socket.connect(Socket.java:633)
	at org.postgresql.core.PGStream.createSocket(PGStream.java:243)
	at org.postgresql.core.PGStream.<init>(PGStream.java:98)
	at org.postgresql.core.v3.ConnectionFactoryImpl.tryConnect(ConnectionFactoryImpl.java:132)
	at org.postgresql.core.v3.ConnectionFactoryImpl.openConnectionImpl(ConnectionFactoryImpl.java:258)
	at org.postgresql.core.ConnectionFactory.openConnection(ConnectionFactory.java:54)
	at org.postgresql.jdbc.PgConnection.<init>(PgConnection.java:263)
	at org.postgresql.Driver.makeConnection(Driver.java:443)
	at org.postgresql.Driver.connect(Driver.java:297)
	at com.zaxxer.hikari.util.DriverDataSource.getConnection(DriverDataSource.java:138)
	at com.zaxxer.hikari.pool.PoolBase.newConnection(PoolBase.java:359)
	at com.zaxxer.hikari.pool.PoolBase.newPoolEntry(PoolBase.java:201)
	at com.zaxxer.hikari.pool.HikariPool.createPoolEntry(HikariPool.java:470)
	at com.zaxxer.hikari.pool.HikariPool.checkFailFast(HikariPool.java:561)
	at com.zaxxer.hikari.pool.HikariPool.<init>(HikariPool.java:100)
	at com.zaxxer.hikari.HikariDataSource.getConnection(HikariDataSource.java:112)
	at org.springframework.jdbc.datasource.DataSourceUtils.fetchConnection(DataSourceUtils.java:160)
	at org.springframework.jdbc.datasource.DataSourceUtils.doGetConnection(DataSourceUtils.java:118)
	at org.springframework.jdbc.datasource.DataSourceUtils.getConnection(DataSourceUtils.java:81)
	at org.mybatis.spring.transaction.SpringManagedTransaction.openConnection(SpringManagedTransaction.java:80)
	at org.mybatis.spring.transaction.SpringManagedTransaction.getConnection(SpringManagedTransaction.java:67)
	at org.apache.ibatis.executor.BaseExecutor.getConnection(BaseExecutor.java:348)
	at org.apache.ibatis.executor.SimpleExecutor.prepareStatement(SimpleExecutor.java:89)
	at org.apache.ibatis.executor.SimpleExecutor.doQuery(SimpleExecutor.java:64)
	at org.apache.ibatis.executor.BaseExecutor.queryFromDatabase(BaseExecutor.java:336)
	at org.apache.ibatis.executor.BaseExecutor.query(BaseExecutor.java:158)
	at org.apache.ibatis.executor.CachingExecutor.query(CachingExecutor.java:110)
	at org.apache.ibatis.executor.CachingExecutor.query(CachingExecutor.java:90)
	at org.apache.ibatis.session.defaults.DefaultSqlSession.selectList(DefaultSqlSession.java:154)
	at org.apache.ibatis.session.defaults.DefaultSqlSession.selectList(DefaultSqlSession.java:147)
	at org.apache.ibatis.session.defaults.DefaultSqlSession.selectList(DefaultSqlSession.java:142)
	at java.base/jdk.internal.reflect.NativeMethodAccessorImpl.invoke0(Native Method)
	at java.base/jdk.internal.reflect.NativeMethodAccessorImpl.invoke(NativeMethodAccessorImpl.java:77)
	at java.base/jdk.internal.reflect.DelegatingMethodAccessorImpl.invoke(DelegatingMethodAccessorImpl.java:43)
	at java.base/java.lang.reflect.Method.invoke(Method.java:568)
	at org.mybatis.spring.SqlSessionTemplate$SqlSessionInterceptor.invoke(SqlSessionTemplate.java:425)
	at jdk.proxy2/jdk.proxy2.$Proxy67.selectList(Unknown Source)
	at org.mybatis.spring.SqlSessionTemplate.selectList(SqlSessionTemplate.java:224)
	at org.apache.ibatis.binding.MapperMethod.executeForMany(MapperMethod.java:147)
	at org.apache.ibatis.binding.MapperMethod.execute(MapperMethod.java:80)
	at org.apache.ibatis.binding.MapperProxy$PlainMethodInvoker.invoke(MapperProxy.java:141)
	at org.apache.ibatis.binding.MapperProxy.invoke(MapperProxy.java:86)
	at jdk.proxy3/jdk.proxy3.$Proxy68.selectStdWordList(Unknown Source)
	at com.example.nproject.service.MetaStdWordService.getStdWordList(MetaStdWordService.java:21)
	at com.example.nproject.controller.MetaStdWordController.list(MetaStdWordController.java:31)
	at java.base/jdk.internal.reflect.NativeMethodAccessorImpl.invoke0(Native Method)
	at java.base/jdk.internal.reflect.NativeMethodAccessorImpl.invoke(NativeMethodAccessorImpl.java:77)
	at java.base/jdk.internal.reflect.DelegatingMethodAccessorImpl.invoke(DelegatingMethodAccessorImpl.java:43)
	at java.base/java.lang.reflect.Method.invoke(Method.java:568)
	at org.springframework.web.method.support.InvocableHandlerMethod.doInvoke(InvocableHandlerMethod.java:254)
	at org.springframework.web.method.support.InvocableHandlerMethod.invokeForRequest(InvocableHandlerMethod.java:182)
	at org.springframework.web.servlet.mvc.method.annotation.ServletInvocableHandlerMethod.invokeAndHandle(ServletInvocableHandlerMethod.java:118)
	at org.springframework.web.servlet.mvc.method.annotation.RequestMappingHandlerAdapter.invokeHandlerMethod(RequestMappingHandlerAdapter.java:917)
	at org.springframework.web.servlet.mvc.method.annotation.RequestMappingHandlerAdapter.handleInternal(RequestMappingHandlerAdapter.java:829)
	at org.springframework.web.servlet.mvc.method.AbstractHandlerMethodAdapter.handle(AbstractHandlerMethodAdapter.java:87)
	at org.springframework.web.servlet.DispatcherServlet.doDispatch(DispatcherServlet.java:1089)
	at org.springframework.web.servlet.DispatcherServlet.doService(DispatcherServlet.java:979)
	at org.springframework.web.servlet.FrameworkServlet.processRequest(FrameworkServlet.java:1014)
	at org.springframework.web.servlet.FrameworkServlet.doGet(FrameworkServlet.java:903)
	at jakarta.servlet.http.HttpServlet.service(HttpServlet.java:564)
	at org.springframework.web.servlet.FrameworkServlet.service(FrameworkServlet.java:885)
	at jakarta.servlet.http.HttpServlet.service(HttpServlet.java:658)
	at org.apache.catalina.core.ApplicationFilterChain.internalDoFilter(ApplicationFilterChain.java:205)
	at org.apache.catalina.core.ApplicationFilterChain.doFilter(ApplicationFilterChain.java:149)
	at org.apache.tomcat.websocket.server.WsFilter.doFilter(WsFilter.java:51)
	at org.apache.catalina.core.ApplicationFilterChain.internalDoFilter(ApplicationFilterChain.java:174)
	at org.apache.catalina.core.ApplicationFilterChain.doFilter(ApplicationFilterChain.java:149)
	at org.springframework.web.filter.RequestContextFilter.doFilterInternal(RequestContextFilter.java:100)
	at org.springframework.web.filter.OncePerRequestFilter.doFilter(OncePerRequestFilter.java:116)
	at org.apache.catalina.core.ApplicationFilterChain.internalDoFilter(ApplicationFilterChain.java:174)
	at org.apache.catalina.core.ApplicationFilterChain.doFilter(ApplicationFilterChain.java:149)
	at org.springframework.web.filter.FormContentFilter.doFilterInternal(FormContentFilter.java:93)
	at org.springframework.web.filter.OncePerRequestFilter.doFilter(OncePerRequestFilter.java:116)
	at org.apache.catalina.core.ApplicationFilterChain.internalDoFilter(ApplicationFilterChain.java:174)
	at org.apache.catalina.core.ApplicationFilterChain.doFilter(ApplicationFilterChain.java:149)
	at org.springframework.web.filter.CharacterEncodingFilter.doFilterInternal(CharacterEncodingFilter.java:201)
	at org.springframework.web.filter.OncePerRequestFilter.doFilter(OncePerRequestFilter.java:116)
	at org.apache.catalina.core.ApplicationFilterChain.internalDoFilter(ApplicationFilterChain.java:174)
	at org.apache.catalina.core.ApplicationFilterChain.doFilter(ApplicationFilterChain.java:149)
	at org.apache.catalina.core.StandardWrapperValve.invoke(StandardWrapperValve.java:167)
	at org.apache.catalina.core.StandardContextValve.invoke(StandardContextValve.java:90)
	at org.apache.catalina.authenticator.AuthenticatorBase.invoke(AuthenticatorBase.java:482)
	at org.apache.catalina.core.StandardHostValve.invoke(StandardHostValve.java:115)
	at org.apache.catalina.valves.ErrorReportValve.invoke(ErrorReportValve.java:93)
	at org.apache.catalina.core.StandardEngineValve.invoke(StandardEngineValve.java:74)
	at org.apache.catalina.connector.CoyoteAdapter.service(CoyoteAdapter.java:340)
	at org.apache.coyote.http11.Http11Processor.service(Http11Processor.java:391)
	at org.apache.coyote.AbstractProcessorLight.process(AbstractProcessorLight.java:63)
	at org.apache.coyote.AbstractProtocol$ConnectionHandler.process(AbstractProtocol.java:896)
	at org.apache.tomcat.util.net.NioEndpoint$SocketProcessor.doRun(NioEndpoint.java:1744)
	at org.apache.tomcat.util.net.SocketProcessorBase.run(SocketProcessorBase.java:52)
	at org.apache.tomcat.util.threads.ThreadPoolExecutor.runWorker(ThreadPoolExecutor.java:1191)
	at org.apache.tomcat.util.threads.ThreadPoolExecutor$Worker.run(ThreadPoolExecutor.java:659)
	at org.apache.tomcat.util.threads.TaskThread$WrappingRunnable.run(TaskThread.java:61)
	at java.base/java.lang.Thread.run(Thread.java:842)
2025-12-20 13:00:49.817 DEBUG [http-nio-0.0.0.0-8081-exec-1] o.s.web.servlet.DispatcherServlet - "ERROR" dispatch for GET "/error", parameters={}
2025-12-20 13:00:49.819 DEBUG [http-nio-0.0.0.0-8081-exec-1] o.s.w.s.m.m.a.RequestMappingHandlerMapping - Mapped to org.springframework.boot.autoconfigure.web.servlet.error.BasicErrorController#errorHtml(HttpServletRequest, HttpServletResponse)
2025-12-20 13:00:49.833 DEBUG [http-nio-0.0.0.0-8081-exec-1] o.s.w.s.v.ContentNegotiatingViewResolver - Selected 'text/html' given [text/html, text/html;q=0.8]
2025-12-20 13:00:49.838 DEBUG [http-nio-0.0.0.0-8081-exec-1] o.s.web.servlet.DispatcherServlet - Exiting from "ERROR" dispatch, status 500
2025-12-20 13:02:48.859 INFO  [File Watcher] o.s.b.d.a.LocalDevToolsAutoConfiguration$RestartingClassPathChangeChangedEventListener - Restarting due to 1 class path change (0 additions, 0 deletions, 1 modification)
2025-12-20 13:02:48.864 INFO  [Thread-5] o.a.coyote.http11.Http11NioProtocol - Stopping ProtocolHandler ["http-nio-0.0.0.0-8081"]
2025-12-20 13:02:48.933 INFO  [restartedMain] c.e.nproject.NprojectApplication - Starting NprojectApplication using Java 17.0.12 with PID 18632 (C:\Dev_antigravity_git\meta_system\nproject\target\classes started by jkljkl in C:\Dev_antigravity_git\meta_system\nproject)
2025-12-20 13:02:48.933 DEBUG [restartedMain] c.e.nproject.NprojectApplication - Running with Spring Boot v3.2.0, Spring v6.1.1
2025-12-20 13:02:48.933 INFO  [restartedMain] c.e.nproject.NprojectApplication - No active profile set, falling back to 1 default profile: "default"
2025-12-20 13:02:49.162 INFO  [restartedMain] o.s.b.w.e.tomcat.TomcatWebServer - Tomcat initialized with port 8081 (http)
2025-12-20 13:02:49.163 INFO  [restartedMain] o.a.coyote.http11.Http11NioProtocol - Initializing ProtocolHandler ["http-nio-0.0.0.0-8081"]
2025-12-20 13:02:49.163 INFO  [restartedMain] o.a.catalina.core.StandardService - Starting service [Tomcat]
2025-12-20 13:02:49.163 INFO  [restartedMain] o.a.catalina.core.StandardEngine - Starting Servlet engine: [Apache Tomcat/10.1.16]
2025-12-20 13:02:49.181 INFO  [restartedMain] o.a.c.c.C.[Tomcat].[localhost].[/] - Initializing Spring embedded WebApplicationContext
2025-12-20 13:02:49.182 INFO  [restartedMain] o.s.b.w.s.c.ServletWebServerApplicationContext - Root WebApplicationContext: initialization completed in 248 ms
2025-12-20 13:02:49.271 DEBUG [restartedMain] o.s.w.s.m.m.a.RequestMappingHandlerMapping - 12 mappings in 'requestMappingHandlerMapping'
2025-12-20 13:02:49.295 DEBUG [restartedMain] o.s.w.s.h.SimpleUrlHandlerMapping - Patterns [/webjars/**, /**] in 'resourceHandlerMapping'
2025-12-20 13:02:49.302 DEBUG [restartedMain] o.s.w.s.m.m.a.RequestMappingHandlerAdapter - ControllerAdvice beans: 0 @ModelAttribute, 0 @InitBinder, 1 RequestBodyAdvice, 1 ResponseBodyAdvice
2025-12-20 13:02:49.304 DEBUG [restartedMain] o.s.w.s.m.m.a.ExceptionHandlerExceptionResolver - ControllerAdvice beans: 0 @ExceptionHandler, 1 ResponseBodyAdvice
2025-12-20 13:02:49.328 INFO  [restartedMain] o.s.b.d.a.OptionalLiveReloadServer - LiveReload server is running on port 35729
2025-12-20 13:02:49.334 INFO  [restartedMain] o.a.coyote.http11.Http11NioProtocol - Starting ProtocolHandler ["http-nio-0.0.0.0-8081"]
2025-12-20 13:02:49.338 INFO  [restartedMain] o.s.b.w.e.tomcat.TomcatWebServer - Tomcat started on port 8081 (http) with context path ''
2025-12-20 13:02:49.344 INFO  [restartedMain] c.e.nproject.NprojectApplication - Started NprojectApplication in 0.432 seconds (process running for 133.189)
2025-12-20 13:02:49.346 INFO  [restartedMain] o.s.b.d.a.ConditionEvaluationDeltaLoggingListener - Condition evaluation unchanged
2025-12-20 13:02:54.061 INFO  [RMI TCP Connection(13)-127.0.0.1] o.s.b.a.SpringApplicationAdminMXBeanRegistrar$SpringApplicationAdmin - Application shutdown requested.
2025-12-20 13:02:54.062 INFO  [RMI TCP Connection(13)-127.0.0.1] o.a.coyote.http11.Http11NioProtocol - Stopping ProtocolHandler ["http-nio-0.0.0.0-8081"]
2025-12-20 13:02:55.910 INFO  [restartedMain] c.e.nproject.NprojectApplication - Starting NprojectApplication using Java 17.0.12 with PID 2964 (C:\Dev_antigravity_git\meta_system\nproject\target\classes started by jkljkl in C:\Dev_antigravity_git\meta_system\nproject)
2025-12-20 13:02:55.911 DEBUG [restartedMain] c.e.nproject.NprojectApplication - Running with Spring Boot v3.2.0, Spring v6.1.1
2025-12-20 13:02:55.912 INFO  [restartedMain] c.e.nproject.NprojectApplication - No active profile set, falling back to 1 default profile: "default"
2025-12-20 13:02:55.954 INFO  [restartedMain] o.s.b.d.e.DevToolsPropertyDefaultsPostProcessor - Devtools property defaults active! Set 'spring.devtools.add-properties' to 'false' to disable
2025-12-20 13:02:55.955 INFO  [restartedMain] o.s.b.d.e.DevToolsPropertyDefaultsPostProcessor - For additional web related logging consider setting the 'logging.level.web' property to 'DEBUG'
2025-12-20 13:02:56.502 DEBUG [restartedMain] o.apache.ibatis.logging.LogFactory - Logging initialized using 'class org.apache.ibatis.logging.slf4j.Slf4jImpl' adapter.
2025-12-20 13:02:56.821 INFO  [restartedMain] o.s.b.w.e.tomcat.TomcatWebServer - Tomcat initialized with port 8081 (http)
2025-12-20 13:02:56.829 INFO  [restartedMain] o.a.coyote.http11.Http11NioProtocol - Initializing ProtocolHandler ["http-nio-0.0.0.0-8081"]
2025-12-20 13:02:56.830 INFO  [restartedMain] o.a.catalina.core.StandardService - Starting service [Tomcat]
2025-12-20 13:02:56.830 INFO  [restartedMain] o.a.catalina.core.StandardEngine - Starting Servlet engine: [Apache Tomcat/10.1.16]
2025-12-20 13:02:56.868 INFO  [restartedMain] o.a.c.c.C.[Tomcat].[localhost].[/] - Initializing Spring embedded WebApplicationContext
2025-12-20 13:02:56.869 INFO  [restartedMain] o.s.b.w.s.c.ServletWebServerApplicationContext - Root WebApplicationContext: initialization completed in 914 ms
2025-12-20 13:02:57.185 DEBUG [restartedMain] o.s.w.s.m.m.a.RequestMappingHandlerMapping - 12 mappings in 'requestMappingHandlerMapping'
2025-12-20 13:02:57.236 DEBUG [restartedMain] o.s.w.s.h.SimpleUrlHandlerMapping - Patterns [/webjars/**, /**] in 'resourceHandlerMapping'
2025-12-20 13:02:57.256 DEBUG [restartedMain] o.s.w.s.m.m.a.RequestMappingHandlerAdapter - ControllerAdvice beans: 0 @ModelAttribute, 0 @InitBinder, 1 RequestBodyAdvice, 1 ResponseBodyAdvice
2025-12-20 13:02:57.283 DEBUG [restartedMain] o.s.w.s.m.m.a.ExceptionHandlerExceptionResolver - ControllerAdvice beans: 0 @ExceptionHandler, 1 ResponseBodyAdvice
2025-12-20 13:02:57.380 INFO  [restartedMain] o.s.b.d.a.OptionalLiveReloadServer - LiveReload server is running on port 35729
2025-12-20 13:02:57.399 INFO  [restartedMain] o.a.coyote.http11.Http11NioProtocol - Starting ProtocolHandler ["http-nio-0.0.0.0-8081"]
2025-12-20 13:02:57.415 INFO  [restartedMain] o.s.b.w.e.tomcat.TomcatWebServer - Tomcat started on port 8081 (http) with context path ''
2025-12-20 13:02:57.423 INFO  [restartedMain] c.e.nproject.NprojectApplication - Started NprojectApplication in 1.885 seconds (process running for 2.395)
2025-12-20 13:03:01.200 INFO  [http-nio-0.0.0.0-8081-exec-1] o.a.c.c.C.[Tomcat].[localhost].[/] - Initializing Spring DispatcherServlet 'dispatcherServlet'
2025-12-20 13:03:01.200 INFO  [http-nio-0.0.0.0-8081-exec-1] o.s.web.servlet.DispatcherServlet - Initializing Servlet 'dispatcherServlet'
2025-12-20 13:03:01.201 DEBUG [http-nio-0.0.0.0-8081-exec-1] o.s.web.servlet.DispatcherServlet - Detected StandardServletMultipartResolver
2025-12-20 13:03:01.201 DEBUG [http-nio-0.0.0.0-8081-exec-1] o.s.web.servlet.DispatcherServlet - Detected AcceptHeaderLocaleResolver
2025-12-20 13:03:01.201 DEBUG [http-nio-0.0.0.0-8081-exec-1] o.s.web.servlet.DispatcherServlet - Detected FixedThemeResolver
2025-12-20 13:03:01.202 DEBUG [http-nio-0.0.0.0-8081-exec-1] o.s.web.servlet.DispatcherServlet - Detected org.springframework.web.servlet.view.DefaultRequestToViewNameTranslator@611d4e4b
2025-12-20 13:03:01.203 DEBUG [http-nio-0.0.0.0-8081-exec-1] o.s.web.servlet.DispatcherServlet - Detected org.springframework.web.servlet.support.SessionFlashMapManager@6bca1e5f
2025-12-20 13:03:01.203 DEBUG [http-nio-0.0.0.0-8081-exec-1] o.s.web.servlet.DispatcherServlet - enableLoggingRequestDetails='false': request parameters and headers will be masked to prevent unsafe logging of potentially sensitive data
2025-12-20 13:03:01.203 INFO  [http-nio-0.0.0.0-8081-exec-1] o.s.web.servlet.DispatcherServlet - Completed initialization in 2 ms
2025-12-20 13:03:01.211 DEBUG [http-nio-0.0.0.0-8081-exec-1] o.s.web.servlet.DispatcherServlet - GET "/std-word/list", parameters={}
2025-12-20 13:03:01.221 DEBUG [http-nio-0.0.0.0-8081-exec-1] o.s.w.s.m.m.a.RequestMappingHandlerMapping - Mapped to com.example.nproject.controller.MetaStdWordController#list(MetaStdWordDto, Model)
2025-12-20 13:03:01.268 DEBUG [http-nio-0.0.0.0-8081-exec-1] o.s.jdbc.datasource.DataSourceUtils - Fetching JDBC Connection from DataSource
2025-12-20 13:03:01.269 INFO  [http-nio-0.0.0.0-8081-exec-1] com.zaxxer.hikari.HikariDataSource - HikariPool-1 - Starting...
2025-12-20 13:03:02.470 ERROR [http-nio-0.0.0.0-8081-exec-1] com.zaxxer.hikari.pool.HikariPool - HikariPool-1 - Exception during pool initialization.
org.postgresql.util.PSQLException: FATAL: Tenant or user not found
	at org.postgresql.core.v3.ConnectionFactoryImpl.doAuthentication(ConnectionFactoryImpl.java:693)
	at org.postgresql.core.v3.ConnectionFactoryImpl.tryConnect(ConnectionFactoryImpl.java:203)
	at org.postgresql.core.v3.ConnectionFactoryImpl.openConnectionImpl(ConnectionFactoryImpl.java:258)
	at org.postgresql.core.ConnectionFactory.openConnection(ConnectionFactory.java:54)
	at org.postgresql.jdbc.PgConnection.<init>(PgConnection.java:263)
	at org.postgresql.Driver.makeConnection(Driver.java:443)
	at org.postgresql.Driver.connect(Driver.java:297)
	at com.zaxxer.hikari.util.DriverDataSource.getConnection(DriverDataSource.java:138)
	at com.zaxxer.hikari.pool.PoolBase.newConnection(PoolBase.java:359)
	at com.zaxxer.hikari.pool.PoolBase.newPoolEntry(PoolBase.java:201)
	at com.zaxxer.hikari.pool.HikariPool.createPoolEntry(HikariPool.java:470)
	at com.zaxxer.hikari.pool.HikariPool.checkFailFast(HikariPool.java:561)
	at com.zaxxer.hikari.pool.HikariPool.<init>(HikariPool.java:100)
	at com.zaxxer.hikari.HikariDataSource.getConnection(HikariDataSource.java:112)
	at org.springframework.jdbc.datasource.DataSourceUtils.fetchConnection(DataSourceUtils.java:160)
	at org.springframework.jdbc.datasource.DataSourceUtils.doGetConnection(DataSourceUtils.java:118)
	at org.springframework.jdbc.datasource.DataSourceUtils.getConnection(DataSourceUtils.java:81)
	at org.mybatis.spring.transaction.SpringManagedTransaction.openConnection(SpringManagedTransaction.java:80)
	at org.mybatis.spring.transaction.SpringManagedTransaction.getConnection(SpringManagedTransaction.java:67)
	at org.apache.ibatis.executor.BaseExecutor.getConnection(BaseExecutor.java:348)
	at org.apache.ibatis.executor.SimpleExecutor.prepareStatement(SimpleExecutor.java:89)
	at org.apache.ibatis.executor.SimpleExecutor.doQuery(SimpleExecutor.java:64)
	at org.apache.ibatis.executor.BaseExecutor.queryFromDatabase(BaseExecutor.java:336)
	at org.apache.ibatis.executor.BaseExecutor.query(BaseExecutor.java:158)
	at org.apache.ibatis.executor.CachingExecutor.query(CachingExecutor.java:110)
	at org.apache.ibatis.executor.CachingExecutor.query(CachingExecutor.java:90)
	at org.apache.ibatis.session.defaults.DefaultSqlSession.selectList(DefaultSqlSession.java:154)
	at org.apache.ibatis.session.defaults.DefaultSqlSession.selectList(DefaultSqlSession.java:147)
	at org.apache.ibatis.session.defaults.DefaultSqlSession.selectList(DefaultSqlSession.java:142)
	at java.base/jdk.internal.reflect.NativeMethodAccessorImpl.invoke0(Native Method)
	at java.base/jdk.internal.reflect.NativeMethodAccessorImpl.invoke(NativeMethodAccessorImpl.java:77)
	at java.base/jdk.internal.reflect.DelegatingMethodAccessorImpl.invoke(DelegatingMethodAccessorImpl.java:43)
	at java.base/java.lang.reflect.Method.invoke(Method.java:568)
	at org.mybatis.spring.SqlSessionTemplate$SqlSessionInterceptor.invoke(SqlSessionTemplate.java:425)
	at jdk.proxy2/jdk.proxy2.$Proxy67.selectList(Unknown Source)
	at org.mybatis.spring.SqlSessionTemplate.selectList(SqlSessionTemplate.java:224)
	at org.apache.ibatis.binding.MapperMethod.executeForMany(MapperMethod.java:147)
	at org.apache.ibatis.binding.MapperMethod.execute(MapperMethod.java:80)
	at org.apache.ibatis.binding.MapperProxy$PlainMethodInvoker.invoke(MapperProxy.java:141)
	at org.apache.ibatis.binding.MapperProxy.invoke(MapperProxy.java:86)
	at jdk.proxy3/jdk.proxy3.$Proxy68.selectStdWordList(Unknown Source)
	at com.example.nproject.service.MetaStdWordService.getStdWordList(MetaStdWordService.java:21)
	at com.example.nproject.controller.MetaStdWordController.list(MetaStdWordController.java:31)
	at java.base/jdk.internal.reflect.NativeMethodAccessorImpl.invoke0(Native Method)
	at java.base/jdk.internal.reflect.NativeMethodAccessorImpl.invoke(NativeMethodAccessorImpl.java:77)
	at java.base/jdk.internal.reflect.DelegatingMethodAccessorImpl.invoke(DelegatingMethodAccessorImpl.java:43)
	at java.base/java.lang.reflect.Method.invoke(Method.java:568)
	at org.springframework.web.method.support.InvocableHandlerMethod.doInvoke(InvocableHandlerMethod.java:254)
	at org.springframework.web.method.support.InvocableHandlerMethod.invokeForRequest(InvocableHandlerMethod.java:182)
	at org.springframework.web.servlet.mvc.method.annotation.ServletInvocableHandlerMethod.invokeAndHandle(ServletInvocableHandlerMethod.java:118)
	at org.springframework.web.servlet.mvc.method.annotation.RequestMappingHandlerAdapter.invokeHandlerMethod(RequestMappingHandlerAdapter.java:917)
	at org.springframework.web.servlet.mvc.method.annotation.RequestMappingHandlerAdapter.handleInternal(RequestMappingHandlerAdapter.java:829)
	at org.springframework.web.servlet.mvc.method.AbstractHandlerMethodAdapter.handle(AbstractHandlerMethodAdapter.java:87)
	at org.springframework.web.servlet.DispatcherServlet.doDispatch(DispatcherServlet.java:1089)
	at org.springframework.web.servlet.DispatcherServlet.doService(DispatcherServlet.java:979)
	at org.springframework.web.servlet.FrameworkServlet.processRequest(FrameworkServlet.java:1014)
	at org.springframework.web.servlet.FrameworkServlet.doGet(FrameworkServlet.java:903)
	at jakarta.servlet.http.HttpServlet.service(HttpServlet.java:564)
	at org.springframework.web.servlet.FrameworkServlet.service(FrameworkServlet.java:885)
	at jakarta.servlet.http.HttpServlet.service(HttpServlet.java:658)
	at org.apache.catalina.core.ApplicationFilterChain.internalDoFilter(ApplicationFilterChain.java:205)
	at org.apache.catalina.core.ApplicationFilterChain.doFilter(ApplicationFilterChain.java:149)
	at org.apache.tomcat.websocket.server.WsFilter.doFilter(WsFilter.java:51)
	at org.apache.catalina.core.ApplicationFilterChain.internalDoFilter(ApplicationFilterChain.java:174)
	at org.apache.catalina.core.ApplicationFilterChain.doFilter(ApplicationFilterChain.java:149)
	at org.springframework.web.filter.RequestContextFilter.doFilterInternal(RequestContextFilter.java:100)
	at org.springframework.web.filter.OncePerRequestFilter.doFilter(OncePerRequestFilter.java:116)
	at org.apache.catalina.core.ApplicationFilterChain.internalDoFilter(ApplicationFilterChain.java:174)
	at org.apache.catalina.core.ApplicationFilterChain.doFilter(ApplicationFilterChain.java:149)
	at org.springframework.web.filter.FormContentFilter.doFilterInternal(FormContentFilter.java:93)
	at org.springframework.web.filter.OncePerRequestFilter.doFilter(OncePerRequestFilter.java:116)
	at org.apache.catalina.core.ApplicationFilterChain.internalDoFilter(ApplicationFilterChain.java:174)
	at org.apache.catalina.core.ApplicationFilterChain.doFilter(ApplicationFilterChain.java:149)
	at org.springframework.web.filter.CharacterEncodingFilter.doFilterInternal(CharacterEncodingFilter.java:201)
	at org.springframework.web.filter.OncePerRequestFilter.doFilter(OncePerRequestFilter.java:116)
	at org.apache.catalina.core.ApplicationFilterChain.internalDoFilter(ApplicationFilterChain.java:174)
	at org.apache.catalina.core.ApplicationFilterChain.doFilter(ApplicationFilterChain.java:149)
	at org.apache.catalina.core.StandardWrapperValve.invoke(StandardWrapperValve.java:167)
	at org.apache.catalina.core.StandardContextValve.invoke(StandardContextValve.java:90)
	at org.apache.catalina.authenticator.AuthenticatorBase.invoke(AuthenticatorBase.java:482)
	at org.apache.catalina.core.StandardHostValve.invoke(StandardHostValve.java:115)
	at org.apache.catalina.valves.ErrorReportValve.invoke(ErrorReportValve.java:93)
	at org.apache.catalina.core.StandardEngineValve.invoke(StandardEngineValve.java:74)
	at org.apache.catalina.connector.CoyoteAdapter.service(CoyoteAdapter.java:340)
	at org.apache.coyote.http11.Http11Processor.service(Http11Processor.java:391)
	at org.apache.coyote.AbstractProcessorLight.process(AbstractProcessorLight.java:63)
	at org.apache.coyote.AbstractProtocol$ConnectionHandler.process(AbstractProtocol.java:896)
	at org.apache.tomcat.util.net.NioEndpoint$SocketProcessor.doRun(NioEndpoint.java:1744)
	at org.apache.tomcat.util.net.SocketProcessorBase.run(SocketProcessorBase.java:52)
	at org.apache.tomcat.util.threads.ThreadPoolExecutor.runWorker(ThreadPoolExecutor.java:1191)
	at org.apache.tomcat.util.threads.ThreadPoolExecutor$Worker.run(ThreadPoolExecutor.java:659)
	at org.apache.tomcat.util.threads.TaskThread$WrappingRunnable.run(TaskThread.java:61)
	at java.base/java.lang.Thread.run(Thread.java:842)
2025-12-20 13:03:02.477 DEBUG [http-nio-0.0.0.0-8081-exec-1] o.s.web.servlet.DispatcherServlet - Failed to complete request: org.mybatis.spring.MyBatisSystemException
2025-12-20 13:03:02.478 ERROR [http-nio-0.0.0.0-8081-exec-1] o.a.c.c.C.[.[.[.[dispatcherServlet] - Servlet.service() for servlet [dispatcherServlet] in context with path [] threw exception [Request processing failed: org.mybatis.spring.MyBatisSystemException] with root cause
org.postgresql.util.PSQLException: FATAL: Tenant or user not found
	at org.postgresql.core.v3.ConnectionFactoryImpl.doAuthentication(ConnectionFactoryImpl.java:693)
	at org.postgresql.core.v3.ConnectionFactoryImpl.tryConnect(ConnectionFactoryImpl.java:203)
	at org.postgresql.core.v3.ConnectionFactoryImpl.openConnectionImpl(ConnectionFactoryImpl.java:258)
	at org.postgresql.core.ConnectionFactory.openConnection(ConnectionFactory.java:54)
	at org.postgresql.jdbc.PgConnection.<init>(PgConnection.java:263)
	at org.postgresql.Driver.makeConnection(Driver.java:443)
	at org.postgresql.Driver.connect(Driver.java:297)
	at com.zaxxer.hikari.util.DriverDataSource.getConnection(DriverDataSource.java:138)
	at com.zaxxer.hikari.pool.PoolBase.newConnection(PoolBase.java:359)
	at com.zaxxer.hikari.pool.PoolBase.newPoolEntry(PoolBase.java:201)
	at com.zaxxer.hikari.pool.HikariPool.createPoolEntry(HikariPool.java:470)
	at com.zaxxer.hikari.pool.HikariPool.checkFailFast(HikariPool.java:561)
	at com.zaxxer.hikari.pool.HikariPool.<init>(HikariPool.java:100)
	at com.zaxxer.hikari.HikariDataSource.getConnection(HikariDataSource.java:112)
	at org.springframework.jdbc.datasource.DataSourceUtils.fetchConnection(DataSourceUtils.java:160)
	at org.springframework.jdbc.datasource.DataSourceUtils.doGetConnection(DataSourceUtils.java:118)
	at org.springframework.jdbc.datasource.DataSourceUtils.getConnection(DataSourceUtils.java:81)
	at org.mybatis.spring.transaction.SpringManagedTransaction.openConnection(SpringManagedTransaction.java:80)
	at org.mybatis.spring.transaction.SpringManagedTransaction.getConnection(SpringManagedTransaction.java:67)
	at org.apache.ibatis.executor.BaseExecutor.getConnection(BaseExecutor.java:348)
	at org.apache.ibatis.executor.SimpleExecutor.prepareStatement(SimpleExecutor.java:89)
	at org.apache.ibatis.executor.SimpleExecutor.doQuery(SimpleExecutor.java:64)
	at org.apache.ibatis.executor.BaseExecutor.queryFromDatabase(BaseExecutor.java:336)
	at org.apache.ibatis.executor.BaseExecutor.query(BaseExecutor.java:158)
	at org.apache.ibatis.executor.CachingExecutor.query(CachingExecutor.java:110)
	at org.apache.ibatis.executor.CachingExecutor.query(CachingExecutor.java:90)
	at org.apache.ibatis.session.defaults.DefaultSqlSession.selectList(DefaultSqlSession.java:154)
	at org.apache.ibatis.session.defaults.DefaultSqlSession.selectList(DefaultSqlSession.java:147)
	at org.apache.ibatis.session.defaults.DefaultSqlSession.selectList(DefaultSqlSession.java:142)
	at java.base/jdk.internal.reflect.NativeMethodAccessorImpl.invoke0(Native Method)
	at java.base/jdk.internal.reflect.NativeMethodAccessorImpl.invoke(NativeMethodAccessorImpl.java:77)
	at java.base/jdk.internal.reflect.DelegatingMethodAccessorImpl.invoke(DelegatingMethodAccessorImpl.java:43)
	at java.base/java.lang.reflect.Method.invoke(Method.java:568)
	at org.mybatis.spring.SqlSessionTemplate$SqlSessionInterceptor.invoke(SqlSessionTemplate.java:425)
	at jdk.proxy2/jdk.proxy2.$Proxy67.selectList(Unknown Source)
	at org.mybatis.spring.SqlSessionTemplate.selectList(SqlSessionTemplate.java:224)
	at org.apache.ibatis.binding.MapperMethod.executeForMany(MapperMethod.java:147)
	at org.apache.ibatis.binding.MapperMethod.execute(MapperMethod.java:80)
	at org.apache.ibatis.binding.MapperProxy$PlainMethodInvoker.invoke(MapperProxy.java:141)
	at org.apache.ibatis.binding.MapperProxy.invoke(MapperProxy.java:86)
	at jdk.proxy3/jdk.proxy3.$Proxy68.selectStdWordList(Unknown Source)
	at com.example.nproject.service.MetaStdWordService.getStdWordList(MetaStdWordService.java:21)
	at com.example.nproject.controller.MetaStdWordController.list(MetaStdWordController.java:31)
	at java.base/jdk.internal.reflect.NativeMethodAccessorImpl.invoke0(Native Method)
	at java.base/jdk.internal.reflect.NativeMethodAccessorImpl.invoke(NativeMethodAccessorImpl.java:77)
	at java.base/jdk.internal.reflect.DelegatingMethodAccessorImpl.invoke(DelegatingMethodAccessorImpl.java:43)
	at java.base/java.lang.reflect.Method.invoke(Method.java:568)
	at org.springframework.web.method.support.InvocableHandlerMethod.doInvoke(InvocableHandlerMethod.java:254)
	at org.springframework.web.method.support.InvocableHandlerMethod.invokeForRequest(InvocableHandlerMethod.java:182)
	at org.springframework.web.servlet.mvc.method.annotation.ServletInvocableHandlerMethod.invokeAndHandle(ServletInvocableHandlerMethod.java:118)
	at org.springframework.web.servlet.mvc.method.annotation.RequestMappingHandlerAdapter.invokeHandlerMethod(RequestMappingHandlerAdapter.java:917)
	at org.springframework.web.servlet.mvc.method.annotation.RequestMappingHandlerAdapter.handleInternal(RequestMappingHandlerAdapter.java:829)
	at org.springframework.web.servlet.mvc.method.AbstractHandlerMethodAdapter.handle(AbstractHandlerMethodAdapter.java:87)
	at org.springframework.web.servlet.DispatcherServlet.doDispatch(DispatcherServlet.java:1089)
	at org.springframework.web.servlet.DispatcherServlet.doService(DispatcherServlet.java:979)
	at org.springframework.web.servlet.FrameworkServlet.processRequest(FrameworkServlet.java:1014)
	at org.springframework.web.servlet.FrameworkServlet.doGet(FrameworkServlet.java:903)
	at jakarta.servlet.http.HttpServlet.service(HttpServlet.java:564)
	at org.springframework.web.servlet.FrameworkServlet.service(FrameworkServlet.java:885)
	at jakarta.servlet.http.HttpServlet.service(HttpServlet.java:658)
	at org.apache.catalina.core.ApplicationFilterChain.internalDoFilter(ApplicationFilterChain.java:205)
	at org.apache.catalina.core.ApplicationFilterChain.doFilter(ApplicationFilterChain.java:149)
	at org.apache.tomcat.websocket.server.WsFilter.doFilter(WsFilter.java:51)
	at org.apache.catalina.core.ApplicationFilterChain.internalDoFilter(ApplicationFilterChain.java:174)
	at org.apache.catalina.core.ApplicationFilterChain.doFilter(ApplicationFilterChain.java:149)
	at org.springframework.web.filter.RequestContextFilter.doFilterInternal(RequestContextFilter.java:100)
	at org.springframework.web.filter.OncePerRequestFilter.doFilter(OncePerRequestFilter.java:116)
	at org.apache.catalina.core.ApplicationFilterChain.internalDoFilter(ApplicationFilterChain.java:174)
	at org.apache.catalina.core.ApplicationFilterChain.doFilter(ApplicationFilterChain.java:149)
	at org.springframework.web.filter.FormContentFilter.doFilterInternal(FormContentFilter.java:93)
	at org.springframework.web.filter.OncePerRequestFilter.doFilter(OncePerRequestFilter.java:116)
	at org.apache.catalina.core.ApplicationFilterChain.internalDoFilter(ApplicationFilterChain.java:174)
	at org.apache.catalina.core.ApplicationFilterChain.doFilter(ApplicationFilterChain.java:149)
	at org.springframework.web.filter.CharacterEncodingFilter.doFilterInternal(CharacterEncodingFilter.java:201)
	at org.springframework.web.filter.OncePerRequestFilter.doFilter(OncePerRequestFilter.java:116)
	at org.apache.catalina.core.ApplicationFilterChain.internalDoFilter(ApplicationFilterChain.java:174)
	at org.apache.catalina.core.ApplicationFilterChain.doFilter(ApplicationFilterChain.java:149)
	at org.apache.catalina.core.StandardWrapperValve.invoke(StandardWrapperValve.java:167)
	at org.apache.catalina.core.StandardContextValve.invoke(StandardContextValve.java:90)
	at org.apache.catalina.authenticator.AuthenticatorBase.invoke(AuthenticatorBase.java:482)
	at org.apache.catalina.core.StandardHostValve.invoke(StandardHostValve.java:115)
	at org.apache.catalina.valves.ErrorReportValve.invoke(ErrorReportValve.java:93)
	at org.apache.catalina.core.StandardEngineValve.invoke(StandardEngineValve.java:74)
	at org.apache.catalina.connector.CoyoteAdapter.service(CoyoteAdapter.java:340)
	at org.apache.coyote.http11.Http11Processor.service(Http11Processor.java:391)
	at org.apache.coyote.AbstractProcessorLight.process(AbstractProcessorLight.java:63)
	at org.apache.coyote.AbstractProtocol$ConnectionHandler.process(AbstractProtocol.java:896)
	at org.apache.tomcat.util.net.NioEndpoint$SocketProcessor.doRun(NioEndpoint.java:1744)
	at org.apache.tomcat.util.net.SocketProcessorBase.run(SocketProcessorBase.java:52)
	at org.apache.tomcat.util.threads.ThreadPoolExecutor.runWorker(ThreadPoolExecutor.java:1191)
	at org.apache.tomcat.util.threads.ThreadPoolExecutor$Worker.run(ThreadPoolExecutor.java:659)
	at org.apache.tomcat.util.threads.TaskThread$WrappingRunnable.run(TaskThread.java:61)
	at java.base/java.lang.Thread.run(Thread.java:842)
2025-12-20 13:03:02.482 DEBUG [http-nio-0.0.0.0-8081-exec-1] o.s.web.servlet.DispatcherServlet - "ERROR" dispatch for GET "/error", parameters={}
2025-12-20 13:03:02.484 DEBUG [http-nio-0.0.0.0-8081-exec-1] o.s.w.s.m.m.a.RequestMappingHandlerMapping - Mapped to org.springframework.boot.autoconfigure.web.servlet.error.BasicErrorController#errorHtml(HttpServletRequest, HttpServletResponse)
2025-12-20 13:03:02.499 DEBUG [http-nio-0.0.0.0-8081-exec-1] o.s.w.s.v.ContentNegotiatingViewResolver - Selected 'text/html' given [text/html, text/html;q=0.8]
2025-12-20 13:03:02.505 DEBUG [http-nio-0.0.0.0-8081-exec-1] o.s.web.servlet.DispatcherServlet - Exiting from "ERROR" dispatch, status 500
2025-12-20 13:08:25.334 DEBUG [http-nio-0.0.0.0-8081-exec-2] o.s.web.servlet.DispatcherServlet - GET "/sample/jdbc", parameters={}
2025-12-20 13:08:25.334 DEBUG [http-nio-0.0.0.0-8081-exec-2] o.s.w.s.m.m.a.RequestMappingHandlerMapping - Mapped to com.example.nproject.controller.SampleJdbcController#testConnection()
2025-12-20 13:08:25.336 INFO  [http-nio-0.0.0.0-8081-exec-2] c.e.n.c.SampleJdbcController - === Starting Supabase DB Connection Test ===
2025-12-20 13:08:25.336 DEBUG [http-nio-0.0.0.0-8081-exec-2] c.e.n.c.SampleJdbcController - Calling sampleMapper.selectVersion()
2025-12-20 13:08:25.336 DEBUG [http-nio-0.0.0.0-8081-exec-2] o.s.jdbc.datasource.DataSourceUtils - Fetching JDBC Connection from DataSource
2025-12-20 13:08:25.336 INFO  [http-nio-0.0.0.0-8081-exec-2] com.zaxxer.hikari.HikariDataSource - HikariPool-1 - Starting...
2025-12-20 13:08:26.530 ERROR [http-nio-0.0.0.0-8081-exec-2] com.zaxxer.hikari.pool.HikariPool - HikariPool-1 - Exception during pool initialization.
org.postgresql.util.PSQLException: FATAL: Tenant or user not found
	at org.postgresql.core.v3.ConnectionFactoryImpl.doAuthentication(ConnectionFactoryImpl.java:693)
	at org.postgresql.core.v3.ConnectionFactoryImpl.tryConnect(ConnectionFactoryImpl.java:203)
	at org.postgresql.core.v3.ConnectionFactoryImpl.openConnectionImpl(ConnectionFactoryImpl.java:258)
	at org.postgresql.core.ConnectionFactory.openConnection(ConnectionFactory.java:54)
	at org.postgresql.jdbc.PgConnection.<init>(PgConnection.java:263)
	at org.postgresql.Driver.makeConnection(Driver.java:443)
	at org.postgresql.Driver.connect(Driver.java:297)
	at com.zaxxer.hikari.util.DriverDataSource.getConnection(DriverDataSource.java:138)
	at com.zaxxer.hikari.pool.PoolBase.newConnection(PoolBase.java:359)
	at com.zaxxer.hikari.pool.PoolBase.newPoolEntry(PoolBase.java:201)
	at com.zaxxer.hikari.pool.HikariPool.createPoolEntry(HikariPool.java:470)
	at com.zaxxer.hikari.pool.HikariPool.checkFailFast(HikariPool.java:561)
	at com.zaxxer.hikari.pool.HikariPool.<init>(HikariPool.java:100)
	at com.zaxxer.hikari.HikariDataSource.getConnection(HikariDataSource.java:112)
	at org.springframework.jdbc.datasource.DataSourceUtils.fetchConnection(DataSourceUtils.java:160)
	at org.springframework.jdbc.datasource.DataSourceUtils.doGetConnection(DataSourceUtils.java:118)
	at org.springframework.jdbc.datasource.DataSourceUtils.getConnection(DataSourceUtils.java:81)
	at org.mybatis.spring.transaction.SpringManagedTransaction.openConnection(SpringManagedTransaction.java:80)
	at org.mybatis.spring.transaction.SpringManagedTransaction.getConnection(SpringManagedTransaction.java:67)
	at org.apache.ibatis.executor.BaseExecutor.getConnection(BaseExecutor.java:348)
	at org.apache.ibatis.executor.SimpleExecutor.prepareStatement(SimpleExecutor.java:89)
	at org.apache.ibatis.executor.SimpleExecutor.doQuery(SimpleExecutor.java:64)
	at org.apache.ibatis.executor.BaseExecutor.queryFromDatabase(BaseExecutor.java:336)
	at org.apache.ibatis.executor.BaseExecutor.query(BaseExecutor.java:158)
	at org.apache.ibatis.executor.CachingExecutor.query(CachingExecutor.java:110)
	at org.apache.ibatis.executor.CachingExecutor.query(CachingExecutor.java:90)
	at org.apache.ibatis.session.defaults.DefaultSqlSession.selectList(DefaultSqlSession.java:154)
	at org.apache.ibatis.session.defaults.DefaultSqlSession.selectList(DefaultSqlSession.java:147)
	at org.apache.ibatis.session.defaults.DefaultSqlSession.selectList(DefaultSqlSession.java:142)
	at org.apache.ibatis.session.defaults.DefaultSqlSession.selectOne(DefaultSqlSession.java:75)
	at java.base/jdk.internal.reflect.NativeMethodAccessorImpl.invoke0(Native Method)
	at java.base/jdk.internal.reflect.NativeMethodAccessorImpl.invoke(NativeMethodAccessorImpl.java:77)
	at java.base/jdk.internal.reflect.DelegatingMethodAccessorImpl.invoke(DelegatingMethodAccessorImpl.java:43)
	at java.base/java.lang.reflect.Method.invoke(Method.java:568)
	at org.mybatis.spring.SqlSessionTemplate$SqlSessionInterceptor.invoke(SqlSessionTemplate.java:425)
	at jdk.proxy2/jdk.proxy2.$Proxy67.selectOne(Unknown Source)
	at org.mybatis.spring.SqlSessionTemplate.selectOne(SqlSessionTemplate.java:160)
	at org.apache.ibatis.binding.MapperMethod.execute(MapperMethod.java:87)
	at org.apache.ibatis.binding.MapperProxy$PlainMethodInvoker.invoke(MapperProxy.java:141)
	at org.apache.ibatis.binding.MapperProxy.invoke(MapperProxy.java:86)
	at jdk.proxy3/jdk.proxy3.$Proxy70.selectVersion(Unknown Source)
	at com.example.nproject.controller.SampleJdbcController.testConnection(SampleJdbcController.java:25)
	at java.base/jdk.internal.reflect.NativeMethodAccessorImpl.invoke0(Native Method)
	at java.base/jdk.internal.reflect.NativeMethodAccessorImpl.invoke(NativeMethodAccessorImpl.java:77)
	at java.base/jdk.internal.reflect.DelegatingMethodAccessorImpl.invoke(DelegatingMethodAccessorImpl.java:43)
	at java.base/java.lang.reflect.Method.invoke(Method.java:568)
	at org.springframework.web.method.support.InvocableHandlerMethod.doInvoke(InvocableHandlerMethod.java:254)
	at org.springframework.web.method.support.InvocableHandlerMethod.invokeForRequest(InvocableHandlerMethod.java:182)
	at org.springframework.web.servlet.mvc.method.annotation.ServletInvocableHandlerMethod.invokeAndHandle(ServletInvocableHandlerMethod.java:118)
	at org.springframework.web.servlet.mvc.method.annotation.RequestMappingHandlerAdapter.invokeHandlerMethod(RequestMappingHandlerAdapter.java:917)
	at org.springframework.web.servlet.mvc.method.annotation.RequestMappingHandlerAdapter.handleInternal(RequestMappingHandlerAdapter.java:829)
	at org.springframework.web.servlet.mvc.method.AbstractHandlerMethodAdapter.handle(AbstractHandlerMethodAdapter.java:87)
	at org.springframework.web.servlet.DispatcherServlet.doDispatch(DispatcherServlet.java:1089)
	at org.springframework.web.servlet.DispatcherServlet.doService(DispatcherServlet.java:979)
	at org.springframework.web.servlet.FrameworkServlet.processRequest(FrameworkServlet.java:1014)
	at org.springframework.web.servlet.FrameworkServlet.doGet(FrameworkServlet.java:903)
	at jakarta.servlet.http.HttpServlet.service(HttpServlet.java:564)
	at org.springframework.web.servlet.FrameworkServlet.service(FrameworkServlet.java:885)
	at jakarta.servlet.http.HttpServlet.service(HttpServlet.java:658)
	at org.apache.catalina.core.ApplicationFilterChain.internalDoFilter(ApplicationFilterChain.java:205)
	at org.apache.catalina.core.ApplicationFilterChain.doFilter(ApplicationFilterChain.java:149)
	at org.apache.tomcat.websocket.server.WsFilter.doFilter(WsFilter.java:51)
	at org.apache.catalina.core.ApplicationFilterChain.internalDoFilter(ApplicationFilterChain.java:174)
	at org.apache.catalina.core.ApplicationFilterChain.doFilter(ApplicationFilterChain.java:149)
	at org.springframework.web.filter.RequestContextFilter.doFilterInternal(RequestContextFilter.java:100)
	at org.springframework.web.filter.OncePerRequestFilter.doFilter(OncePerRequestFilter.java:116)
	at org.apache.catalina.core.ApplicationFilterChain.internalDoFilter(ApplicationFilterChain.java:174)
	at org.apache.catalina.core.ApplicationFilterChain.doFilter(ApplicationFilterChain.java:149)
	at org.springframework.web.filter.FormContentFilter.doFilterInternal(FormContentFilter.java:93)
	at org.springframework.web.filter.OncePerRequestFilter.doFilter(OncePerRequestFilter.java:116)
	at org.apache.catalina.core.ApplicationFilterChain.internalDoFilter(ApplicationFilterChain.java:174)
	at org.apache.catalina.core.ApplicationFilterChain.doFilter(ApplicationFilterChain.java:149)
	at org.springframework.web.filter.CharacterEncodingFilter.doFilterInternal(CharacterEncodingFilter.java:201)
	at org.springframework.web.filter.OncePerRequestFilter.doFilter(OncePerRequestFilter.java:116)
	at org.apache.catalina.core.ApplicationFilterChain.internalDoFilter(ApplicationFilterChain.java:174)
	at org.apache.catalina.core.ApplicationFilterChain.doFilter(ApplicationFilterChain.java:149)
	at org.apache.catalina.core.StandardWrapperValve.invoke(StandardWrapperValve.java:167)
	at org.apache.catalina.core.StandardContextValve.invoke(StandardContextValve.java:90)
	at org.apache.catalina.authenticator.AuthenticatorBase.invoke(AuthenticatorBase.java:482)
	at org.apache.catalina.core.StandardHostValve.invoke(StandardHostValve.java:115)
	at org.apache.catalina.valves.ErrorReportValve.invoke(ErrorReportValve.java:93)
	at org.apache.catalina.core.StandardEngineValve.invoke(StandardEngineValve.java:74)
	at org.apache.catalina.connector.CoyoteAdapter.service(CoyoteAdapter.java:340)
	at org.apache.coyote.http11.Http11Processor.service(Http11Processor.java:391)
	at org.apache.coyote.AbstractProcessorLight.process(AbstractProcessorLight.java:63)
	at org.apache.coyote.AbstractProtocol$ConnectionHandler.process(AbstractProtocol.java:896)
	at org.apache.tomcat.util.net.NioEndpoint$SocketProcessor.doRun(NioEndpoint.java:1744)
	at org.apache.tomcat.util.net.SocketProcessorBase.run(SocketProcessorBase.java:52)
	at org.apache.tomcat.util.threads.ThreadPoolExecutor.runWorker(ThreadPoolExecutor.java:1191)
	at org.apache.tomcat.util.threads.ThreadPoolExecutor$Worker.run(ThreadPoolExecutor.java:659)
	at org.apache.tomcat.util.threads.TaskThread$WrappingRunnable.run(TaskThread.java:61)
	at java.base/java.lang.Thread.run(Thread.java:842)
2025-12-20 13:08:26.531 ERROR [http-nio-0.0.0.0-8081-exec-2] c.e.n.c.SampleJdbcController - ✗ Failed to connect to Supabase DB
org.mybatis.spring.MyBatisSystemException: null
	at org.mybatis.spring.MyBatisExceptionTranslator.translateExceptionIfPossible(MyBatisExceptionTranslator.java:97)
	at org.mybatis.spring.SqlSessionTemplate$SqlSessionInterceptor.invoke(SqlSessionTemplate.java:439)
	at jdk.proxy2/jdk.proxy2.$Proxy67.selectOne(Unknown Source)
	at org.mybatis.spring.SqlSessionTemplate.selectOne(SqlSessionTemplate.java:160)
	at org.apache.ibatis.binding.MapperMethod.execute(MapperMethod.java:87)
	at org.apache.ibatis.binding.MapperProxy$PlainMethodInvoker.invoke(MapperProxy.java:141)
	at org.apache.ibatis.binding.MapperProxy.invoke(MapperProxy.java:86)
	at jdk.proxy3/jdk.proxy3.$Proxy70.selectVersion(Unknown Source)
	at com.example.nproject.controller.SampleJdbcController.testConnection(SampleJdbcController.java:25)
	at java.base/jdk.internal.reflect.NativeMethodAccessorImpl.invoke0(Native Method)
	at java.base/jdk.internal.reflect.NativeMethodAccessorImpl.invoke(NativeMethodAccessorImpl.java:77)
	at java.base/jdk.internal.reflect.DelegatingMethodAccessorImpl.invoke(DelegatingMethodAccessorImpl.java:43)
	at java.base/java.lang.reflect.Method.invoke(Method.java:568)
	at org.springframework.web.method.support.InvocableHandlerMethod.doInvoke(InvocableHandlerMethod.java:254)
	at org.springframework.web.method.support.InvocableHandlerMethod.invokeForRequest(InvocableHandlerMethod.java:182)
	at org.springframework.web.servlet.mvc.method.annotation.ServletInvocableHandlerMethod.invokeAndHandle(ServletInvocableHandlerMethod.java:118)
	at org.springframework.web.servlet.mvc.method.annotation.RequestMappingHandlerAdapter.invokeHandlerMethod(RequestMappingHandlerAdapter.java:917)
	at org.springframework.web.servlet.mvc.method.annotation.RequestMappingHandlerAdapter.handleInternal(RequestMappingHandlerAdapter.java:829)
	at org.springframework.web.servlet.mvc.method.AbstractHandlerMethodAdapter.handle(AbstractHandlerMethodAdapter.java:87)
	at org.springframework.web.servlet.DispatcherServlet.doDispatch(DispatcherServlet.java:1089)
	at org.springframework.web.servlet.DispatcherServlet.doService(DispatcherServlet.java:979)
	at org.springframework.web.servlet.FrameworkServlet.processRequest(FrameworkServlet.java:1014)
	at org.springframework.web.servlet.FrameworkServlet.doGet(FrameworkServlet.java:903)
	at jakarta.servlet.http.HttpServlet.service(HttpServlet.java:564)
	at org.springframework.web.servlet.FrameworkServlet.service(FrameworkServlet.java:885)
	at jakarta.servlet.http.HttpServlet.service(HttpServlet.java:658)
	at org.apache.catalina.core.ApplicationFilterChain.internalDoFilter(ApplicationFilterChain.java:205)
	at org.apache.catalina.core.ApplicationFilterChain.doFilter(ApplicationFilterChain.java:149)
	at org.apache.tomcat.websocket.server.WsFilter.doFilter(WsFilter.java:51)
	at org.apache.catalina.core.ApplicationFilterChain.internalDoFilter(ApplicationFilterChain.java:174)
	at org.apache.catalina.core.ApplicationFilterChain.doFilter(ApplicationFilterChain.java:149)
	at org.springframework.web.filter.RequestContextFilter.doFilterInternal(RequestContextFilter.java:100)
	at org.springframework.web.filter.OncePerRequestFilter.doFilter(OncePerRequestFilter.java:116)
	at org.apache.catalina.core.ApplicationFilterChain.internalDoFilter(ApplicationFilterChain.java:174)
	at org.apache.catalina.core.ApplicationFilterChain.doFilter(ApplicationFilterChain.java:149)
	at org.springframework.web.filter.FormContentFilter.doFilterInternal(FormContentFilter.java:93)
	at org.springframework.web.filter.OncePerRequestFilter.doFilter(OncePerRequestFilter.java:116)
	at org.apache.catalina.core.ApplicationFilterChain.internalDoFilter(ApplicationFilterChain.java:174)
	at org.apache.catalina.core.ApplicationFilterChain.doFilter(ApplicationFilterChain.java:149)
	at org.springframework.web.filter.CharacterEncodingFilter.doFilterInternal(CharacterEncodingFilter.java:201)
	at org.springframework.web.filter.OncePerRequestFilter.doFilter(OncePerRequestFilter.java:116)
	at org.apache.catalina.core.ApplicationFilterChain.internalDoFilter(ApplicationFilterChain.java:174)
	at org.apache.catalina.core.ApplicationFilterChain.doFilter(ApplicationFilterChain.java:149)
	at org.apache.catalina.core.StandardWrapperValve.invoke(StandardWrapperValve.java:167)
	at org.apache.catalina.core.StandardContextValve.invoke(StandardContextValve.java:90)
	at org.apache.catalina.authenticator.AuthenticatorBase.invoke(AuthenticatorBase.java:482)
	at org.apache.catalina.core.StandardHostValve.invoke(StandardHostValve.java:115)
	at org.apache.catalina.valves.ErrorReportValve.invoke(ErrorReportValve.java:93)
	at org.apache.catalina.core.StandardEngineValve.invoke(StandardEngineValve.java:74)
	at org.apache.catalina.connector.CoyoteAdapter.service(CoyoteAdapter.java:340)
	at org.apache.coyote.http11.Http11Processor.service(Http11Processor.java:391)
	at org.apache.coyote.AbstractProcessorLight.process(AbstractProcessorLight.java:63)
	at org.apache.coyote.AbstractProtocol$ConnectionHandler.process(AbstractProtocol.java:896)
	at org.apache.tomcat.util.net.NioEndpoint$SocketProcessor.doRun(NioEndpoint.java:1744)
	at org.apache.tomcat.util.net.SocketProcessorBase.run(SocketProcessorBase.java:52)
	at org.apache.tomcat.util.threads.ThreadPoolExecutor.runWorker(ThreadPoolExecutor.java:1191)
	at org.apache.tomcat.util.threads.ThreadPoolExecutor$Worker.run(ThreadPoolExecutor.java:659)
	at org.apache.tomcat.util.threads.TaskThread$WrappingRunnable.run(TaskThread.java:61)
	at java.base/java.lang.Thread.run(Thread.java:842)
Caused by: org.apache.ibatis.exceptions.PersistenceException: 
### Error querying database.  Cause: org.springframework.jdbc.CannotGetJdbcConnectionException: Failed to obtain JDBC Connection
### The error may exist in file [C:\Dev_antigravity_git\meta_system\nproject\target\classes\mapper\SampleMapper.xml]
### The error may involve com.example.nproject.mapper.SampleMapper.selectVersion
### The error occurred while executing a query
### Cause: org.springframework.jdbc.CannotGetJdbcConnectionException: Failed to obtain JDBC Connection
	at org.apache.ibatis.exceptions.ExceptionFactory.wrapException(ExceptionFactory.java:30)
	at org.apache.ibatis.session.defaults.DefaultSqlSession.selectList(DefaultSqlSession.java:156)
	at org.apache.ibatis.session.defaults.DefaultSqlSession.selectList(DefaultSqlSession.java:147)
	at org.apache.ibatis.session.defaults.DefaultSqlSession.selectList(DefaultSqlSession.java:142)
	at org.apache.ibatis.session.defaults.DefaultSqlSession.selectOne(DefaultSqlSession.java:75)
	at java.base/jdk.internal.reflect.NativeMethodAccessorImpl.invoke0(Native Method)
	at java.base/jdk.internal.reflect.NativeMethodAccessorImpl.invoke(NativeMethodAccessorImpl.java:77)
	at java.base/jdk.internal.reflect.DelegatingMethodAccessorImpl.invoke(DelegatingMethodAccessorImpl.java:43)
	at java.base/java.lang.reflect.Method.invoke(Method.java:568)
	at org.mybatis.spring.SqlSessionTemplate$SqlSessionInterceptor.invoke(SqlSessionTemplate.java:425)
	... 57 common frames omitted
Caused by: org.springframework.jdbc.CannotGetJdbcConnectionException: Failed to obtain JDBC Connection
	at org.springframework.jdbc.datasource.DataSourceUtils.getConnection(DataSourceUtils.java:84)
	at org.mybatis.spring.transaction.SpringManagedTransaction.openConnection(SpringManagedTransaction.java:80)
	at org.mybatis.spring.transaction.SpringManagedTransaction.getConnection(SpringManagedTransaction.java:67)
	at org.apache.ibatis.executor.BaseExecutor.getConnection(BaseExecutor.java:348)
	at org.apache.ibatis.executor.SimpleExecutor.prepareStatement(SimpleExecutor.java:89)
	at org.apache.ibatis.executor.SimpleExecutor.doQuery(SimpleExecutor.java:64)
	at org.apache.ibatis.executor.BaseExecutor.queryFromDatabase(BaseExecutor.java:336)
	at org.apache.ibatis.executor.BaseExecutor.query(BaseExecutor.java:158)
	at org.apache.ibatis.executor.CachingExecutor.query(CachingExecutor.java:110)
	at org.apache.ibatis.executor.CachingExecutor.query(CachingExecutor.java:90)
	at org.apache.ibatis.session.defaults.DefaultSqlSession.selectList(DefaultSqlSession.java:154)
	... 65 common frames omitted
Caused by: org.postgresql.util.PSQLException: FATAL: Tenant or user not found
	at org.postgresql.core.v3.ConnectionFactoryImpl.doAuthentication(ConnectionFactoryImpl.java:693)
	at org.postgresql.core.v3.ConnectionFactoryImpl.tryConnect(ConnectionFactoryImpl.java:203)
	at org.postgresql.core.v3.ConnectionFactoryImpl.openConnectionImpl(ConnectionFactoryImpl.java:258)
	at org.postgresql.core.ConnectionFactory.openConnection(ConnectionFactory.java:54)
	at org.postgresql.jdbc.PgConnection.<init>(PgConnection.java:263)
	at org.postgresql.Driver.makeConnection(Driver.java:443)
	at org.postgresql.Driver.connect(Driver.java:297)
	at com.zaxxer.hikari.util.DriverDataSource.getConnection(DriverDataSource.java:138)
	at com.zaxxer.hikari.pool.PoolBase.newConnection(PoolBase.java:359)
	at com.zaxxer.hikari.pool.PoolBase.newPoolEntry(PoolBase.java:201)
	at com.zaxxer.hikari.pool.HikariPool.createPoolEntry(HikariPool.java:470)
	at com.zaxxer.hikari.pool.HikariPool.checkFailFast(HikariPool.java:561)
	at com.zaxxer.hikari.pool.HikariPool.<init>(HikariPool.java:100)
	at com.zaxxer.hikari.HikariDataSource.getConnection(HikariDataSource.java:112)
	at org.springframework.jdbc.datasource.DataSourceUtils.fetchConnection(DataSourceUtils.java:160)
	at org.springframework.jdbc.datasource.DataSourceUtils.doGetConnection(DataSourceUtils.java:118)
	at org.springframework.jdbc.datasource.DataSourceUtils.getConnection(DataSourceUtils.java:81)
	... 75 common frames omitted
2025-12-20 13:08:26.533 ERROR [http-nio-0.0.0.0-8081-exec-2] c.e.n.c.SampleJdbcController - Error message: null
2025-12-20 13:08:26.546 DEBUG [http-nio-0.0.0.0-8081-exec-2] o.s.w.s.m.m.a.RequestResponseBodyMethodProcessor - Using 'application/json;q=0.8', given [text/html, application/xhtml+xml, image/avif, image/webp, image/apng, application/xml;q=0.9, */*;q=0.8, application/signed-exchange;v=b3;q=0.7] and supported [application/json, application/*+json]
2025-12-20 13:08:26.548 DEBUG [http-nio-0.0.0.0-8081-exec-2] o.s.w.s.m.m.a.RequestResponseBodyMethodProcessor - Writing [{message=Supabase DB Connection Failed!, error=null, status=error, timestamp=2025-12-20T13:08:26.533 (truncated)...]
2025-12-20 13:08:26.560 DEBUG [http-nio-0.0.0.0-8081-exec-2] o.s.web.servlet.DispatcherServlet - Completed 200 OK
2025-12-20 13:08:49.257 DEBUG [http-nio-0.0.0.0-8081-exec-3] o.s.web.servlet.DispatcherServlet - GET "/sample/jdbc", parameters={}
2025-12-20 13:08:49.257 DEBUG [http-nio-0.0.0.0-8081-exec-3] o.s.w.s.m.m.a.RequestMappingHandlerMapping - Mapped to com.example.nproject.controller.SampleJdbcController#testConnection()
2025-12-20 13:08:49.257 INFO  [http-nio-0.0.0.0-8081-exec-3] c.e.n.c.SampleJdbcController - === Starting Supabase DB Connection Test ===
2025-12-20 13:08:49.257 DEBUG [http-nio-0.0.0.0-8081-exec-3] c.e.n.c.SampleJdbcController - Calling sampleMapper.selectVersion()
2025-12-20 13:08:49.257 DEBUG [http-nio-0.0.0.0-8081-exec-3] o.s.jdbc.datasource.DataSourceUtils - Fetching JDBC Connection from DataSource
2025-12-20 13:08:49.257 INFO  [http-nio-0.0.0.0-8081-exec-3] com.zaxxer.hikari.HikariDataSource - HikariPool-1 - Starting...
2025-12-20 13:08:50.346 ERROR [http-nio-0.0.0.0-8081-exec-3] com.zaxxer.hikari.pool.HikariPool - HikariPool-1 - Exception during pool initialization.
org.postgresql.util.PSQLException: FATAL: Tenant or user not found
	at org.postgresql.core.v3.ConnectionFactoryImpl.doAuthentication(ConnectionFactoryImpl.java:693)
	at org.postgresql.core.v3.ConnectionFactoryImpl.tryConnect(ConnectionFactoryImpl.java:203)
	at org.postgresql.core.v3.ConnectionFactoryImpl.openConnectionImpl(ConnectionFactoryImpl.java:258)
	at org.postgresql.core.ConnectionFactory.openConnection(ConnectionFactory.java:54)
	at org.postgresql.jdbc.PgConnection.<init>(PgConnection.java:263)
	at org.postgresql.Driver.makeConnection(Driver.java:443)
	at org.postgresql.Driver.connect(Driver.java:297)
	at com.zaxxer.hikari.util.DriverDataSource.getConnection(DriverDataSource.java:138)
	at com.zaxxer.hikari.pool.PoolBase.newConnection(PoolBase.java:359)
	at com.zaxxer.hikari.pool.PoolBase.newPoolEntry(PoolBase.java:201)
	at com.zaxxer.hikari.pool.HikariPool.createPoolEntry(HikariPool.java:470)
	at com.zaxxer.hikari.pool.HikariPool.checkFailFast(HikariPool.java:561)
	at com.zaxxer.hikari.pool.HikariPool.<init>(HikariPool.java:100)
	at com.zaxxer.hikari.HikariDataSource.getConnection(HikariDataSource.java:112)
	at org.springframework.jdbc.datasource.DataSourceUtils.fetchConnection(DataSourceUtils.java:160)
	at org.springframework.jdbc.datasource.DataSourceUtils.doGetConnection(DataSourceUtils.java:118)
	at org.springframework.jdbc.datasource.DataSourceUtils.getConnection(DataSourceUtils.java:81)
	at org.mybatis.spring.transaction.SpringManagedTransaction.openConnection(SpringManagedTransaction.java:80)
	at org.mybatis.spring.transaction.SpringManagedTransaction.getConnection(SpringManagedTransaction.java:67)
	at org.apache.ibatis.executor.BaseExecutor.getConnection(BaseExecutor.java:348)
	at org.apache.ibatis.executor.SimpleExecutor.prepareStatement(SimpleExecutor.java:89)
	at org.apache.ibatis.executor.SimpleExecutor.doQuery(SimpleExecutor.java:64)
	at org.apache.ibatis.executor.BaseExecutor.queryFromDatabase(BaseExecutor.java:336)
	at org.apache.ibatis.executor.BaseExecutor.query(BaseExecutor.java:158)
	at org.apache.ibatis.executor.CachingExecutor.query(CachingExecutor.java:110)
	at org.apache.ibatis.executor.CachingExecutor.query(CachingExecutor.java:90)
	at org.apache.ibatis.session.defaults.DefaultSqlSession.selectList(DefaultSqlSession.java:154)
	at org.apache.ibatis.session.defaults.DefaultSqlSession.selectList(DefaultSqlSession.java:147)
	at org.apache.ibatis.session.defaults.DefaultSqlSession.selectList(DefaultSqlSession.java:142)
	at org.apache.ibatis.session.defaults.DefaultSqlSession.selectOne(DefaultSqlSession.java:75)
	at java.base/jdk.internal.reflect.NativeMethodAccessorImpl.invoke0(Native Method)
	at java.base/jdk.internal.reflect.NativeMethodAccessorImpl.invoke(NativeMethodAccessorImpl.java:77)
	at java.base/jdk.internal.reflect.DelegatingMethodAccessorImpl.invoke(DelegatingMethodAccessorImpl.java:43)
	at java.base/java.lang.reflect.Method.invoke(Method.java:568)
	at org.mybatis.spring.SqlSessionTemplate$SqlSessionInterceptor.invoke(SqlSessionTemplate.java:425)
	at jdk.proxy2/jdk.proxy2.$Proxy67.selectOne(Unknown Source)
	at org.mybatis.spring.SqlSessionTemplate.selectOne(SqlSessionTemplate.java:160)
	at org.apache.ibatis.binding.MapperMethod.execute(MapperMethod.java:87)
	at org.apache.ibatis.binding.MapperProxy$PlainMethodInvoker.invoke(MapperProxy.java:141)
	at org.apache.ibatis.binding.MapperProxy.invoke(MapperProxy.java:86)
	at jdk.proxy3/jdk.proxy3.$Proxy70.selectVersion(Unknown Source)
	at com.example.nproject.controller.SampleJdbcController.testConnection(SampleJdbcController.java:25)
	at java.base/jdk.internal.reflect.NativeMethodAccessorImpl.invoke0(Native Method)
	at java.base/jdk.internal.reflect.NativeMethodAccessorImpl.invoke(NativeMethodAccessorImpl.java:77)
	at java.base/jdk.internal.reflect.DelegatingMethodAccessorImpl.invoke(DelegatingMethodAccessorImpl.java:43)
	at java.base/java.lang.reflect.Method.invoke(Method.java:568)
	at org.springframework.web.method.support.InvocableHandlerMethod.doInvoke(InvocableHandlerMethod.java:254)
	at org.springframework.web.method.support.InvocableHandlerMethod.invokeForRequest(InvocableHandlerMethod.java:182)
	at org.springframework.web.servlet.mvc.method.annotation.ServletInvocableHandlerMethod.invokeAndHandle(ServletInvocableHandlerMethod.java:118)
	at org.springframework.web.servlet.mvc.method.annotation.RequestMappingHandlerAdapter.invokeHandlerMethod(RequestMappingHandlerAdapter.java:917)
	at org.springframework.web.servlet.mvc.method.annotation.RequestMappingHandlerAdapter.handleInternal(RequestMappingHandlerAdapter.java:829)
	at org.springframework.web.servlet.mvc.method.AbstractHandlerMethodAdapter.handle(AbstractHandlerMethodAdapter.java:87)
	at org.springframework.web.servlet.DispatcherServlet.doDispatch(DispatcherServlet.java:1089)
	at org.springframework.web.servlet.DispatcherServlet.doService(DispatcherServlet.java:979)
	at org.springframework.web.servlet.FrameworkServlet.processRequest(FrameworkServlet.java:1014)
	at org.springframework.web.servlet.FrameworkServlet.doGet(FrameworkServlet.java:903)
	at jakarta.servlet.http.HttpServlet.service(HttpServlet.java:564)
	at org.springframework.web.servlet.FrameworkServlet.service(FrameworkServlet.java:885)
	at jakarta.servlet.http.HttpServlet.service(HttpServlet.java:658)
	at org.apache.catalina.core.ApplicationFilterChain.internalDoFilter(ApplicationFilterChain.java:205)
	at org.apache.catalina.core.ApplicationFilterChain.doFilter(ApplicationFilterChain.java:149)
	at org.apache.tomcat.websocket.server.WsFilter.doFilter(WsFilter.java:51)
	at org.apache.catalina.core.ApplicationFilterChain.internalDoFilter(ApplicationFilterChain.java:174)
	at org.apache.catalina.core.ApplicationFilterChain.doFilter(ApplicationFilterChain.java:149)
	at org.springframework.web.filter.RequestContextFilter.doFilterInternal(RequestContextFilter.java:100)
	at org.springframework.web.filter.OncePerRequestFilter.doFilter(OncePerRequestFilter.java:116)
	at org.apache.catalina.core.ApplicationFilterChain.internalDoFilter(ApplicationFilterChain.java:174)
	at org.apache.catalina.core.ApplicationFilterChain.doFilter(ApplicationFilterChain.java:149)
	at org.springframework.web.filter.FormContentFilter.doFilterInternal(FormContentFilter.java:93)
	at org.springframework.web.filter.OncePerRequestFilter.doFilter(OncePerRequestFilter.java:116)
	at org.apache.catalina.core.ApplicationFilterChain.internalDoFilter(ApplicationFilterChain.java:174)
	at org.apache.catalina.core.ApplicationFilterChain.doFilter(ApplicationFilterChain.java:149)
	at org.springframework.web.filter.CharacterEncodingFilter.doFilterInternal(CharacterEncodingFilter.java:201)
	at org.springframework.web.filter.OncePerRequestFilter.doFilter(OncePerRequestFilter.java:116)
	at org.apache.catalina.core.ApplicationFilterChain.internalDoFilter(ApplicationFilterChain.java:174)
	at org.apache.catalina.core.ApplicationFilterChain.doFilter(ApplicationFilterChain.java:149)
	at org.apache.catalina.core.StandardWrapperValve.invoke(StandardWrapperValve.java:167)
	at org.apache.catalina.core.StandardContextValve.invoke(StandardContextValve.java:90)
	at org.apache.catalina.authenticator.AuthenticatorBase.invoke(AuthenticatorBase.java:482)
	at org.apache.catalina.core.StandardHostValve.invoke(StandardHostValve.java:115)
	at org.apache.catalina.valves.ErrorReportValve.invoke(ErrorReportValve.java:93)
	at org.apache.catalina.core.StandardEngineValve.invoke(StandardEngineValve.java:74)
	at org.apache.catalina.connector.CoyoteAdapter.service(CoyoteAdapter.java:340)
	at org.apache.coyote.http11.Http11Processor.service(Http11Processor.java:391)
	at org.apache.coyote.AbstractProcessorLight.process(AbstractProcessorLight.java:63)
	at org.apache.coyote.AbstractProtocol$ConnectionHandler.process(AbstractProtocol.java:896)
	at org.apache.tomcat.util.net.NioEndpoint$SocketProcessor.doRun(NioEndpoint.java:1744)
	at org.apache.tomcat.util.net.SocketProcessorBase.run(SocketProcessorBase.java:52)
	at org.apache.tomcat.util.threads.ThreadPoolExecutor.runWorker(ThreadPoolExecutor.java:1191)
	at org.apache.tomcat.util.threads.ThreadPoolExecutor$Worker.run(ThreadPoolExecutor.java:659)
	at org.apache.tomcat.util.threads.TaskThread$WrappingRunnable.run(TaskThread.java:61)
	at java.base/java.lang.Thread.run(Thread.java:842)
2025-12-20 13:08:50.347 ERROR [http-nio-0.0.0.0-8081-exec-3] c.e.n.c.SampleJdbcController - ✗ Failed to connect to Supabase DB
org.mybatis.spring.MyBatisSystemException: null
	at org.mybatis.spring.MyBatisExceptionTranslator.translateExceptionIfPossible(MyBatisExceptionTranslator.java:97)
	at org.mybatis.spring.SqlSessionTemplate$SqlSessionInterceptor.invoke(SqlSessionTemplate.java:439)
	at jdk.proxy2/jdk.proxy2.$Proxy67.selectOne(Unknown Source)
	at org.mybatis.spring.SqlSessionTemplate.selectOne(SqlSessionTemplate.java:160)
	at org.apache.ibatis.binding.MapperMethod.execute(MapperMethod.java:87)
	at org.apache.ibatis.binding.MapperProxy$PlainMethodInvoker.invoke(MapperProxy.java:141)
	at org.apache.ibatis.binding.MapperProxy.invoke(MapperProxy.java:86)
	at jdk.proxy3/jdk.proxy3.$Proxy70.selectVersion(Unknown Source)
	at com.example.nproject.controller.SampleJdbcController.testConnection(SampleJdbcController.java:25)
	at java.base/jdk.internal.reflect.NativeMethodAccessorImpl.invoke0(Native Method)
	at java.base/jdk.internal.reflect.NativeMethodAccessorImpl.invoke(NativeMethodAccessorImpl.java:77)
	at java.base/jdk.internal.reflect.DelegatingMethodAccessorImpl.invoke(DelegatingMethodAccessorImpl.java:43)
	at java.base/java.lang.reflect.Method.invoke(Method.java:568)
	at org.springframework.web.method.support.InvocableHandlerMethod.doInvoke(InvocableHandlerMethod.java:254)
	at org.springframework.web.method.support.InvocableHandlerMethod.invokeForRequest(InvocableHandlerMethod.java:182)
	at org.springframework.web.servlet.mvc.method.annotation.ServletInvocableHandlerMethod.invokeAndHandle(ServletInvocableHandlerMethod.java:118)
	at org.springframework.web.servlet.mvc.method.annotation.RequestMappingHandlerAdapter.invokeHandlerMethod(RequestMappingHandlerAdapter.java:917)
	at org.springframework.web.servlet.mvc.method.annotation.RequestMappingHandlerAdapter.handleInternal(RequestMappingHandlerAdapter.java:829)
	at org.springframework.web.servlet.mvc.method.AbstractHandlerMethodAdapter.handle(AbstractHandlerMethodAdapter.java:87)
	at org.springframework.web.servlet.DispatcherServlet.doDispatch(DispatcherServlet.java:1089)
	at org.springframework.web.servlet.DispatcherServlet.doService(DispatcherServlet.java:979)
	at org.springframework.web.servlet.FrameworkServlet.processRequest(FrameworkServlet.java:1014)
	at org.springframework.web.servlet.FrameworkServlet.doGet(FrameworkServlet.java:903)
	at jakarta.servlet.http.HttpServlet.service(HttpServlet.java:564)
	at org.springframework.web.servlet.FrameworkServlet.service(FrameworkServlet.java:885)
	at jakarta.servlet.http.HttpServlet.service(HttpServlet.java:658)
	at org.apache.catalina.core.ApplicationFilterChain.internalDoFilter(ApplicationFilterChain.java:205)
	at org.apache.catalina.core.ApplicationFilterChain.doFilter(ApplicationFilterChain.java:149)
	at org.apache.tomcat.websocket.server.WsFilter.doFilter(WsFilter.java:51)
	at org.apache.catalina.core.ApplicationFilterChain.internalDoFilter(ApplicationFilterChain.java:174)
	at org.apache.catalina.core.ApplicationFilterChain.doFilter(ApplicationFilterChain.java:149)
	at org.springframework.web.filter.RequestContextFilter.doFilterInternal(RequestContextFilter.java:100)
	at org.springframework.web.filter.OncePerRequestFilter.doFilter(OncePerRequestFilter.java:116)
	at org.apache.catalina.core.ApplicationFilterChain.internalDoFilter(ApplicationFilterChain.java:174)
	at org.apache.catalina.core.ApplicationFilterChain.doFilter(ApplicationFilterChain.java:149)
	at org.springframework.web.filter.FormContentFilter.doFilterInternal(FormContentFilter.java:93)
	at org.springframework.web.filter.OncePerRequestFilter.doFilter(OncePerRequestFilter.java:116)
	at org.apache.catalina.core.ApplicationFilterChain.internalDoFilter(ApplicationFilterChain.java:174)
	at org.apache.catalina.core.ApplicationFilterChain.doFilter(ApplicationFilterChain.java:149)
	at org.springframework.web.filter.CharacterEncodingFilter.doFilterInternal(CharacterEncodingFilter.java:201)
	at org.springframework.web.filter.OncePerRequestFilter.doFilter(OncePerRequestFilter.java:116)
	at org.apache.catalina.core.ApplicationFilterChain.internalDoFilter(ApplicationFilterChain.java:174)
	at org.apache.catalina.core.ApplicationFilterChain.doFilter(ApplicationFilterChain.java:149)
	at org.apache.catalina.core.StandardWrapperValve.invoke(StandardWrapperValve.java:167)
	at org.apache.catalina.core.StandardContextValve.invoke(StandardContextValve.java:90)
	at org.apache.catalina.authenticator.AuthenticatorBase.invoke(AuthenticatorBase.java:482)
	at org.apache.catalina.core.StandardHostValve.invoke(StandardHostValve.java:115)
	at org.apache.catalina.valves.ErrorReportValve.invoke(ErrorReportValve.java:93)
	at org.apache.catalina.core.StandardEngineValve.invoke(StandardEngineValve.java:74)
	at org.apache.catalina.connector.CoyoteAdapter.service(CoyoteAdapter.java:340)
	at org.apache.coyote.http11.Http11Processor.service(Http11Processor.java:391)
	at org.apache.coyote.AbstractProcessorLight.process(AbstractProcessorLight.java:63)
	at org.apache.coyote.AbstractProtocol$ConnectionHandler.process(AbstractProtocol.java:896)
	at org.apache.tomcat.util.net.NioEndpoint$SocketProcessor.doRun(NioEndpoint.java:1744)
	at org.apache.tomcat.util.net.SocketProcessorBase.run(SocketProcessorBase.java:52)
	at org.apache.tomcat.util.threads.ThreadPoolExecutor.runWorker(ThreadPoolExecutor.java:1191)
	at org.apache.tomcat.util.threads.ThreadPoolExecutor$Worker.run(ThreadPoolExecutor.java:659)
	at org.apache.tomcat.util.threads.TaskThread$WrappingRunnable.run(TaskThread.java:61)
	at java.base/java.lang.Thread.run(Thread.java:842)
Caused by: org.apache.ibatis.exceptions.PersistenceException: 
### Error querying database.  Cause: org.springframework.jdbc.CannotGetJdbcConnectionException: Failed to obtain JDBC Connection
### The error may exist in file [C:\Dev_antigravity_git\meta_system\nproject\target\classes\mapper\SampleMapper.xml]
### The error may involve com.example.nproject.mapper.SampleMapper.selectVersion
### The error occurred while executing a query
### Cause: org.springframework.jdbc.CannotGetJdbcConnectionException: Failed to obtain JDBC Connection
	at org.apache.ibatis.exceptions.ExceptionFactory.wrapException(ExceptionFactory.java:30)
	at org.apache.ibatis.session.defaults.DefaultSqlSession.selectList(DefaultSqlSession.java:156)
	at org.apache.ibatis.session.defaults.DefaultSqlSession.selectList(DefaultSqlSession.java:147)
	at org.apache.ibatis.session.defaults.DefaultSqlSession.selectList(DefaultSqlSession.java:142)
	at org.apache.ibatis.session.defaults.DefaultSqlSession.selectOne(DefaultSqlSession.java:75)
	at java.base/jdk.internal.reflect.NativeMethodAccessorImpl.invoke0(Native Method)
	at java.base/jdk.internal.reflect.NativeMethodAccessorImpl.invoke(NativeMethodAccessorImpl.java:77)
	at java.base/jdk.internal.reflect.DelegatingMethodAccessorImpl.invoke(DelegatingMethodAccessorImpl.java:43)
	at java.base/java.lang.reflect.Method.invoke(Method.java:568)
	at org.mybatis.spring.SqlSessionTemplate$SqlSessionInterceptor.invoke(SqlSessionTemplate.java:425)
	... 57 common frames omitted
Caused by: org.springframework.jdbc.CannotGetJdbcConnectionException: Failed to obtain JDBC Connection
	at org.springframework.jdbc.datasource.DataSourceUtils.getConnection(DataSourceUtils.java:84)
	at org.mybatis.spring.transaction.SpringManagedTransaction.openConnection(SpringManagedTransaction.java:80)
	at org.mybatis.spring.transaction.SpringManagedTransaction.getConnection(SpringManagedTransaction.java:67)
	at org.apache.ibatis.executor.BaseExecutor.getConnection(BaseExecutor.java:348)
	at org.apache.ibatis.executor.SimpleExecutor.prepareStatement(SimpleExecutor.java:89)
	at org.apache.ibatis.executor.SimpleExecutor.doQuery(SimpleExecutor.java:64)
	at org.apache.ibatis.executor.BaseExecutor.queryFromDatabase(BaseExecutor.java:336)
	at org.apache.ibatis.executor.BaseExecutor.query(BaseExecutor.java:158)
	at org.apache.ibatis.executor.CachingExecutor.query(CachingExecutor.java:110)
	at org.apache.ibatis.executor.CachingExecutor.query(CachingExecutor.java:90)
	at org.apache.ibatis.session.defaults.DefaultSqlSession.selectList(DefaultSqlSession.java:154)
	... 65 common frames omitted
Caused by: org.postgresql.util.PSQLException: FATAL: Tenant or user not found
	at org.postgresql.core.v3.ConnectionFactoryImpl.doAuthentication(ConnectionFactoryImpl.java:693)
	at org.postgresql.core.v3.ConnectionFactoryImpl.tryConnect(ConnectionFactoryImpl.java:203)
	at org.postgresql.core.v3.ConnectionFactoryImpl.openConnectionImpl(ConnectionFactoryImpl.java:258)
	at org.postgresql.core.ConnectionFactory.openConnection(ConnectionFactory.java:54)
	at org.postgresql.jdbc.PgConnection.<init>(PgConnection.java:263)
	at org.postgresql.Driver.makeConnection(Driver.java:443)
	at org.postgresql.Driver.connect(Driver.java:297)
	at com.zaxxer.hikari.util.DriverDataSource.getConnection(DriverDataSource.java:138)
	at com.zaxxer.hikari.pool.PoolBase.newConnection(PoolBase.java:359)
	at com.zaxxer.hikari.pool.PoolBase.newPoolEntry(PoolBase.java:201)
	at com.zaxxer.hikari.pool.HikariPool.createPoolEntry(HikariPool.java:470)
	at com.zaxxer.hikari.pool.HikariPool.checkFailFast(HikariPool.java:561)
	at com.zaxxer.hikari.pool.HikariPool.<init>(HikariPool.java:100)
	at com.zaxxer.hikari.HikariDataSource.getConnection(HikariDataSource.java:112)
	at org.springframework.jdbc.datasource.DataSourceUtils.fetchConnection(DataSourceUtils.java:160)
	at org.springframework.jdbc.datasource.DataSourceUtils.doGetConnection(DataSourceUtils.java:118)
	at org.springframework.jdbc.datasource.DataSourceUtils.getConnection(DataSourceUtils.java:81)
	... 75 common frames omitted
2025-12-20 13:08:50.349 ERROR [http-nio-0.0.0.0-8081-exec-3] c.e.n.c.SampleJdbcController - Error message: null
2025-12-20 13:08:50.350 DEBUG [http-nio-0.0.0.0-8081-exec-3] o.s.w.s.m.m.a.RequestResponseBodyMethodProcessor - Using 'application/json;q=0.8', given [text/html, application/xhtml+xml, image/avif, image/webp, image/apng, application/xml;q=0.9, */*;q=0.8, application/signed-exchange;v=b3;q=0.7] and supported [application/json, application/*+json]
2025-12-20 13:08:50.350 DEBUG [http-nio-0.0.0.0-8081-exec-3] o.s.w.s.m.m.a.RequestResponseBodyMethodProcessor - Writing [{message=Supabase DB Connection Failed!, error=null, status=error, timestamp=2025-12-20T13:08:50.349 (truncated)...]
2025-12-20 13:08:50.350 DEBUG [http-nio-0.0.0.0-8081-exec-3] o.s.web.servlet.DispatcherServlet - Completed 200 OK
2025-12-20 13:17:38.099 INFO  [RMI TCP Connection(24)-127.0.0.1] o.s.b.a.SpringApplicationAdminMXBeanRegistrar$SpringApplicationAdmin - Application shutdown requested.
2025-12-20 13:17:38.104 INFO  [RMI TCP Connection(24)-127.0.0.1] o.a.coyote.http11.Http11NioProtocol - Stopping ProtocolHandler ["http-nio-0.0.0.0-8081"]
2025-12-20 13:17:39.925 INFO  [restartedMain] c.e.nproject.NprojectApplication - Starting NprojectApplication using Java 17.0.12 with PID 21308 (C:\Dev_antigravity_git\meta_system\nproject\target\classes started by jkljkl in C:\Dev_antigravity_git\meta_system\nproject)
2025-12-20 13:17:39.926 DEBUG [restartedMain] c.e.nproject.NprojectApplication - Running with Spring Boot v3.2.0, Spring v6.1.1
2025-12-20 13:17:39.926 INFO  [restartedMain] c.e.nproject.NprojectApplication - No active profile set, falling back to 1 default profile: "default"
2025-12-20 13:17:39.971 INFO  [restartedMain] o.s.b.d.e.DevToolsPropertyDefaultsPostProcessor - Devtools property defaults active! Set 'spring.devtools.add-properties' to 'false' to disable
2025-12-20 13:17:39.971 INFO  [restartedMain] o.s.b.d.e.DevToolsPropertyDefaultsPostProcessor - For additional web related logging consider setting the 'logging.level.web' property to 'DEBUG'
2025-12-20 13:17:40.523 DEBUG [restartedMain] o.apache.ibatis.logging.LogFactory - Logging initialized using 'class org.apache.ibatis.logging.slf4j.Slf4jImpl' adapter.
2025-12-20 13:17:40.837 INFO  [restartedMain] o.s.b.w.e.tomcat.TomcatWebServer - Tomcat initialized with port 8081 (http)
2025-12-20 13:17:40.844 INFO  [restartedMain] o.a.coyote.http11.Http11NioProtocol - Initializing ProtocolHandler ["http-nio-0.0.0.0-8081"]
2025-12-20 13:17:40.845 INFO  [restartedMain] o.a.catalina.core.StandardService - Starting service [Tomcat]
2025-12-20 13:17:40.846 INFO  [restartedMain] o.a.catalina.core.StandardEngine - Starting Servlet engine: [Apache Tomcat/10.1.16]
2025-12-20 13:17:40.884 INFO  [restartedMain] o.a.c.c.C.[Tomcat].[localhost].[/] - Initializing Spring embedded WebApplicationContext
2025-12-20 13:17:40.885 INFO  [restartedMain] o.s.b.w.s.c.ServletWebServerApplicationContext - Root WebApplicationContext: initialization completed in 913 ms
2025-12-20 13:17:41.195 DEBUG [restartedMain] o.s.w.s.m.m.a.RequestMappingHandlerMapping - 12 mappings in 'requestMappingHandlerMapping'
2025-12-20 13:17:41.248 DEBUG [restartedMain] o.s.w.s.h.SimpleUrlHandlerMapping - Patterns [/webjars/**, /**] in 'resourceHandlerMapping'
2025-12-20 13:17:41.271 DEBUG [restartedMain] o.s.w.s.m.m.a.RequestMappingHandlerAdapter - ControllerAdvice beans: 0 @ModelAttribute, 0 @InitBinder, 1 RequestBodyAdvice, 1 ResponseBodyAdvice
2025-12-20 13:17:41.300 DEBUG [restartedMain] o.s.w.s.m.m.a.ExceptionHandlerExceptionResolver - ControllerAdvice beans: 0 @ExceptionHandler, 1 ResponseBodyAdvice
2025-12-20 13:17:41.401 INFO  [restartedMain] o.s.b.d.a.OptionalLiveReloadServer - LiveReload server is running on port 35729
2025-12-20 13:17:41.419 INFO  [restartedMain] o.a.coyote.http11.Http11NioProtocol - Starting ProtocolHandler ["http-nio-0.0.0.0-8081"]
2025-12-20 13:17:41.438 INFO  [restartedMain] o.s.b.w.e.tomcat.TomcatWebServer - Tomcat started on port 8081 (http) with context path ''
2025-12-20 13:17:41.448 INFO  [restartedMain] c.e.nproject.NprojectApplication - Started NprojectApplication in 1.891 seconds (process running for 2.46)
2025-12-20 13:18:06.678 INFO  [http-nio-0.0.0.0-8081-exec-1] o.a.c.c.C.[Tomcat].[localhost].[/] - Initializing Spring DispatcherServlet 'dispatcherServlet'
2025-12-20 13:18:06.678 INFO  [http-nio-0.0.0.0-8081-exec-1] o.s.web.servlet.DispatcherServlet - Initializing Servlet 'dispatcherServlet'
2025-12-20 13:18:06.680 DEBUG [http-nio-0.0.0.0-8081-exec-1] o.s.web.servlet.DispatcherServlet - Detected StandardServletMultipartResolver
2025-12-20 13:18:06.680 DEBUG [http-nio-0.0.0.0-8081-exec-1] o.s.web.servlet.DispatcherServlet - Detected AcceptHeaderLocaleResolver
2025-12-20 13:18:06.680 DEBUG [http-nio-0.0.0.0-8081-exec-1] o.s.web.servlet.DispatcherServlet - Detected FixedThemeResolver
2025-12-20 13:18:06.683 DEBUG [http-nio-0.0.0.0-8081-exec-1] o.s.web.servlet.DispatcherServlet - Detected org.springframework.web.servlet.view.DefaultRequestToViewNameTranslator@611d4e4b
2025-12-20 13:18:06.683 DEBUG [http-nio-0.0.0.0-8081-exec-1] o.s.web.servlet.DispatcherServlet - Detected org.springframework.web.servlet.support.SessionFlashMapManager@6bca1e5f
2025-12-20 13:18:06.684 DEBUG [http-nio-0.0.0.0-8081-exec-1] o.s.web.servlet.DispatcherServlet - enableLoggingRequestDetails='false': request parameters and headers will be masked to prevent unsafe logging of potentially sensitive data
2025-12-20 13:18:06.684 INFO  [http-nio-0.0.0.0-8081-exec-1] o.s.web.servlet.DispatcherServlet - Completed initialization in 6 ms
2025-12-20 13:18:06.691 DEBUG [http-nio-0.0.0.0-8081-exec-1] o.s.web.servlet.DispatcherServlet - GET "/std-word/list", parameters={}
2025-12-20 13:18:06.703 DEBUG [http-nio-0.0.0.0-8081-exec-1] o.s.w.s.m.m.a.RequestMappingHandlerMapping - Mapped to com.example.nproject.controller.MetaStdWordController#list(MetaStdWordDto, Model)
2025-12-20 13:18:06.750 DEBUG [http-nio-0.0.0.0-8081-exec-1] o.s.jdbc.datasource.DataSourceUtils - Fetching JDBC Connection from DataSource
2025-12-20 13:18:06.751 INFO  [http-nio-0.0.0.0-8081-exec-1] com.zaxxer.hikari.HikariDataSource - HikariPool-1 - Starting...
2025-12-20 13:18:07.119 INFO  [http-nio-0.0.0.0-8081-exec-1] com.zaxxer.hikari.pool.HikariPool - HikariPool-1 - Added connection org.postgresql.jdbc.PgConnection@2594cf85
2025-12-20 13:18:07.122 INFO  [http-nio-0.0.0.0-8081-exec-1] com.zaxxer.hikari.HikariDataSource - HikariPool-1 - Start completed.
2025-12-20 13:18:07.128 DEBUG [http-nio-0.0.0.0-8081-exec-1] c.e.n.m.M.selectStdWordList - ==>  Preparing: SELECT word_id as wordId, std_word_name as stdWordName, eng_abbr_name as engAbbrName, eng_full_name as engFullName, definition, domain_type as domainType, use_yn as useYn FROM meta_std_word ORDER BY word_id LIMIT ? OFFSET ?
2025-12-20 13:18:07.140 DEBUG [http-nio-0.0.0.0-8081-exec-1] c.e.n.m.M.selectStdWordList - ==> Parameters: 10(Integer), 0(Integer)
2025-12-20 13:18:07.167 DEBUG [http-nio-0.0.0.0-8081-exec-1] c.e.n.m.M.selectStdWordList - <==      Total: 10
2025-12-20 13:18:07.174 DEBUG [http-nio-0.0.0.0-8081-exec-1] o.s.jdbc.datasource.DataSourceUtils - Fetching JDBC Connection from DataSource
2025-12-20 13:18:07.174 DEBUG [http-nio-0.0.0.0-8081-exec-1] c.e.n.m.M.countStdWordList - ==>  Preparing: SELECT COUNT(*) FROM meta_std_word
2025-12-20 13:18:07.175 DEBUG [http-nio-0.0.0.0-8081-exec-1] c.e.n.m.M.countStdWordList - ==> Parameters: 
2025-12-20 13:18:07.184 DEBUG [http-nio-0.0.0.0-8081-exec-1] c.e.n.m.M.countStdWordList - <==      Total: 1
2025-12-20 13:18:07.192 DEBUG [http-nio-0.0.0.0-8081-exec-1] o.s.w.s.v.ContentNegotiatingViewResolver - Selected 'text/html' given [text/html, application/xhtml+xml, image/avif, image/webp, image/apng, application/xml;q=0.9, */*;q=0.8, application/signed-exchange;v=b3;q=0.7]
2025-12-20 13:18:07.442 DEBUG [http-nio-0.0.0.0-8081-exec-1] o.s.web.servlet.DispatcherServlet - Completed 200 OK
2025-12-20 13:18:07.483 DEBUG [http-nio-0.0.0.0-8081-exec-2] o.s.web.servlet.DispatcherServlet - GET "/css/common.css", parameters={}
2025-12-20 13:18:07.486 DEBUG [http-nio-0.0.0.0-8081-exec-3] o.s.web.servlet.DispatcherServlet - GET "/css/std_word_list.css", parameters={}
2025-12-20 13:18:07.486 DEBUG [http-nio-0.0.0.0-8081-exec-4] o.s.web.servlet.DispatcherServlet - GET "/js/std_word_list.js", parameters={}
2025-12-20 13:18:07.488 DEBUG [http-nio-0.0.0.0-8081-exec-2] o.s.w.s.h.SimpleUrlHandlerMapping - Mapped to ResourceHttpRequestHandler [classpath [META-INF/resources/], classpath [resources/], classpath [static/], classpath [public/], ServletContext [/]]
2025-12-20 13:18:07.488 DEBUG [http-nio-0.0.0.0-8081-exec-3] o.s.w.s.h.SimpleUrlHandlerMapping - Mapped to ResourceHttpRequestHandler [classpath [META-INF/resources/], classpath [resources/], classpath [static/], classpath [public/], ServletContext [/]]
2025-12-20 13:18:07.488 DEBUG [http-nio-0.0.0.0-8081-exec-4] o.s.w.s.h.SimpleUrlHandlerMapping - Mapped to ResourceHttpRequestHandler [classpath [META-INF/resources/], classpath [resources/], classpath [static/], classpath [public/], ServletContext [/]]
2025-12-20 13:18:07.500 DEBUG [http-nio-0.0.0.0-8081-exec-4] o.s.web.servlet.DispatcherServlet - Completed 200 OK
2025-12-20 13:18:07.500 DEBUG [http-nio-0.0.0.0-8081-exec-3] o.s.web.servlet.DispatcherServlet - Completed 200 OK
2025-12-20 13:18:07.501 DEBUG [http-nio-0.0.0.0-8081-exec-2] o.s.web.servlet.DispatcherServlet - Completed 200 OK
2025-12-20 13:18:12.336 DEBUG [http-nio-0.0.0.0-8081-exec-5] o.s.web.servlet.DispatcherServlet - GET "/std-word/list?size=10&stdWordName=%EB%B3%80%EA%B2%BD", parameters={masked}
2025-12-20 13:18:12.337 DEBUG [http-nio-0.0.0.0-8081-exec-5] o.s.w.s.m.m.a.RequestMappingHandlerMapping - Mapped to com.example.nproject.controller.MetaStdWordController#list(MetaStdWordDto, Model)
2025-12-20 13:18:12.339 DEBUG [http-nio-0.0.0.0-8081-exec-5] o.s.jdbc.datasource.DataSourceUtils - Fetching JDBC Connection from DataSource
2025-12-20 13:18:12.344 DEBUG [http-nio-0.0.0.0-8081-exec-5] c.e.n.m.M.selectStdWordList - ==>  Preparing: SELECT word_id as wordId, std_word_name as stdWordName, eng_abbr_name as engAbbrName, eng_full_name as engFullName, definition, domain_type as domainType, use_yn as useYn FROM meta_std_word WHERE std_word_name LIKE '%' || ? || '%' ORDER BY word_id LIMIT ? OFFSET ?
2025-12-20 13:18:12.345 DEBUG [http-nio-0.0.0.0-8081-exec-5] c.e.n.m.M.selectStdWordList - ==> Parameters: 변경(String), 10(Integer), 0(Integer)
2025-12-20 13:18:12.355 DEBUG [http-nio-0.0.0.0-8081-exec-5] c.e.n.m.M.selectStdWordList - <==      Total: 1
2025-12-20 13:18:12.355 DEBUG [http-nio-0.0.0.0-8081-exec-5] o.s.jdbc.datasource.DataSourceUtils - Fetching JDBC Connection from DataSource
2025-12-20 13:18:12.356 DEBUG [http-nio-0.0.0.0-8081-exec-5] c.e.n.m.M.countStdWordList - ==>  Preparing: SELECT COUNT(*) FROM meta_std_word WHERE std_word_name LIKE '%' || ? || '%'
2025-12-20 13:18:12.356 DEBUG [http-nio-0.0.0.0-8081-exec-5] c.e.n.m.M.countStdWordList - ==> Parameters: 변경(String)
2025-12-20 13:18:12.363 DEBUG [http-nio-0.0.0.0-8081-exec-5] c.e.n.m.M.countStdWordList - <==      Total: 1
2025-12-20 13:18:12.363 DEBUG [http-nio-0.0.0.0-8081-exec-5] o.s.w.s.v.ContentNegotiatingViewResolver - Selected 'text/html' given [text/html, application/xhtml+xml, image/avif, image/webp, image/apng, application/xml;q=0.9, */*;q=0.8, application/signed-exchange;v=b3;q=0.7]
2025-12-20 13:18:12.371 DEBUG [http-nio-0.0.0.0-8081-exec-5] o.s.web.servlet.DispatcherServlet - Completed 200 OK
2025-12-20 13:18:12.392 DEBUG [http-nio-0.0.0.0-8081-exec-6] o.s.web.servlet.DispatcherServlet - GET "/css/common.css", parameters={}
2025-12-20 13:18:12.393 DEBUG [http-nio-0.0.0.0-8081-exec-6] o.s.w.s.h.SimpleUrlHandlerMapping - Mapped to ResourceHttpRequestHandler [classpath [META-INF/resources/], classpath [resources/], classpath [static/], classpath [public/], ServletContext [/]]
2025-12-20 13:18:12.395 DEBUG [http-nio-0.0.0.0-8081-exec-8] o.s.web.servlet.DispatcherServlet - GET "/js/std_word_list.js", parameters={}
2025-12-20 13:18:12.395 DEBUG [http-nio-0.0.0.0-8081-exec-7] o.s.web.servlet.DispatcherServlet - GET "/css/std_word_list.css", parameters={}
2025-12-20 13:18:12.396 DEBUG [http-nio-0.0.0.0-8081-exec-8] o.s.w.s.h.SimpleUrlHandlerMapping - Mapped to ResourceHttpRequestHandler [classpath [META-INF/resources/], classpath [resources/], classpath [static/], classpath [public/], ServletContext [/]]
2025-12-20 13:18:12.396 DEBUG [http-nio-0.0.0.0-8081-exec-7] o.s.w.s.h.SimpleUrlHandlerMapping - Mapped to ResourceHttpRequestHandler [classpath [META-INF/resources/], classpath [resources/], classpath [static/], classpath [public/], ServletContext [/]]
2025-12-20 13:18:12.397 DEBUG [http-nio-0.0.0.0-8081-exec-6] o.s.web.servlet.DispatcherServlet - Completed 200 OK
2025-12-20 13:18:12.399 DEBUG [http-nio-0.0.0.0-8081-exec-8] o.s.web.servlet.DispatcherServlet - Completed 200 OK
2025-12-20 13:18:12.399 DEBUG [http-nio-0.0.0.0-8081-exec-7] o.s.web.servlet.DispatcherServlet - Completed 200 OK
2025-12-20 13:18:21.359 DEBUG [http-nio-0.0.0.0-8081-exec-9] o.s.web.servlet.DispatcherServlet - GET "/std-word/insert", parameters={}
2025-12-20 13:18:21.359 DEBUG [http-nio-0.0.0.0-8081-exec-9] o.s.w.s.m.m.a.RequestMappingHandlerMapping - Mapped to com.example.nproject.controller.MetaStdWordController#insertForm(Model)
2025-12-20 13:18:21.360 DEBUG [http-nio-0.0.0.0-8081-exec-9] o.s.w.s.v.ContentNegotiatingViewResolver - Selected 'text/html' given [text/html, application/xhtml+xml, image/avif, image/webp, image/apng, application/xml;q=0.9, */*;q=0.8, application/signed-exchange;v=b3;q=0.7]
2025-12-20 13:18:21.371 DEBUG [http-nio-0.0.0.0-8081-exec-9] o.s.web.servlet.DispatcherServlet - Completed 200 OK
2025-12-20 13:18:21.390 DEBUG [http-nio-0.0.0.0-8081-exec-10] o.s.web.servlet.DispatcherServlet - GET "/css/common.css", parameters={}
2025-12-20 13:18:21.390 DEBUG [http-nio-0.0.0.0-8081-exec-10] o.s.w.s.h.SimpleUrlHandlerMapping - Mapped to ResourceHttpRequestHandler [classpath [META-INF/resources/], classpath [resources/], classpath [static/], classpath [public/], ServletContext [/]]
2025-12-20 13:18:21.394 DEBUG [http-nio-0.0.0.0-8081-exec-10] o.s.web.servlet.DispatcherServlet - Completed 200 OK
2025-12-20 13:18:21.397 DEBUG [http-nio-0.0.0.0-8081-exec-1] o.s.web.servlet.DispatcherServlet - GET "/css/std_word_insert.css", parameters={}
2025-12-20 13:18:21.397 DEBUG [http-nio-0.0.0.0-8081-exec-10] o.s.web.servlet.DispatcherServlet - GET "/js/std_word_insert.js", parameters={}
2025-12-20 13:18:21.398 DEBUG [http-nio-0.0.0.0-8081-exec-1] o.s.w.s.h.SimpleUrlHandlerMapping - Mapped to ResourceHttpRequestHandler [classpath [META-INF/resources/], classpath [resources/], classpath [static/], classpath [public/], ServletContext [/]]
2025-12-20 13:18:21.398 DEBUG [http-nio-0.0.0.0-8081-exec-10] o.s.w.s.h.SimpleUrlHandlerMapping - Mapped to ResourceHttpRequestHandler [classpath [META-INF/resources/], classpath [resources/], classpath [static/], classpath [public/], ServletContext [/]]
2025-12-20 13:18:21.400 DEBUG [http-nio-0.0.0.0-8081-exec-10] o.s.web.servlet.DispatcherServlet - Completed 200 OK
2025-12-20 13:18:21.400 DEBUG [http-nio-0.0.0.0-8081-exec-1] o.s.web.servlet.DispatcherServlet - Completed 200 OK
2025-12-20 13:18:23.912 DEBUG [http-nio-0.0.0.0-8081-exec-4] o.s.web.servlet.DispatcherServlet - GET "/std-word/list", parameters={}
2025-12-20 13:18:23.912 DEBUG [http-nio-0.0.0.0-8081-exec-4] o.s.w.s.m.m.a.RequestMappingHandlerMapping - Mapped to com.example.nproject.controller.MetaStdWordController#list(MetaStdWordDto, Model)
2025-12-20 13:18:23.913 DEBUG [http-nio-0.0.0.0-8081-exec-4] o.s.jdbc.datasource.DataSourceUtils - Fetching JDBC Connection from DataSource
2025-12-20 13:18:23.931 DEBUG [http-nio-0.0.0.0-8081-exec-4] c.e.n.m.M.selectStdWordList - ==>  Preparing: SELECT word_id as wordId, std_word_name as stdWordName, eng_abbr_name as engAbbrName, eng_full_name as engFullName, definition, domain_type as domainType, use_yn as useYn FROM meta_std_word ORDER BY word_id LIMIT ? OFFSET ?
2025-12-20 13:18:23.932 DEBUG [http-nio-0.0.0.0-8081-exec-4] c.e.n.m.M.selectStdWordList - ==> Parameters: 10(Integer), 0(Integer)
2025-12-20 13:18:23.969 DEBUG [http-nio-0.0.0.0-8081-exec-4] c.e.n.m.M.selectStdWordList - <==      Total: 10
2025-12-20 13:18:23.970 DEBUG [http-nio-0.0.0.0-8081-exec-4] o.s.jdbc.datasource.DataSourceUtils - Fetching JDBC Connection from DataSource
2025-12-20 13:18:23.970 DEBUG [http-nio-0.0.0.0-8081-exec-4] c.e.n.m.M.countStdWordList - ==>  Preparing: SELECT COUNT(*) FROM meta_std_word
2025-12-20 13:18:23.970 DEBUG [http-nio-0.0.0.0-8081-exec-4] c.e.n.m.M.countStdWordList - ==> Parameters: 
2025-12-20 13:18:23.981 DEBUG [http-nio-0.0.0.0-8081-exec-4] c.e.n.m.M.countStdWordList - <==      Total: 1
2025-12-20 13:18:23.982 DEBUG [http-nio-0.0.0.0-8081-exec-4] o.s.w.s.v.ContentNegotiatingViewResolver - Selected 'text/html' given [text/html, application/xhtml+xml, image/avif, image/webp, image/apng, application/xml;q=0.9, */*;q=0.8, application/signed-exchange;v=b3;q=0.7]
2025-12-20 13:18:23.995 DEBUG [http-nio-0.0.0.0-8081-exec-4] o.s.web.servlet.DispatcherServlet - Completed 200 OK
2025-12-20 13:18:24.011 DEBUG [http-nio-0.0.0.0-8081-exec-2] o.s.web.servlet.DispatcherServlet - GET "/css/common.css", parameters={}
2025-12-20 13:18:24.012 DEBUG [http-nio-0.0.0.0-8081-exec-2] o.s.w.s.h.SimpleUrlHandlerMapping - Mapped to ResourceHttpRequestHandler [classpath [META-INF/resources/], classpath [resources/], classpath [static/], classpath [public/], ServletContext [/]]
2025-12-20 13:18:24.015 DEBUG [http-nio-0.0.0.0-8081-exec-5] o.s.web.servlet.DispatcherServlet - GET "/css/std_word_list.css", parameters={}
2025-12-20 13:18:24.015 DEBUG [http-nio-0.0.0.0-8081-exec-6] o.s.web.servlet.DispatcherServlet - GET "/js/std_word_list.js", parameters={}
2025-12-20 13:18:24.015 DEBUG [http-nio-0.0.0.0-8081-exec-2] o.s.web.servlet.DispatcherServlet - Completed 200 OK
2025-12-20 13:18:24.016 DEBUG [http-nio-0.0.0.0-8081-exec-5] o.s.w.s.h.SimpleUrlHandlerMapping - Mapped to ResourceHttpRequestHandler [classpath [META-INF/resources/], classpath [resources/], classpath [static/], classpath [public/], ServletContext [/]]
2025-12-20 13:18:24.016 DEBUG [http-nio-0.0.0.0-8081-exec-6] o.s.w.s.h.SimpleUrlHandlerMapping - Mapped to ResourceHttpRequestHandler [classpath [META-INF/resources/], classpath [resources/], classpath [static/], classpath [public/], ServletContext [/]]
2025-12-20 13:18:24.018 DEBUG [http-nio-0.0.0.0-8081-exec-6] o.s.web.servlet.DispatcherServlet - Completed 200 OK
2025-12-20 13:18:24.018 DEBUG [http-nio-0.0.0.0-8081-exec-5] o.s.web.servlet.DispatcherServlet - Completed 200 OK
2025-12-20 13:18:24.249 DEBUG [http-nio-0.0.0.0-8081-exec-7] o.s.web.servlet.DispatcherServlet - GET "/std-word/insert", parameters={}
2025-12-20 13:18:24.249 DEBUG [http-nio-0.0.0.0-8081-exec-7] o.s.w.s.m.m.a.RequestMappingHandlerMapping - Mapped to com.example.nproject.controller.MetaStdWordController#insertForm(Model)
2025-12-20 13:18:24.250 DEBUG [http-nio-0.0.0.0-8081-exec-7] o.s.w.s.v.ContentNegotiatingViewResolver - Selected 'text/html' given [text/html, application/xhtml+xml, image/avif, image/webp, image/apng, application/xml;q=0.9, */*;q=0.8, application/signed-exchange;v=b3;q=0.7]
2025-12-20 13:18:24.256 DEBUG [http-nio-0.0.0.0-8081-exec-7] o.s.web.servlet.DispatcherServlet - Completed 200 OK
2025-12-20 13:18:24.273 DEBUG [http-nio-0.0.0.0-8081-exec-8] o.s.web.servlet.DispatcherServlet - GET "/css/common.css", parameters={}
2025-12-20 13:18:24.273 DEBUG [http-nio-0.0.0.0-8081-exec-8] o.s.w.s.h.SimpleUrlHandlerMapping - Mapped to ResourceHttpRequestHandler [classpath [META-INF/resources/], classpath [resources/], classpath [static/], classpath [public/], ServletContext [/]]
2025-12-20 13:18:24.276 DEBUG [http-nio-0.0.0.0-8081-exec-8] o.s.web.servlet.DispatcherServlet - Completed 200 OK
2025-12-20 13:18:24.277 DEBUG [http-nio-0.0.0.0-8081-exec-3] o.s.web.servlet.DispatcherServlet - GET "/js/std_word_insert.js", parameters={}
2025-12-20 13:18:24.277 DEBUG [http-nio-0.0.0.0-8081-exec-9] o.s.web.servlet.DispatcherServlet - GET "/css/std_word_insert.css", parameters={}
2025-12-20 13:18:24.278 DEBUG [http-nio-0.0.0.0-8081-exec-3] o.s.w.s.h.SimpleUrlHandlerMapping - Mapped to ResourceHttpRequestHandler [classpath [META-INF/resources/], classpath [resources/], classpath [static/], classpath [public/], ServletContext [/]]
2025-12-20 13:18:24.278 DEBUG [http-nio-0.0.0.0-8081-exec-9] o.s.w.s.h.SimpleUrlHandlerMapping - Mapped to ResourceHttpRequestHandler [classpath [META-INF/resources/], classpath [resources/], classpath [static/], classpath [public/], ServletContext [/]]
2025-12-20 13:18:24.281 DEBUG [http-nio-0.0.0.0-8081-exec-3] o.s.web.servlet.DispatcherServlet - Completed 200 OK
2025-12-20 13:18:24.281 DEBUG [http-nio-0.0.0.0-8081-exec-9] o.s.web.servlet.DispatcherServlet - Completed 200 OK
2025-12-20 13:18:26.007 DEBUG [http-nio-0.0.0.0-8081-exec-1] o.s.web.servlet.DispatcherServlet - GET "/std-word/insert", parameters={}
2025-12-20 13:18:26.008 DEBUG [http-nio-0.0.0.0-8081-exec-1] o.s.w.s.m.m.a.RequestMappingHandlerMapping - Mapped to com.example.nproject.controller.MetaStdWordController#insertForm(Model)
2025-12-20 13:18:26.008 DEBUG [http-nio-0.0.0.0-8081-exec-1] o.s.w.s.v.ContentNegotiatingViewResolver - Selected 'text/html' given [text/html, application/xhtml+xml, image/avif, image/webp, image/apng, application/xml;q=0.9, */*;q=0.8, application/signed-exchange;v=b3;q=0.7]
2025-12-20 13:18:26.013 DEBUG [http-nio-0.0.0.0-8081-exec-1] o.s.web.servlet.DispatcherServlet - Completed 200 OK
2025-12-20 13:18:26.033 DEBUG [http-nio-0.0.0.0-8081-exec-10] o.s.web.servlet.DispatcherServlet - GET "/css/common.css", parameters={}
2025-12-20 13:18:26.034 DEBUG [http-nio-0.0.0.0-8081-exec-4] o.s.web.servlet.DispatcherServlet - GET "/css/std_word_insert.css", parameters={}
2025-12-20 13:18:26.034 DEBUG [http-nio-0.0.0.0-8081-exec-2] o.s.web.servlet.DispatcherServlet - GET "/js/std_word_insert.js", parameters={}
2025-12-20 13:18:26.034 DEBUG [http-nio-0.0.0.0-8081-exec-2] o.s.w.s.h.SimpleUrlHandlerMapping - Mapped to ResourceHttpRequestHandler [classpath [META-INF/resources/], classpath [resources/], classpath [static/], classpath [public/], ServletContext [/]]
2025-12-20 13:18:26.034 DEBUG [http-nio-0.0.0.0-8081-exec-10] o.s.w.s.h.SimpleUrlHandlerMapping - Mapped to ResourceHttpRequestHandler [classpath [META-INF/resources/], classpath [resources/], classpath [static/], classpath [public/], ServletContext [/]]
2025-12-20 13:18:26.034 DEBUG [http-nio-0.0.0.0-8081-exec-4] o.s.w.s.h.SimpleUrlHandlerMapping - Mapped to ResourceHttpRequestHandler [classpath [META-INF/resources/], classpath [resources/], classpath [static/], classpath [public/], ServletContext [/]]
2025-12-20 13:18:26.036 DEBUG [http-nio-0.0.0.0-8081-exec-2] o.s.web.servlet.DispatcherServlet - Completed 200 OK
2025-12-20 13:18:26.036 DEBUG [http-nio-0.0.0.0-8081-exec-10] o.s.web.servlet.DispatcherServlet - Completed 200 OK
2025-12-20 13:18:26.036 DEBUG [http-nio-0.0.0.0-8081-exec-4] o.s.web.servlet.DispatcherServlet - Completed 200 OK
2025-12-20 13:18:26.331 DEBUG [http-nio-0.0.0.0-8081-exec-6] o.s.web.servlet.DispatcherServlet - GET "/std-word/list", parameters={}
2025-12-20 13:18:26.331 DEBUG [http-nio-0.0.0.0-8081-exec-6] o.s.w.s.m.m.a.RequestMappingHandlerMapping - Mapped to com.example.nproject.controller.MetaStdWordController#list(MetaStdWordDto, Model)
2025-12-20 13:18:26.332 DEBUG [http-nio-0.0.0.0-8081-exec-6] o.s.jdbc.datasource.DataSourceUtils - Fetching JDBC Connection from DataSource
2025-12-20 13:18:26.338 DEBUG [http-nio-0.0.0.0-8081-exec-6] c.e.n.m.M.selectStdWordList - ==>  Preparing: SELECT word_id as wordId, std_word_name as stdWordName, eng_abbr_name as engAbbrName, eng_full_name as engFullName, definition, domain_type as domainType, use_yn as useYn FROM meta_std_word ORDER BY word_id LIMIT ? OFFSET ?
2025-12-20 13:18:26.338 DEBUG [http-nio-0.0.0.0-8081-exec-6] c.e.n.m.M.selectStdWordList - ==> Parameters: 10(Integer), 0(Integer)
2025-12-20 13:18:26.345 DEBUG [http-nio-0.0.0.0-8081-exec-6] c.e.n.m.M.selectStdWordList - <==      Total: 10
2025-12-20 13:18:26.345 DEBUG [http-nio-0.0.0.0-8081-exec-6] o.s.jdbc.datasource.DataSourceUtils - Fetching JDBC Connection from DataSource
2025-12-20 13:18:26.345 DEBUG [http-nio-0.0.0.0-8081-exec-6] c.e.n.m.M.countStdWordList - ==>  Preparing: SELECT COUNT(*) FROM meta_std_word
2025-12-20 13:18:26.345 DEBUG [http-nio-0.0.0.0-8081-exec-6] c.e.n.m.M.countStdWordList - ==> Parameters: 
2025-12-20 13:18:26.352 DEBUG [http-nio-0.0.0.0-8081-exec-6] c.e.n.m.M.countStdWordList - <==      Total: 1
2025-12-20 13:18:26.353 DEBUG [http-nio-0.0.0.0-8081-exec-6] o.s.w.s.v.ContentNegotiatingViewResolver - Selected 'text/html' given [text/html, application/xhtml+xml, image/avif, image/webp, image/apng, application/xml;q=0.9, */*;q=0.8, application/signed-exchange;v=b3;q=0.7]
2025-12-20 13:18:26.362 DEBUG [http-nio-0.0.0.0-8081-exec-6] o.s.web.servlet.DispatcherServlet - Completed 200 OK
2025-12-20 13:18:26.378 DEBUG [http-nio-0.0.0.0-8081-exec-5] o.s.web.servlet.DispatcherServlet - GET "/css/common.css", parameters={}
2025-12-20 13:18:26.380 DEBUG [http-nio-0.0.0.0-8081-exec-5] o.s.w.s.h.SimpleUrlHandlerMapping - Mapped to ResourceHttpRequestHandler [classpath [META-INF/resources/], classpath [resources/], classpath [static/], classpath [public/], ServletContext [/]]
2025-12-20 13:18:26.382 DEBUG [http-nio-0.0.0.0-8081-exec-7] o.s.web.servlet.DispatcherServlet - GET "/css/std_word_list.css", parameters={}
2025-12-20 13:18:26.382 DEBUG [http-nio-0.0.0.0-8081-exec-8] o.s.web.servlet.DispatcherServlet - GET "/js/std_word_list.js", parameters={}
2025-12-20 13:18:26.383 DEBUG [http-nio-0.0.0.0-8081-exec-7] o.s.w.s.h.SimpleUrlHandlerMapping - Mapped to ResourceHttpRequestHandler [classpath [META-INF/resources/], classpath [resources/], classpath [static/], classpath [public/], ServletContext [/]]
2025-12-20 13:18:26.383 DEBUG [http-nio-0.0.0.0-8081-exec-8] o.s.w.s.h.SimpleUrlHandlerMapping - Mapped to ResourceHttpRequestHandler [classpath [META-INF/resources/], classpath [resources/], classpath [static/], classpath [public/], ServletContext [/]]
2025-12-20 13:18:26.384 DEBUG [http-nio-0.0.0.0-8081-exec-5] o.s.web.servlet.DispatcherServlet - Completed 200 OK
2025-12-20 13:18:26.385 DEBUG [http-nio-0.0.0.0-8081-exec-8] o.s.web.servlet.DispatcherServlet - Completed 200 OK
2025-12-20 13:18:26.385 DEBUG [http-nio-0.0.0.0-8081-exec-7] o.s.web.servlet.DispatcherServlet - Completed 200 OK
2025-12-20 13:19:00.744 DEBUG [http-nio-0.0.0.0-8081-exec-10] o.s.web.servlet.DispatcherServlet - GET "/std-word/list?size=10&stdWordName=%E3%85%87%E3%84%B9%E3%85%87%E3%84%B9", parameters={masked}
2025-12-20 13:19:00.744 DEBUG [http-nio-0.0.0.0-8081-exec-10] o.s.w.s.m.m.a.RequestMappingHandlerMapping - Mapped to com.example.nproject.controller.MetaStdWordController#list(MetaStdWordDto, Model)
2025-12-20 13:19:00.745 DEBUG [http-nio-0.0.0.0-8081-exec-10] o.s.jdbc.datasource.DataSourceUtils - Fetching JDBC Connection from DataSource
2025-12-20 13:19:00.751 DEBUG [http-nio-0.0.0.0-8081-exec-10] c.e.n.m.M.selectStdWordList - ==>  Preparing: SELECT word_id as wordId, std_word_name as stdWordName, eng_abbr_name as engAbbrName, eng_full_name as engFullName, definition, domain_type as domainType, use_yn as useYn FROM meta_std_word WHERE std_word_name LIKE '%' || ? || '%' ORDER BY word_id LIMIT ? OFFSET ?
2025-12-20 13:19:00.751 DEBUG [http-nio-0.0.0.0-8081-exec-10] c.e.n.m.M.selectStdWordList - ==> Parameters: ㅇㄹㅇㄹ(String), 10(Integer), 0(Integer)
2025-12-20 13:19:00.759 DEBUG [http-nio-0.0.0.0-8081-exec-10] c.e.n.m.M.selectStdWordList - <==      Total: 0
2025-12-20 13:19:00.761 DEBUG [http-nio-0.0.0.0-8081-exec-10] o.s.jdbc.datasource.DataSourceUtils - Fetching JDBC Connection from DataSource
2025-12-20 13:19:00.761 DEBUG [http-nio-0.0.0.0-8081-exec-10] c.e.n.m.M.countStdWordList - ==>  Preparing: SELECT COUNT(*) FROM meta_std_word WHERE std_word_name LIKE '%' || ? || '%'
2025-12-20 13:19:00.761 DEBUG [http-nio-0.0.0.0-8081-exec-10] c.e.n.m.M.countStdWordList - ==> Parameters: ㅇㄹㅇㄹ(String)
2025-12-20 13:19:00.769 DEBUG [http-nio-0.0.0.0-8081-exec-10] c.e.n.m.M.countStdWordList - <==      Total: 1
2025-12-20 13:19:00.770 DEBUG [http-nio-0.0.0.0-8081-exec-10] o.s.w.s.v.ContentNegotiatingViewResolver - Selected 'text/html' given [text/html, application/xhtml+xml, image/avif, image/webp, image/apng, application/xml;q=0.9, */*;q=0.8, application/signed-exchange;v=b3;q=0.7]
2025-12-20 13:19:00.774 DEBUG [http-nio-0.0.0.0-8081-exec-10] o.s.web.servlet.DispatcherServlet - Completed 200 OK
2025-12-20 13:19:00.792 DEBUG [http-nio-0.0.0.0-8081-exec-2] o.s.web.servlet.DispatcherServlet - GET "/css/common.css", parameters={}
2025-12-20 13:19:00.792 DEBUG [http-nio-0.0.0.0-8081-exec-2] o.s.w.s.h.SimpleUrlHandlerMapping - Mapped to ResourceHttpRequestHandler [classpath [META-INF/resources/], classpath [resources/], classpath [static/], classpath [public/], ServletContext [/]]
2025-12-20 13:19:00.795 DEBUG [http-nio-0.0.0.0-8081-exec-2] o.s.web.servlet.DispatcherServlet - Completed 200 OK
2025-12-20 13:19:00.797 DEBUG [http-nio-0.0.0.0-8081-exec-4] o.s.web.servlet.DispatcherServlet - GET "/css/std_word_list.css", parameters={}
2025-12-20 13:19:00.797 DEBUG [http-nio-0.0.0.0-8081-exec-6] o.s.web.servlet.DispatcherServlet - GET "/js/std_word_list.js", parameters={}
2025-12-20 13:19:00.798 DEBUG [http-nio-0.0.0.0-8081-exec-4] o.s.w.s.h.SimpleUrlHandlerMapping - Mapped to ResourceHttpRequestHandler [classpath [META-INF/resources/], classpath [resources/], classpath [static/], classpath [public/], ServletContext [/]]
2025-12-20 13:19:00.798 DEBUG [http-nio-0.0.0.0-8081-exec-6] o.s.w.s.h.SimpleUrlHandlerMapping - Mapped to ResourceHttpRequestHandler [classpath [META-INF/resources/], classpath [resources/], classpath [static/], classpath [public/], ServletContext [/]]
2025-12-20 13:19:00.799 DEBUG [http-nio-0.0.0.0-8081-exec-4] o.s.web.servlet.DispatcherServlet - Completed 200 OK
2025-12-20 13:19:00.799 DEBUG [http-nio-0.0.0.0-8081-exec-6] o.s.web.servlet.DispatcherServlet - Completed 200 OK
2025-12-20 13:19:04.246 DEBUG [http-nio-0.0.0.0-8081-exec-5] o.s.web.servlet.DispatcherServlet - GET "/std-word/list?size=10&stdWordName=%EC%82%AC%EB%9E%91", parameters={masked}
2025-12-20 13:19:04.246 DEBUG [http-nio-0.0.0.0-8081-exec-5] o.s.w.s.m.m.a.RequestMappingHandlerMapping - Mapped to com.example.nproject.controller.MetaStdWordController#list(MetaStdWordDto, Model)
2025-12-20 13:19:04.247 DEBUG [http-nio-0.0.0.0-8081-exec-5] o.s.jdbc.datasource.DataSourceUtils - Fetching JDBC Connection from DataSource
2025-12-20 13:19:04.253 DEBUG [http-nio-0.0.0.0-8081-exec-5] c.e.n.m.M.selectStdWordList - ==>  Preparing: SELECT word_id as wordId, std_word_name as stdWordName, eng_abbr_name as engAbbrName, eng_full_name as engFullName, definition, domain_type as domainType, use_yn as useYn FROM meta_std_word WHERE std_word_name LIKE '%' || ? || '%' ORDER BY word_id LIMIT ? OFFSET ?
2025-12-20 13:19:04.253 DEBUG [http-nio-0.0.0.0-8081-exec-5] c.e.n.m.M.selectStdWordList - ==> Parameters: 사랑(String), 10(Integer), 0(Integer)
2025-12-20 13:19:04.260 DEBUG [http-nio-0.0.0.0-8081-exec-5] c.e.n.m.M.selectStdWordList - <==      Total: 1
2025-12-20 13:19:04.260 DEBUG [http-nio-0.0.0.0-8081-exec-5] o.s.jdbc.datasource.DataSourceUtils - Fetching JDBC Connection from DataSource
2025-12-20 13:19:04.261 DEBUG [http-nio-0.0.0.0-8081-exec-5] c.e.n.m.M.countStdWordList - ==>  Preparing: SELECT COUNT(*) FROM meta_std_word WHERE std_word_name LIKE '%' || ? || '%'
2025-12-20 13:19:04.261 DEBUG [http-nio-0.0.0.0-8081-exec-5] c.e.n.m.M.countStdWordList - ==> Parameters: 사랑(String)
2025-12-20 13:19:04.267 DEBUG [http-nio-0.0.0.0-8081-exec-5] c.e.n.m.M.countStdWordList - <==      Total: 1
2025-12-20 13:19:04.269 DEBUG [http-nio-0.0.0.0-8081-exec-5] o.s.w.s.v.ContentNegotiatingViewResolver - Selected 'text/html' given [text/html, application/xhtml+xml, image/avif, image/webp, image/apng, application/xml;q=0.9, */*;q=0.8, application/signed-exchange;v=b3;q=0.7]
2025-12-20 13:19:04.273 DEBUG [http-nio-0.0.0.0-8081-exec-5] o.s.web.servlet.DispatcherServlet - Completed 200 OK
2025-12-20 13:19:04.292 DEBUG [http-nio-0.0.0.0-8081-exec-8] o.s.web.servlet.DispatcherServlet - GET "/css/common.css", parameters={}
2025-12-20 13:19:04.292 DEBUG [http-nio-0.0.0.0-8081-exec-8] o.s.w.s.h.SimpleUrlHandlerMapping - Mapped to ResourceHttpRequestHandler [classpath [META-INF/resources/], classpath [resources/], classpath [static/], classpath [public/], ServletContext [/]]
2025-12-20 13:19:04.293 DEBUG [http-nio-0.0.0.0-8081-exec-8] o.s.web.servlet.DispatcherServlet - Completed 200 OK
2025-12-20 13:19:04.298 DEBUG [http-nio-0.0.0.0-8081-exec-7] o.s.web.servlet.DispatcherServlet - GET "/css/std_word_list.css", parameters={}
2025-12-20 13:19:04.298 DEBUG [http-nio-0.0.0.0-8081-exec-9] o.s.web.servlet.DispatcherServlet - GET "/js/std_word_list.js", parameters={}
2025-12-20 13:19:04.299 DEBUG [http-nio-0.0.0.0-8081-exec-7] o.s.w.s.h.SimpleUrlHandlerMapping - Mapped to ResourceHttpRequestHandler [classpath [META-INF/resources/], classpath [resources/], classpath [static/], classpath [public/], ServletContext [/]]
2025-12-20 13:19:04.299 DEBUG [http-nio-0.0.0.0-8081-exec-9] o.s.w.s.h.SimpleUrlHandlerMapping - Mapped to ResourceHttpRequestHandler [classpath [META-INF/resources/], classpath [resources/], classpath [static/], classpath [public/], ServletContext [/]]
2025-12-20 13:19:04.301 DEBUG [http-nio-0.0.0.0-8081-exec-7] o.s.web.servlet.DispatcherServlet - Completed 200 OK
2025-12-20 13:19:04.301 DEBUG [http-nio-0.0.0.0-8081-exec-9] o.s.web.servlet.DispatcherServlet - Completed 200 OK
2025-12-20 13:19:11.599 DEBUG [http-nio-0.0.0.0-8081-exec-1] o.s.web.servlet.DispatcherServlet - GET "/std-word/list?size=10&stdWordName=", parameters={masked}
2025-12-20 13:19:11.599 DEBUG [http-nio-0.0.0.0-8081-exec-1] o.s.w.s.m.m.a.RequestMappingHandlerMapping - Mapped to com.example.nproject.controller.MetaStdWordController#list(MetaStdWordDto, Model)
2025-12-20 13:19:11.600 DEBUG [http-nio-0.0.0.0-8081-exec-1] o.s.jdbc.datasource.DataSourceUtils - Fetching JDBC Connection from DataSource
2025-12-20 13:19:11.629 DEBUG [http-nio-0.0.0.0-8081-exec-1] c.e.n.m.M.selectStdWordList - ==>  Preparing: SELECT word_id as wordId, std_word_name as stdWordName, eng_abbr_name as engAbbrName, eng_full_name as engFullName, definition, domain_type as domainType, use_yn as useYn FROM meta_std_word ORDER BY word_id LIMIT ? OFFSET ?
2025-12-20 13:19:11.629 DEBUG [http-nio-0.0.0.0-8081-exec-1] c.e.n.m.M.selectStdWordList - ==> Parameters: 10(Integer), 0(Integer)
2025-12-20 13:19:11.662 DEBUG [http-nio-0.0.0.0-8081-exec-1] c.e.n.m.M.selectStdWordList - <==      Total: 10
2025-12-20 13:19:11.662 DEBUG [http-nio-0.0.0.0-8081-exec-1] o.s.jdbc.datasource.DataSourceUtils - Fetching JDBC Connection from DataSource
2025-12-20 13:19:11.663 DEBUG [http-nio-0.0.0.0-8081-exec-1] c.e.n.m.M.countStdWordList - ==>  Preparing: SELECT COUNT(*) FROM meta_std_word
2025-12-20 13:19:11.663 DEBUG [http-nio-0.0.0.0-8081-exec-1] c.e.n.m.M.countStdWordList - ==> Parameters: 
2025-12-20 13:19:11.697 DEBUG [http-nio-0.0.0.0-8081-exec-1] c.e.n.m.M.countStdWordList - <==      Total: 1
2025-12-20 13:19:11.697 DEBUG [http-nio-0.0.0.0-8081-exec-1] o.s.w.s.v.ContentNegotiatingViewResolver - Selected 'text/html' given [text/html, application/xhtml+xml, image/avif, image/webp, image/apng, application/xml;q=0.9, */*;q=0.8, application/signed-exchange;v=b3;q=0.7]
2025-12-20 13:19:11.703 DEBUG [http-nio-0.0.0.0-8081-exec-1] o.s.web.servlet.DispatcherServlet - Completed 200 OK
2025-12-20 13:19:11.719 DEBUG [http-nio-0.0.0.0-8081-exec-3] o.s.web.servlet.DispatcherServlet - GET "/css/common.css", parameters={}
2025-12-20 13:19:11.721 DEBUG [http-nio-0.0.0.0-8081-exec-3] o.s.w.s.h.SimpleUrlHandlerMapping - Mapped to ResourceHttpRequestHandler [classpath [META-INF/resources/], classpath [resources/], classpath [static/], classpath [public/], ServletContext [/]]
2025-12-20 13:19:11.721 DEBUG [http-nio-0.0.0.0-8081-exec-10] o.s.web.servlet.DispatcherServlet - GET "/css/std_word_list.css", parameters={}
2025-12-20 13:19:11.722 DEBUG [http-nio-0.0.0.0-8081-exec-10] o.s.w.s.h.SimpleUrlHandlerMapping - Mapped to ResourceHttpRequestHandler [classpath [META-INF/resources/], classpath [resources/], classpath [static/], classpath [public/], ServletContext [/]]
2025-12-20 13:19:11.722 DEBUG [http-nio-0.0.0.0-8081-exec-2] o.s.web.servlet.DispatcherServlet - GET "/js/std_word_list.js", parameters={}
2025-12-20 13:19:11.722 DEBUG [http-nio-0.0.0.0-8081-exec-2] o.s.w.s.h.SimpleUrlHandlerMapping - Mapped to ResourceHttpRequestHandler [classpath [META-INF/resources/], classpath [resources/], classpath [static/], classpath [public/], ServletContext [/]]
2025-12-20 13:19:11.724 DEBUG [http-nio-0.0.0.0-8081-exec-3] o.s.web.servlet.DispatcherServlet - Completed 200 OK
2025-12-20 13:19:11.724 DEBUG [http-nio-0.0.0.0-8081-exec-10] o.s.web.servlet.DispatcherServlet - Completed 200 OK
2025-12-20 13:19:11.724 DEBUG [http-nio-0.0.0.0-8081-exec-2] o.s.web.servlet.DispatcherServlet - Completed 200 OK
2025-12-20 13:19:14.190 DEBUG [http-nio-0.0.0.0-8081-exec-4] o.s.web.servlet.DispatcherServlet - GET "/std-word/list?size=100&stdWordName=&page=1", parameters={masked}
2025-12-20 13:19:14.190 DEBUG [http-nio-0.0.0.0-8081-exec-4] o.s.w.s.m.m.a.RequestMappingHandlerMapping - Mapped to com.example.nproject.controller.MetaStdWordController#list(MetaStdWordDto, Model)
2025-12-20 13:19:14.192 DEBUG [http-nio-0.0.0.0-8081-exec-4] o.s.jdbc.datasource.DataSourceUtils - Fetching JDBC Connection from DataSource
2025-12-20 13:19:14.197 DEBUG [http-nio-0.0.0.0-8081-exec-4] c.e.n.m.M.selectStdWordList - ==>  Preparing: SELECT word_id as wordId, std_word_name as stdWordName, eng_abbr_name as engAbbrName, eng_full_name as engFullName, definition, domain_type as domainType, use_yn as useYn FROM meta_std_word ORDER BY word_id LIMIT ? OFFSET ?
2025-12-20 13:19:14.198 DEBUG [http-nio-0.0.0.0-8081-exec-4] c.e.n.m.M.selectStdWordList - ==> Parameters: 100(Integer), 0(Integer)
2025-12-20 13:19:14.220 DEBUG [http-nio-0.0.0.0-8081-exec-4] c.e.n.m.M.selectStdWordList - <==      Total: 100
2025-12-20 13:19:14.220 DEBUG [http-nio-0.0.0.0-8081-exec-4] o.s.jdbc.datasource.DataSourceUtils - Fetching JDBC Connection from DataSource
2025-12-20 13:19:14.220 DEBUG [http-nio-0.0.0.0-8081-exec-4] c.e.n.m.M.countStdWordList - ==>  Preparing: SELECT COUNT(*) FROM meta_std_word
2025-12-20 13:19:14.220 DEBUG [http-nio-0.0.0.0-8081-exec-4] c.e.n.m.M.countStdWordList - ==> Parameters: 
2025-12-20 13:19:14.226 DEBUG [http-nio-0.0.0.0-8081-exec-4] c.e.n.m.M.countStdWordList - <==      Total: 1
2025-12-20 13:19:14.227 DEBUG [http-nio-0.0.0.0-8081-exec-4] o.s.w.s.v.ContentNegotiatingViewResolver - Selected 'text/html' given [text/html, application/xhtml+xml, image/avif, image/webp, image/apng, application/xml;q=0.9, */*;q=0.8, application/signed-exchange;v=b3;q=0.7]
2025-12-20 13:19:14.241 DEBUG [http-nio-0.0.0.0-8081-exec-4] o.s.web.servlet.DispatcherServlet - Completed 200 OK
2025-12-20 13:19:14.252 DEBUG [http-nio-0.0.0.0-8081-exec-6] o.s.web.servlet.DispatcherServlet - GET "/css/common.css", parameters={}
2025-12-20 13:19:14.253 DEBUG [http-nio-0.0.0.0-8081-exec-5] o.s.web.servlet.DispatcherServlet - GET "/css/std_word_list.css", parameters={}
2025-12-20 13:19:14.253 DEBUG [http-nio-0.0.0.0-8081-exec-6] o.s.w.s.h.SimpleUrlHandlerMapping - Mapped to ResourceHttpRequestHandler [classpath [META-INF/resources/], classpath [resources/], classpath [static/], classpath [public/], ServletContext [/]]
2025-12-20 13:19:14.253 DEBUG [http-nio-0.0.0.0-8081-exec-5] o.s.w.s.h.SimpleUrlHandlerMapping - Mapped to ResourceHttpRequestHandler [classpath [META-INF/resources/], classpath [resources/], classpath [static/], classpath [public/], ServletContext [/]]
2025-12-20 13:19:14.255 DEBUG [http-nio-0.0.0.0-8081-exec-6] o.s.web.servlet.DispatcherServlet - Completed 200 OK
2025-12-20 13:19:14.255 DEBUG [http-nio-0.0.0.0-8081-exec-5] o.s.web.servlet.DispatcherServlet - Completed 200 OK
2025-12-20 13:19:14.280 DEBUG [http-nio-0.0.0.0-8081-exec-8] o.s.web.servlet.DispatcherServlet - GET "/js/std_word_list.js", parameters={}
2025-12-20 13:19:14.281 DEBUG [http-nio-0.0.0.0-8081-exec-8] o.s.w.s.h.SimpleUrlHandlerMapping - Mapped to ResourceHttpRequestHandler [classpath [META-INF/resources/], classpath [resources/], classpath [static/], classpath [public/], ServletContext [/]]
2025-12-20 13:19:14.283 DEBUG [http-nio-0.0.0.0-8081-exec-8] o.s.web.servlet.DispatcherServlet - Completed 200 OK
2025-12-20 13:34:29.769 INFO  [File Watcher] o.s.b.d.a.LocalDevToolsAutoConfiguration$RestartingClassPathChangeChangedEventListener - Restarting due to 3 class path changes (0 additions, 0 deletions, 3 modifications)
2025-12-20 13:34:29.773 INFO  [Thread-5] o.a.coyote.http11.Http11NioProtocol - Stopping ProtocolHandler ["http-nio-0.0.0.0-8081"]
2025-12-20 13:34:29.788 INFO  [Thread-5] com.zaxxer.hikari.HikariDataSource - HikariPool-1 - Shutdown initiated...
2025-12-20 13:34:29.795 INFO  [Thread-5] com.zaxxer.hikari.HikariDataSource - HikariPool-1 - Shutdown completed.
2025-12-20 13:34:29.865 INFO  [restartedMain] c.e.nproject.NprojectApplication - Starting NprojectApplication using Java 17.0.12 with PID 21308 (C:\Dev_antigravity_git\meta_system\nproject\target\classes started by jkljkl in C:\Dev_antigravity_git\meta_system\nproject)
2025-12-20 13:34:29.865 DEBUG [restartedMain] c.e.nproject.NprojectApplication - Running with Spring Boot v3.2.0, Spring v6.1.1
2025-12-20 13:34:29.865 INFO  [restartedMain] c.e.nproject.NprojectApplication - No active profile set, falling back to 1 default profile: "default"
2025-12-20 13:34:30.265 INFO  [restartedMain] o.s.b.w.e.tomcat.TomcatWebServer - Tomcat initialized with port 8081 (http)
2025-12-20 13:34:30.266 INFO  [restartedMain] o.a.coyote.http11.Http11NioProtocol - Initializing ProtocolHandler ["http-nio-0.0.0.0-8081"]
2025-12-20 13:34:30.266 INFO  [restartedMain] o.a.catalina.core.StandardService - Starting service [Tomcat]
2025-12-20 13:34:30.266 INFO  [restartedMain] o.a.catalina.core.StandardEngine - Starting Servlet engine: [Apache Tomcat/10.1.16]
2025-12-20 13:34:30.293 INFO  [restartedMain] o.a.c.c.C.[Tomcat].[localhost].[/] - Initializing Spring embedded WebApplicationContext
2025-12-20 13:34:30.293 INFO  [restartedMain] o.s.b.w.s.c.ServletWebServerApplicationContext - Root WebApplicationContext: initialization completed in 425 ms
2025-12-20 13:34:30.459 DEBUG [restartedMain] o.s.w.s.m.m.a.RequestMappingHandlerMapping - 12 mappings in 'requestMappingHandlerMapping'
2025-12-20 13:34:30.491 DEBUG [restartedMain] o.s.w.s.h.SimpleUrlHandlerMapping - Patterns [/webjars/**, /**] in 'resourceHandlerMapping'
2025-12-20 13:34:30.499 DEBUG [restartedMain] o.s.w.s.m.m.a.RequestMappingHandlerAdapter - ControllerAdvice beans: 0 @ModelAttribute, 0 @InitBinder, 1 RequestBodyAdvice, 1 ResponseBodyAdvice
2025-12-20 13:34:30.503 DEBUG [restartedMain] o.s.w.s.m.m.a.ExceptionHandlerExceptionResolver - ControllerAdvice beans: 0 @ExceptionHandler, 1 ResponseBodyAdvice
2025-12-20 13:34:30.556 INFO  [restartedMain] o.s.b.d.a.OptionalLiveReloadServer - LiveReload server is running on port 35729
2025-12-20 13:34:30.567 INFO  [restartedMain] o.a.coyote.http11.Http11NioProtocol - Starting ProtocolHandler ["http-nio-0.0.0.0-8081"]
2025-12-20 13:34:30.572 INFO  [restartedMain] o.s.b.w.e.tomcat.TomcatWebServer - Tomcat started on port 8081 (http) with context path ''
2025-12-20 13:34:30.577 INFO  [restartedMain] c.e.nproject.NprojectApplication - Started NprojectApplication in 0.737 seconds (process running for 1011.589)
2025-12-20 13:34:30.582 INFO  [restartedMain] o.s.b.d.a.ConditionEvaluationDeltaLoggingListener - Condition evaluation unchanged
2025-12-20 13:34:31.996 INFO  [File Watcher] o.s.b.d.a.LocalDevToolsAutoConfiguration$RestartingClassPathChangeChangedEventListener - Restarting due to 2 class path changes (0 additions, 0 deletions, 2 modifications)
2025-12-20 13:34:32.026 INFO  [Thread-7] o.a.coyote.http11.Http11NioProtocol - Stopping ProtocolHandler ["http-nio-0.0.0.0-8081"]
2025-12-20 13:34:32.144 INFO  [restartedMain] c.e.nproject.NprojectApplication - Starting NprojectApplication using Java 17.0.12 with PID 21308 (C:\Dev_antigravity_git\meta_system\nproject\target\classes started by jkljkl in C:\Dev_antigravity_git\meta_system\nproject)
2025-12-20 13:34:32.144 DEBUG [restartedMain] c.e.nproject.NprojectApplication - Running with Spring Boot v3.2.0, Spring v6.1.1
2025-12-20 13:34:32.145 INFO  [restartedMain] c.e.nproject.NprojectApplication - No active profile set, falling back to 1 default profile: "default"
2025-12-20 13:34:32.405 INFO  [restartedMain] o.s.b.w.e.tomcat.TomcatWebServer - Tomcat initialized with port 8081 (http)
2025-12-20 13:34:32.406 INFO  [restartedMain] o.a.coyote.http11.Http11NioProtocol - Initializing ProtocolHandler ["http-nio-0.0.0.0-8081"]
2025-12-20 13:34:32.406 INFO  [restartedMain] o.a.catalina.core.StandardService - Starting service [Tomcat]
2025-12-20 13:34:32.406 INFO  [restartedMain] o.a.catalina.core.StandardEngine - Starting Servlet engine: [Apache Tomcat/10.1.16]
2025-12-20 13:34:32.420 INFO  [restartedMain] o.a.c.c.C.[Tomcat].[localhost].[/] - Initializing Spring embedded WebApplicationContext
2025-12-20 13:34:32.420 INFO  [restartedMain] o.s.b.w.s.c.ServletWebServerApplicationContext - Root WebApplicationContext: initialization completed in 269 ms
2025-12-20 13:34:32.483 DEBUG [restartedMain] o.s.w.s.m.m.a.RequestMappingHandlerMapping - 12 mappings in 'requestMappingHandlerMapping'
2025-12-20 13:34:32.499 DEBUG [restartedMain] o.s.w.s.h.SimpleUrlHandlerMapping - Patterns [/webjars/**, /**] in 'resourceHandlerMapping'
2025-12-20 13:34:32.502 DEBUG [restartedMain] o.s.w.s.m.m.a.RequestMappingHandlerAdapter - ControllerAdvice beans: 0 @ModelAttribute, 0 @InitBinder, 1 RequestBodyAdvice, 1 ResponseBodyAdvice
2025-12-20 13:34:32.504 DEBUG [restartedMain] o.s.w.s.m.m.a.ExceptionHandlerExceptionResolver - ControllerAdvice beans: 0 @ExceptionHandler, 1 ResponseBodyAdvice
2025-12-20 13:34:32.523 INFO  [restartedMain] o.s.b.d.a.OptionalLiveReloadServer - LiveReload server is running on port 35729
2025-12-20 13:34:32.529 INFO  [restartedMain] o.a.coyote.http11.Http11NioProtocol - Starting ProtocolHandler ["http-nio-0.0.0.0-8081"]
2025-12-20 13:34:32.532 INFO  [restartedMain] o.s.b.w.e.tomcat.TomcatWebServer - Tomcat started on port 8081 (http) with context path ''
2025-12-20 13:34:32.537 INFO  [restartedMain] c.e.nproject.NprojectApplication - Started NprojectApplication in 0.43 seconds (process running for 1013.549)
2025-12-20 13:34:32.539 INFO  [restartedMain] o.s.b.d.a.ConditionEvaluationDeltaLoggingListener - Condition evaluation unchanged
2025-12-20 13:34:33.952 INFO  [File Watcher] o.s.b.d.a.LocalDevToolsAutoConfiguration$RestartingClassPathChangeChangedEventListener - Restarting due to 1 class path change (0 additions, 0 deletions, 1 modification)
2025-12-20 13:34:33.953 INFO  [Thread-11] o.a.coyote.http11.Http11NioProtocol - Stopping ProtocolHandler ["http-nio-0.0.0.0-8081"]
2025-12-20 13:34:34.019 INFO  [restartedMain] c.e.nproject.NprojectApplication - Starting NprojectApplication using Java 17.0.12 with PID 21308 (C:\Dev_antigravity_git\meta_system\nproject\target\classes started by jkljkl in C:\Dev_antigravity_git\meta_system\nproject)
2025-12-20 13:34:34.019 DEBUG [restartedMain] c.e.nproject.NprojectApplication - Running with Spring Boot v3.2.0, Spring v6.1.1
2025-12-20 13:34:34.019 INFO  [restartedMain] c.e.nproject.NprojectApplication - No active profile set, falling back to 1 default profile: "default"
2025-12-20 13:34:34.173 INFO  [restartedMain] o.s.b.w.e.tomcat.TomcatWebServer - Tomcat initialized with port 8081 (http)
2025-12-20 13:34:34.173 INFO  [restartedMain] o.a.coyote.http11.Http11NioProtocol - Initializing ProtocolHandler ["http-nio-0.0.0.0-8081"]
2025-12-20 13:34:34.173 INFO  [restartedMain] o.a.catalina.core.StandardService - Starting service [Tomcat]
2025-12-20 13:34:34.174 INFO  [restartedMain] o.a.catalina.core.StandardEngine - Starting Servlet engine: [Apache Tomcat/10.1.16]
2025-12-20 13:34:34.186 INFO  [restartedMain] o.a.c.c.C.[Tomcat].[localhost].[/] - Initializing Spring embedded WebApplicationContext
2025-12-20 13:34:34.187 INFO  [restartedMain] o.s.b.w.s.c.ServletWebServerApplicationContext - Root WebApplicationContext: initialization completed in 166 ms
2025-12-20 13:34:34.197 WARN  [restartedMain] o.s.b.w.s.c.AnnotationConfigServletWebServerApplicationContext - Exception encountered during context initialization - cancelling refresh attempt: org.springframework.beans.factory.BeanCreationException: Error creating bean with name 'metaStdWordController' defined in file [C:\Dev_antigravity_git\meta_system\nproject\target\classes\com\example\nproject\controller\MetaStdWordController.class]: Failed to instantiate [com.example.nproject.controller.MetaStdWordController]: Constructor threw exception
2025-12-20 13:34:34.197 INFO  [restartedMain] o.a.catalina.core.StandardService - Stopping service [Tomcat]
2025-12-20 13:34:34.203 INFO  [restartedMain] o.s.b.a.l.ConditionEvaluationReportLogger - 

Error starting ApplicationContext. To display the condition evaluation report re-run your application with 'debug' enabled.
2025-12-20 13:34:34.217 ERROR [restartedMain] o.s.boot.SpringApplication - Application run failed
org.springframework.beans.factory.BeanCreationException: Error creating bean with name 'metaStdWordController' defined in file [C:\Dev_antigravity_git\meta_system\nproject\target\classes\com\example\nproject\controller\MetaStdWordController.class]: Failed to instantiate [com.example.nproject.controller.MetaStdWordController]: Constructor threw exception
	at org.springframework.beans.factory.support.AbstractAutowireCapableBeanFactory.instantiateBean(AbstractAutowireCapableBeanFactory.java:1318)
	at org.springframework.beans.factory.support.AbstractAutowireCapableBeanFactory.createBeanInstance(AbstractAutowireCapableBeanFactory.java:1203)
	at org.springframework.beans.factory.support.AbstractAutowireCapableBeanFactory.doCreateBean(AbstractAutowireCapableBeanFactory.java:563)
	at org.springframework.beans.factory.support.AbstractAutowireCapableBeanFactory.createBean(AbstractAutowireCapableBeanFactory.java:523)
	at org.springframework.beans.factory.support.AbstractBeanFactory.lambda$doGetBean$0(AbstractBeanFactory.java:325)
	at org.springframework.beans.factory.support.DefaultSingletonBeanRegistry.getSingleton(DefaultSingletonBeanRegistry.java:234)
	at org.springframework.beans.factory.support.AbstractBeanFactory.doGetBean(AbstractBeanFactory.java:323)
	at org.springframework.beans.factory.support.AbstractBeanFactory.getBean(AbstractBeanFactory.java:199)
	at org.springframework.beans.factory.support.DefaultListableBeanFactory.preInstantiateSingletons(DefaultListableBeanFactory.java:973)
	at org.springframework.context.support.AbstractApplicationContext.finishBeanFactoryInitialization(AbstractApplicationContext.java:946)
	at org.springframework.context.support.AbstractApplicationContext.refresh(AbstractApplicationContext.java:616)
	at org.springframework.boot.web.servlet.context.ServletWebServerApplicationContext.refresh(ServletWebServerApplicationContext.java:146)
	at org.springframework.boot.SpringApplication.refresh(SpringApplication.java:753)
	at org.springframework.boot.SpringApplication.refreshContext(SpringApplication.java:455)
	at org.springframework.boot.SpringApplication.run(SpringApplication.java:323)
	at org.springframework.boot.SpringApplication.run(SpringApplication.java:1342)
	at org.springframework.boot.SpringApplication.run(SpringApplication.java:1331)
	at com.example.nproject.NprojectApplication.main(NprojectApplication.java:18)
	at java.base/jdk.internal.reflect.NativeMethodAccessorImpl.invoke0(Native Method)
	at java.base/jdk.internal.reflect.NativeMethodAccessorImpl.invoke(NativeMethodAccessorImpl.java:77)
	at java.base/jdk.internal.reflect.DelegatingMethodAccessorImpl.invoke(DelegatingMethodAccessorImpl.java:43)
	at java.base/java.lang.reflect.Method.invoke(Method.java:568)
	at org.springframework.boot.devtools.restart.RestartLauncher.run(RestartLauncher.java:50)
Caused by: org.springframework.beans.BeanInstantiationException: Failed to instantiate [com.example.nproject.controller.MetaStdWordController]: Constructor threw exception
	at org.springframework.beans.BeanUtils.instantiateClass(BeanUtils.java:223)
	at org.springframework.beans.factory.support.SimpleInstantiationStrategy.instantiate(SimpleInstantiationStrategy.java:88)
	at org.springframework.beans.factory.support.AbstractAutowireCapableBeanFactory.instantiateBean(AbstractAutowireCapableBeanFactory.java:1312)
	... 22 common frames omitted
Caused by: java.lang.Error: Unresolved compilation problems: 
	Syntax error on token "}", { expected after this token
	Syntax error on token "}", delete this token

	at com.example.nproject.controller.MetaStdWordController.<init>(MetaStdWordController.java:62)
	at java.base/jdk.internal.reflect.NativeConstructorAccessorImpl.newInstance0(Native Method)
	at java.base/jdk.internal.reflect.NativeConstructorAccessorImpl.newInstance(NativeConstructorAccessorImpl.java:77)
	at java.base/jdk.internal.reflect.DelegatingConstructorAccessorImpl.newInstance(DelegatingConstructorAccessorImpl.java:45)
	at java.base/java.lang.reflect.Constructor.newInstanceWithCaller(Constructor.java:499)
	at java.base/java.lang.reflect.Constructor.newInstance(Constructor.java:480)
	at org.springframework.beans.BeanUtils.instantiateClass(BeanUtils.java:197)
	... 24 common frames omitted
2025-12-20 13:34:46.889 INFO  [restartedMain] c.e.nproject.NprojectApplication - Starting NprojectApplication using Java 17.0.12 with PID 21308 (C:\Dev_antigravity_git\meta_system\nproject\target\classes started by jkljkl in C:\Dev_antigravity_git\meta_system\nproject)
2025-12-20 13:34:46.889 DEBUG [restartedMain] c.e.nproject.NprojectApplication - Running with Spring Boot v3.2.0, Spring v6.1.1
2025-12-20 13:34:46.889 INFO  [restartedMain] c.e.nproject.NprojectApplication - No active profile set, falling back to 1 default profile: "default"
2025-12-20 13:34:47.044 INFO  [restartedMain] o.s.b.w.e.tomcat.TomcatWebServer - Tomcat initialized with port 8081 (http)
2025-12-20 13:34:47.045 INFO  [restartedMain] o.a.coyote.http11.Http11NioProtocol - Initializing ProtocolHandler ["http-nio-0.0.0.0-8081"]
2025-12-20 13:34:47.045 INFO  [restartedMain] o.a.catalina.core.StandardService - Starting service [Tomcat]
2025-12-20 13:34:47.045 INFO  [restartedMain] o.a.catalina.core.StandardEngine - Starting Servlet engine: [Apache Tomcat/10.1.16]
2025-12-20 13:34:47.059 INFO  [restartedMain] o.a.c.c.C.[Tomcat-1].[localhost].[/] - Initializing Spring embedded WebApplicationContext
2025-12-20 13:34:47.059 INFO  [restartedMain] o.s.b.w.s.c.ServletWebServerApplicationContext - Root WebApplicationContext: initialization completed in 169 ms
2025-12-20 13:34:47.064 WARN  [restartedMain] o.s.b.w.s.c.AnnotationConfigServletWebServerApplicationContext - Exception encountered during context initialization - cancelling refresh attempt: org.springframework.beans.factory.BeanCreationException: Error creating bean with name 'metaStdWordController' defined in file [C:\Dev_antigravity_git\meta_system\nproject\target\classes\com\example\nproject\controller\MetaStdWordController.class]: Failed to instantiate [com.example.nproject.controller.MetaStdWordController]: Constructor threw exception
2025-12-20 13:34:47.065 INFO  [restartedMain] o.a.catalina.core.StandardService - Stopping service [Tomcat]
2025-12-20 13:34:47.069 INFO  [restartedMain] o.s.b.a.l.ConditionEvaluationReportLogger - 

Error starting ApplicationContext. To display the condition evaluation report re-run your application with 'debug' enabled.
2025-12-20 13:34:47.071 ERROR [restartedMain] o.s.boot.SpringApplication - Application run failed
org.springframework.beans.factory.BeanCreationException: Error creating bean with name 'metaStdWordController' defined in file [C:\Dev_antigravity_git\meta_system\nproject\target\classes\com\example\nproject\controller\MetaStdWordController.class]: Failed to instantiate [com.example.nproject.controller.MetaStdWordController]: Constructor threw exception
	at org.springframework.beans.factory.support.AbstractAutowireCapableBeanFactory.instantiateBean(AbstractAutowireCapableBeanFactory.java:1318)
	at org.springframework.beans.factory.support.AbstractAutowireCapableBeanFactory.createBeanInstance(AbstractAutowireCapableBeanFactory.java:1203)
	at org.springframework.beans.factory.support.AbstractAutowireCapableBeanFactory.doCreateBean(AbstractAutowireCapableBeanFactory.java:563)
	at org.springframework.beans.factory.support.AbstractAutowireCapableBeanFactory.createBean(AbstractAutowireCapableBeanFactory.java:523)
	at org.springframework.beans.factory.support.AbstractBeanFactory.lambda$doGetBean$0(AbstractBeanFactory.java:325)
	at org.springframework.beans.factory.support.DefaultSingletonBeanRegistry.getSingleton(DefaultSingletonBeanRegistry.java:234)
	at org.springframework.beans.factory.support.AbstractBeanFactory.doGetBean(AbstractBeanFactory.java:323)
	at org.springframework.beans.factory.support.AbstractBeanFactory.getBean(AbstractBeanFactory.java:199)
	at org.springframework.beans.factory.support.DefaultListableBeanFactory.preInstantiateSingletons(DefaultListableBeanFactory.java:973)
	at org.springframework.context.support.AbstractApplicationContext.finishBeanFactoryInitialization(AbstractApplicationContext.java:946)
	at org.springframework.context.support.AbstractApplicationContext.refresh(AbstractApplicationContext.java:616)
	at org.springframework.boot.web.servlet.context.ServletWebServerApplicationContext.refresh(ServletWebServerApplicationContext.java:146)
	at org.springframework.boot.SpringApplication.refresh(SpringApplication.java:753)
	at org.springframework.boot.SpringApplication.refreshContext(SpringApplication.java:455)
	at org.springframework.boot.SpringApplication.run(SpringApplication.java:323)
	at org.springframework.boot.SpringApplication.run(SpringApplication.java:1342)
	at org.springframework.boot.SpringApplication.run(SpringApplication.java:1331)
	at com.example.nproject.NprojectApplication.main(NprojectApplication.java:18)
	at java.base/jdk.internal.reflect.NativeMethodAccessorImpl.invoke0(Native Method)
	at java.base/jdk.internal.reflect.NativeMethodAccessorImpl.invoke(NativeMethodAccessorImpl.java:77)
	at java.base/jdk.internal.reflect.DelegatingMethodAccessorImpl.invoke(DelegatingMethodAccessorImpl.java:43)
	at java.base/java.lang.reflect.Method.invoke(Method.java:568)
	at org.springframework.boot.devtools.restart.RestartLauncher.run(RestartLauncher.java:50)
Caused by: org.springframework.beans.BeanInstantiationException: Failed to instantiate [com.example.nproject.controller.MetaStdWordController]: Constructor threw exception
	at org.springframework.beans.BeanUtils.instantiateClass(BeanUtils.java:223)
	at org.springframework.beans.factory.support.SimpleInstantiationStrategy.instantiate(SimpleInstantiationStrategy.java:88)
	at org.springframework.beans.factory.support.AbstractAutowireCapableBeanFactory.instantiateBean(AbstractAutowireCapableBeanFactory.java:1312)
	... 22 common frames omitted
Caused by: java.lang.Error: Unresolved compilation problems: 
	Syntax error on token "}", { expected after this token
	Syntax error on token "}", delete this token

	at com.example.nproject.controller.MetaStdWordController.<init>(MetaStdWordController.java:62)
	at java.base/jdk.internal.reflect.NativeConstructorAccessorImpl.newInstance0(Native Method)
	at java.base/jdk.internal.reflect.NativeConstructorAccessorImpl.newInstance(NativeConstructorAccessorImpl.java:77)
	at java.base/jdk.internal.reflect.DelegatingConstructorAccessorImpl.newInstance(DelegatingConstructorAccessorImpl.java:45)
	at java.base/java.lang.reflect.Constructor.newInstanceWithCaller(Constructor.java:499)
	at java.base/java.lang.reflect.Constructor.newInstance(Constructor.java:480)
	at org.springframework.beans.BeanUtils.instantiateClass(BeanUtils.java:197)
	... 24 common frames omitted
2025-12-20 13:34:56.783 INFO  [restartedMain] c.e.nproject.NprojectApplication - Starting NprojectApplication using Java 17.0.12 with PID 21308 (C:\Dev_antigravity_git\meta_system\nproject\target\classes started by jkljkl in C:\Dev_antigravity_git\meta_system\nproject)
2025-12-20 13:34:56.783 DEBUG [restartedMain] c.e.nproject.NprojectApplication - Running with Spring Boot v3.2.0, Spring v6.1.1
2025-12-20 13:34:56.783 INFO  [restartedMain] c.e.nproject.NprojectApplication - No active profile set, falling back to 1 default profile: "default"
2025-12-20 13:34:56.943 INFO  [restartedMain] o.s.b.w.e.tomcat.TomcatWebServer - Tomcat initialized with port 8081 (http)
2025-12-20 13:34:56.943 INFO  [restartedMain] o.a.coyote.http11.Http11NioProtocol - Initializing ProtocolHandler ["http-nio-0.0.0.0-8081"]
2025-12-20 13:34:56.944 INFO  [restartedMain] o.a.catalina.core.StandardService - Starting service [Tomcat]
2025-12-20 13:34:56.944 INFO  [restartedMain] o.a.catalina.core.StandardEngine - Starting Servlet engine: [Apache Tomcat/10.1.16]
2025-12-20 13:34:56.958 INFO  [restartedMain] o.a.c.c.C.[Tomcat-2].[localhost].[/] - Initializing Spring embedded WebApplicationContext
2025-12-20 13:34:56.958 INFO  [restartedMain] o.s.b.w.s.c.ServletWebServerApplicationContext - Root WebApplicationContext: initialization completed in 174 ms
2025-12-20 13:34:57.038 DEBUG [restartedMain] o.s.w.s.m.m.a.RequestMappingHandlerMapping - 13 mappings in 'requestMappingHandlerMapping'
2025-12-20 13:34:57.060 DEBUG [restartedMain] o.s.w.s.h.SimpleUrlHandlerMapping - Patterns [/webjars/**, /**] in 'resourceHandlerMapping'
2025-12-20 13:34:57.063 DEBUG [restartedMain] o.s.w.s.m.m.a.RequestMappingHandlerAdapter - ControllerAdvice beans: 0 @ModelAttribute, 0 @InitBinder, 1 RequestBodyAdvice, 1 ResponseBodyAdvice
2025-12-20 13:34:57.068 DEBUG [restartedMain] o.s.w.s.m.m.a.ExceptionHandlerExceptionResolver - ControllerAdvice beans: 0 @ExceptionHandler, 1 ResponseBodyAdvice
2025-12-20 13:34:57.097 INFO  [restartedMain] o.s.b.d.a.OptionalLiveReloadServer - LiveReload server is running on port 35729
2025-12-20 13:34:57.107 INFO  [restartedMain] o.a.coyote.http11.Http11NioProtocol - Starting ProtocolHandler ["http-nio-0.0.0.0-8081"]
2025-12-20 13:34:57.111 INFO  [restartedMain] o.s.b.w.e.tomcat.TomcatWebServer - Tomcat started on port 8081 (http) with context path ''
2025-12-20 13:34:57.120 INFO  [restartedMain] c.e.nproject.NprojectApplication - Started NprojectApplication in 0.354 seconds (process running for 1038.133)
2025-12-20 13:34:57.121 INFO  [restartedMain] o.s.b.d.a.ConditionEvaluationDeltaLoggingListener - Condition evaluation unchanged
2025-12-20 13:36:29.694 INFO  [File Watcher] o.s.b.d.a.LocalDevToolsAutoConfiguration$RestartingClassPathChangeChangedEventListener - Restarting due to 14 class path changes (0 additions, 13 deletions, 1 modification)
2025-12-20 13:36:29.695 INFO  [Thread-15] o.a.coyote.http11.Http11NioProtocol - Stopping ProtocolHandler ["http-nio-0.0.0.0-8081"]
2025-12-20 13:36:29.778 INFO  [restartedMain] c.e.nproject.NprojectApplication - Starting NprojectApplication using Java 17.0.12 with PID 21308 (C:\Dev_antigravity_git\meta_system\nproject\target\classes started by jkljkl in C:\Dev_antigravity_git\meta_system\nproject)
2025-12-20 13:36:29.778 DEBUG [restartedMain] c.e.nproject.NprojectApplication - Running with Spring Boot v3.2.0, Spring v6.1.1
2025-12-20 13:36:29.778 INFO  [restartedMain] c.e.nproject.NprojectApplication - No active profile set, falling back to 1 default profile: "default"
2025-12-20 13:36:30.031 INFO  [restartedMain] o.s.b.w.e.tomcat.TomcatWebServer - Tomcat initialized with port 8081 (http)
2025-12-20 13:36:30.032 INFO  [restartedMain] o.a.coyote.http11.Http11NioProtocol - Initializing ProtocolHandler ["http-nio-0.0.0.0-8081"]
2025-12-20 13:36:30.032 INFO  [restartedMain] o.a.catalina.core.StandardService - Starting service [Tomcat]
2025-12-20 13:36:30.032 INFO  [restartedMain] o.a.catalina.core.StandardEngine - Starting Servlet engine: [Apache Tomcat/10.1.16]
2025-12-20 13:36:30.049 INFO  [restartedMain] o.a.c.c.C.[Tomcat-2].[localhost].[/] - Initializing Spring embedded WebApplicationContext
2025-12-20 13:36:30.049 INFO  [restartedMain] o.s.b.w.s.c.ServletWebServerApplicationContext - Root WebApplicationContext: initialization completed in 269 ms
2025-12-20 13:36:30.083 DEBUG [restartedMain] o.s.w.s.m.m.a.RequestMappingHandlerMapping - 2 mappings in 'requestMappingHandlerMapping'
2025-12-20 13:36:30.108 DEBUG [restartedMain] o.s.w.s.h.SimpleUrlHandlerMapping - Patterns [/webjars/**, /**] in 'resourceHandlerMapping'
2025-12-20 13:36:30.118 DEBUG [restartedMain] o.s.w.s.m.m.a.RequestMappingHandlerAdapter - ControllerAdvice beans: 0 @ModelAttribute, 0 @InitBinder, 1 RequestBodyAdvice, 1 ResponseBodyAdvice
2025-12-20 13:36:30.122 DEBUG [restartedMain] o.s.w.s.m.m.a.ExceptionHandlerExceptionResolver - ControllerAdvice beans: 0 @ExceptionHandler, 1 ResponseBodyAdvice
2025-12-20 13:36:30.219 INFO  [restartedMain] o.s.b.d.a.OptionalLiveReloadServer - LiveReload server is running on port 35729
2025-12-20 13:36:30.230 INFO  [restartedMain] o.a.coyote.http11.Http11NioProtocol - Starting ProtocolHandler ["http-nio-0.0.0.0-8081"]
2025-12-20 13:36:30.236 INFO  [restartedMain] o.s.b.w.e.tomcat.TomcatWebServer - Tomcat started on port 8081 (http) with context path ''
2025-12-20 13:36:30.249 INFO  [restartedMain] c.e.nproject.NprojectApplication - Started NprojectApplication in 0.502 seconds (process running for 1131.262)
2025-12-20 13:36:30.252 INFO  [restartedMain] o.s.b.d.a.ConditionEvaluationDeltaLoggingListener - Condition evaluation unchanged
2025-12-20 13:36:31.658 INFO  [File Watcher] o.s.b.d.a.LocalDevToolsAutoConfiguration$RestartingClassPathChangeChangedEventListener - Restarting due to 13 class path changes (13 additions, 0 deletions, 0 modifications)
2025-12-20 13:36:31.659 INFO  [Thread-25] o.a.coyote.http11.Http11NioProtocol - Stopping ProtocolHandler ["http-nio-0.0.0.0-8081"]
2025-12-20 13:36:31.742 INFO  [restartedMain] c.e.nproject.NprojectApplication - Starting NprojectApplication using Java 17.0.12 with PID 21308 (C:\Dev_antigravity_git\meta_system\nproject\target\classes started by jkljkl in C:\Dev_antigravity_git\meta_system\nproject)
2025-12-20 13:36:31.742 DEBUG [restartedMain] c.e.nproject.NprojectApplication - Running with Spring Boot v3.2.0, Spring v6.1.1
2025-12-20 13:36:31.744 INFO  [restartedMain] c.e.nproject.NprojectApplication - No active profile set, falling back to 1 default profile: "default"
2025-12-20 13:36:32.053 INFO  [restartedMain] o.s.b.w.e.tomcat.TomcatWebServer - Tomcat initialized with port 8081 (http)
2025-12-20 13:36:32.053 INFO  [restartedMain] o.a.coyote.http11.Http11NioProtocol - Initializing ProtocolHandler ["http-nio-0.0.0.0-8081"]
2025-12-20 13:36:32.053 INFO  [restartedMain] o.a.catalina.core.StandardService - Starting service [Tomcat]
2025-12-20 13:36:32.053 INFO  [restartedMain] o.a.catalina.core.StandardEngine - Starting Servlet engine: [Apache Tomcat/10.1.16]
2025-12-20 13:36:32.071 INFO  [restartedMain] o.a.c.c.C.[Tomcat-2].[localhost].[/] - Initializing Spring embedded WebApplicationContext
2025-12-20 13:36:32.071 INFO  [restartedMain] o.s.b.w.s.c.ServletWebServerApplicationContext - Root WebApplicationContext: initialization completed in 326 ms
2025-12-20 13:36:32.157 DEBUG [restartedMain] o.s.w.s.m.m.a.RequestMappingHandlerMapping - 13 mappings in 'requestMappingHandlerMapping'
2025-12-20 13:36:32.177 DEBUG [restartedMain] o.s.w.s.h.SimpleUrlHandlerMapping - Patterns [/webjars/**, /**] in 'resourceHandlerMapping'
2025-12-20 13:36:32.180 DEBUG [restartedMain] o.s.w.s.m.m.a.RequestMappingHandlerAdapter - ControllerAdvice beans: 0 @ModelAttribute, 0 @InitBinder, 1 RequestBodyAdvice, 1 ResponseBodyAdvice
2025-12-20 13:36:32.183 DEBUG [restartedMain] o.s.w.s.m.m.a.ExceptionHandlerExceptionResolver - ControllerAdvice beans: 0 @ExceptionHandler, 1 ResponseBodyAdvice
2025-12-20 13:36:32.213 INFO  [restartedMain] o.s.b.d.a.OptionalLiveReloadServer - LiveReload server is running on port 35729
2025-12-20 13:36:32.222 INFO  [restartedMain] o.a.coyote.http11.Http11NioProtocol - Starting ProtocolHandler ["http-nio-0.0.0.0-8081"]
2025-12-20 13:36:32.227 INFO  [restartedMain] o.s.b.w.e.tomcat.TomcatWebServer - Tomcat started on port 8081 (http) with context path ''
2025-12-20 13:36:32.250 INFO  [restartedMain] c.e.nproject.NprojectApplication - Started NprojectApplication in 0.535 seconds (process running for 1133.262)
2025-12-20 13:36:32.250 INFO  [restartedMain] o.s.b.d.a.ConditionEvaluationDeltaLoggingListener - Condition evaluation unchanged
2025-12-20 13:36:32.526 INFO  [main] c.e.n.NprojectApplicationTests - Starting NprojectApplicationTests using Java 17.0.12 with PID 6196 (started by jkljkl in C:\Dev_antigravity_git\meta_system\nproject)
2025-12-20 13:36:32.527 DEBUG [main] c.e.n.NprojectApplicationTests - Running with Spring Boot v3.2.0, Spring v6.1.1
2025-12-20 13:36:32.528 INFO  [main] c.e.n.NprojectApplicationTests - No active profile set, falling back to 1 default profile: "default"
2025-12-20 13:36:32.563 DEBUG [main] o.s.w.c.s.GenericWebApplicationContext - Refreshing org.springframework.web.context.support.GenericWebApplicationContext@4ee33af7
2025-12-20 13:36:33.243 DEBUG [main] o.apache.ibatis.logging.LogFactory - Logging initialized using 'class org.apache.ibatis.logging.slf4j.Slf4jImpl' adapter.
2025-12-20 13:36:33.908 DEBUG [main] o.s.w.s.m.m.a.RequestMappingHandlerMapping - 13 mappings in 'requestMappingHandlerMapping'
2025-12-20 13:36:33.973 DEBUG [main] o.s.w.s.h.SimpleUrlHandlerMapping - Patterns [/webjars/**, /**] in 'resourceHandlerMapping'
2025-12-20 13:36:34.010 DEBUG [main] o.s.w.s.m.m.a.RequestMappingHandlerAdapter - ControllerAdvice beans: 0 @ModelAttribute, 0 @InitBinder, 1 RequestBodyAdvice, 1 ResponseBodyAdvice
2025-12-20 13:36:34.046 DEBUG [main] o.s.w.s.m.m.a.ExceptionHandlerExceptionResolver - ControllerAdvice beans: 0 @ExceptionHandler, 1 ResponseBodyAdvice
2025-12-20 13:36:34.186 INFO  [main] c.e.n.NprojectApplicationTests - Started NprojectApplicationTests in 2.078 seconds (process running for 3.074)
2025-12-20 13:36:35.205 DEBUG [SpringApplicationShutdownHook] o.s.w.c.s.GenericWebApplicationContext - Closing org.springframework.web.context.support.GenericWebApplicationContext@4ee33af7, started on Sat Dec 20 13:36:32 KST 2025
2025-12-20 13:36:42.553 INFO  [RMI TCP Connection(31)-127.0.0.1] o.s.b.a.SpringApplicationAdminMXBeanRegistrar$SpringApplicationAdmin - Application shutdown requested.
2025-12-20 13:36:42.554 INFO  [RMI TCP Connection(31)-127.0.0.1] o.a.coyote.http11.Http11NioProtocol - Stopping ProtocolHandler ["http-nio-0.0.0.0-8081"]
2025-12-20 13:36:44.901 INFO  [restartedMain] c.e.nproject.NprojectApplication - Starting NprojectApplication using Java 17.0.12 with PID 10872 (C:\Dev_antigravity_git\meta_system\nproject\target\classes started by jkljkl in C:\Dev_antigravity_git\meta_system\nproject)
2025-12-20 13:36:44.904 DEBUG [restartedMain] c.e.nproject.NprojectApplication - Running with Spring Boot v3.2.0, Spring v6.1.1
2025-12-20 13:36:44.905 INFO  [restartedMain] c.e.nproject.NprojectApplication - No active profile set, falling back to 1 default profile: "default"
2025-12-20 13:36:44.945 INFO  [restartedMain] o.s.b.d.e.DevToolsPropertyDefaultsPostProcessor - Devtools property defaults active! Set 'spring.devtools.add-properties' to 'false' to disable
2025-12-20 13:36:44.945 INFO  [restartedMain] o.s.b.d.e.DevToolsPropertyDefaultsPostProcessor - For additional web related logging consider setting the 'logging.level.web' property to 'DEBUG'
2025-12-20 13:36:45.688 DEBUG [restartedMain] o.apache.ibatis.logging.LogFactory - Logging initialized using 'class org.apache.ibatis.logging.slf4j.Slf4jImpl' adapter.
2025-12-20 13:36:46.006 INFO  [restartedMain] o.s.b.w.e.tomcat.TomcatWebServer - Tomcat initialized with port 8081 (http)
2025-12-20 13:36:46.013 INFO  [restartedMain] o.a.coyote.http11.Http11NioProtocol - Initializing ProtocolHandler ["http-nio-0.0.0.0-8081"]
2025-12-20 13:36:46.016 INFO  [restartedMain] o.a.catalina.core.StandardService - Starting service [Tomcat]
2025-12-20 13:36:46.016 INFO  [restartedMain] o.a.catalina.core.StandardEngine - Starting Servlet engine: [Apache Tomcat/10.1.16]
2025-12-20 13:36:46.052 INFO  [restartedMain] o.a.c.c.C.[Tomcat].[localhost].[/] - Initializing Spring embedded WebApplicationContext
2025-12-20 13:36:46.053 INFO  [restartedMain] o.s.b.w.s.c.ServletWebServerApplicationContext - Root WebApplicationContext: initialization completed in 1108 ms
2025-12-20 13:36:46.357 DEBUG [restartedMain] o.s.w.s.m.m.a.RequestMappingHandlerMapping - 13 mappings in 'requestMappingHandlerMapping'
2025-12-20 13:36:46.403 DEBUG [restartedMain] o.s.w.s.h.SimpleUrlHandlerMapping - Patterns [/webjars/**, /**] in 'resourceHandlerMapping'
2025-12-20 13:36:46.422 DEBUG [restartedMain] o.s.w.s.m.m.a.RequestMappingHandlerAdapter - ControllerAdvice beans: 0 @ModelAttribute, 0 @InitBinder, 1 RequestBodyAdvice, 1 ResponseBodyAdvice
2025-12-20 13:36:46.449 DEBUG [restartedMain] o.s.w.s.m.m.a.ExceptionHandlerExceptionResolver - ControllerAdvice beans: 0 @ExceptionHandler, 1 ResponseBodyAdvice
2025-12-20 13:36:46.550 INFO  [restartedMain] o.s.b.d.a.OptionalLiveReloadServer - LiveReload server is running on port 35729
2025-12-20 13:36:46.567 INFO  [restartedMain] o.a.coyote.http11.Http11NioProtocol - Starting ProtocolHandler ["http-nio-0.0.0.0-8081"]
2025-12-20 13:36:46.584 INFO  [restartedMain] o.s.b.w.e.tomcat.TomcatWebServer - Tomcat started on port 8081 (http) with context path ''
2025-12-20 13:36:46.591 INFO  [restartedMain] c.e.nproject.NprojectApplication - Started NprojectApplication in 2.218 seconds (process running for 2.764)
2025-12-20 13:36:59.514 INFO  [http-nio-0.0.0.0-8081-exec-1] o.a.c.c.C.[Tomcat].[localhost].[/] - Initializing Spring DispatcherServlet 'dispatcherServlet'
2025-12-20 13:36:59.517 INFO  [http-nio-0.0.0.0-8081-exec-1] o.s.web.servlet.DispatcherServlet - Initializing Servlet 'dispatcherServlet'
2025-12-20 13:36:59.517 DEBUG [http-nio-0.0.0.0-8081-exec-1] o.s.web.servlet.DispatcherServlet - Detected StandardServletMultipartResolver
2025-12-20 13:36:59.518 DEBUG [http-nio-0.0.0.0-8081-exec-1] o.s.web.servlet.DispatcherServlet - Detected AcceptHeaderLocaleResolver
2025-12-20 13:36:59.518 DEBUG [http-nio-0.0.0.0-8081-exec-1] o.s.web.servlet.DispatcherServlet - Detected FixedThemeResolver
2025-12-20 13:36:59.519 DEBUG [http-nio-0.0.0.0-8081-exec-1] o.s.web.servlet.DispatcherServlet - Detected org.springframework.web.servlet.view.DefaultRequestToViewNameTranslator@691b297
2025-12-20 13:36:59.519 DEBUG [http-nio-0.0.0.0-8081-exec-1] o.s.web.servlet.DispatcherServlet - Detected org.springframework.web.servlet.support.SessionFlashMapManager@3886cb23
2025-12-20 13:36:59.519 DEBUG [http-nio-0.0.0.0-8081-exec-1] o.s.web.servlet.DispatcherServlet - enableLoggingRequestDetails='false': request parameters and headers will be masked to prevent unsafe logging of potentially sensitive data
2025-12-20 13:36:59.520 INFO  [http-nio-0.0.0.0-8081-exec-1] o.s.web.servlet.DispatcherServlet - Completed initialization in 2 ms
2025-12-20 13:36:59.528 DEBUG [http-nio-0.0.0.0-8081-exec-1] o.s.web.servlet.DispatcherServlet - GET "/std-word/list", parameters={}
2025-12-20 13:36:59.538 DEBUG [http-nio-0.0.0.0-8081-exec-1] o.s.w.s.m.m.a.RequestMappingHandlerMapping - Mapped to com.example.nproject.controller.MetaStdWordController#list(MetaStdWordDto, Model)
2025-12-20 13:36:59.589 DEBUG [http-nio-0.0.0.0-8081-exec-1] o.s.jdbc.datasource.DataSourceUtils - Fetching JDBC Connection from DataSource
2025-12-20 13:36:59.590 INFO  [http-nio-0.0.0.0-8081-exec-1] com.zaxxer.hikari.HikariDataSource - HikariPool-1 - Starting...
2025-12-20 13:36:59.940 INFO  [http-nio-0.0.0.0-8081-exec-1] com.zaxxer.hikari.pool.HikariPool - HikariPool-1 - Added connection org.postgresql.jdbc.PgConnection@46364d8d
2025-12-20 13:36:59.943 INFO  [http-nio-0.0.0.0-8081-exec-1] com.zaxxer.hikari.HikariDataSource - HikariPool-1 - Start completed.
2025-12-20 13:36:59.950 DEBUG [http-nio-0.0.0.0-8081-exec-1] c.e.n.m.M.selectStdWordList - ==>  Preparing: SELECT word_id as wordId, std_word_name as stdWordName, eng_abbr_name as engAbbrName, eng_full_name as engFullName, definition, domain_type as domainType, use_yn as useYn FROM meta_std_word ORDER BY word_id LIMIT ? OFFSET ?
2025-12-20 13:36:59.966 DEBUG [http-nio-0.0.0.0-8081-exec-1] c.e.n.m.M.selectStdWordList - ==> Parameters: 10(Integer), 0(Integer)
2025-12-20 13:37:00.023 DEBUG [http-nio-0.0.0.0-8081-exec-1] c.e.n.m.M.selectStdWordList - <==      Total: 10
2025-12-20 13:37:00.032 DEBUG [http-nio-0.0.0.0-8081-exec-1] o.s.jdbc.datasource.DataSourceUtils - Fetching JDBC Connection from DataSource
2025-12-20 13:37:00.032 DEBUG [http-nio-0.0.0.0-8081-exec-1] c.e.n.m.M.countStdWordList - ==>  Preparing: SELECT COUNT(*) FROM meta_std_word
2025-12-20 13:37:00.032 DEBUG [http-nio-0.0.0.0-8081-exec-1] c.e.n.m.M.countStdWordList - ==> Parameters: 
2025-12-20 13:37:00.054 DEBUG [http-nio-0.0.0.0-8081-exec-1] c.e.n.m.M.countStdWordList - <==      Total: 1
2025-12-20 13:37:00.063 DEBUG [http-nio-0.0.0.0-8081-exec-1] o.s.w.s.v.ContentNegotiatingViewResolver - Selected 'text/html' given [text/html, application/xhtml+xml, image/avif, image/webp, image/apng, application/xml;q=0.9, */*;q=0.8, application/signed-exchange;v=b3;q=0.7]
2025-12-20 13:37:00.301 DEBUG [http-nio-0.0.0.0-8081-exec-1] o.s.web.servlet.DispatcherServlet - Completed 200 OK
2025-12-20 13:37:00.319 DEBUG [http-nio-0.0.0.0-8081-exec-2] o.s.web.servlet.DispatcherServlet - GET "/css/common.css", parameters={}
2025-12-20 13:37:00.320 DEBUG [http-nio-0.0.0.0-8081-exec-3] o.s.web.servlet.DispatcherServlet - GET "/css/std_word_list.css", parameters={}
2025-12-20 13:37:00.320 DEBUG [http-nio-0.0.0.0-8081-exec-4] o.s.web.servlet.DispatcherServlet - GET "/js/std_word_list.js", parameters={}
2025-12-20 13:37:00.324 DEBUG [http-nio-0.0.0.0-8081-exec-4] o.s.w.s.h.SimpleUrlHandlerMapping - Mapped to ResourceHttpRequestHandler [classpath [META-INF/resources/], classpath [resources/], classpath [static/], classpath [public/], ServletContext [/]]
2025-12-20 13:37:00.324 DEBUG [http-nio-0.0.0.0-8081-exec-2] o.s.w.s.h.SimpleUrlHandlerMapping - Mapped to ResourceHttpRequestHandler [classpath [META-INF/resources/], classpath [resources/], classpath [static/], classpath [public/], ServletContext [/]]
2025-12-20 13:37:00.324 DEBUG [http-nio-0.0.0.0-8081-exec-3] o.s.w.s.h.SimpleUrlHandlerMapping - Mapped to ResourceHttpRequestHandler [classpath [META-INF/resources/], classpath [resources/], classpath [static/], classpath [public/], ServletContext [/]]
2025-12-20 13:37:00.334 DEBUG [http-nio-0.0.0.0-8081-exec-4] o.s.web.servlet.DispatcherServlet - Completed 200 OK
2025-12-20 13:37:00.334 DEBUG [http-nio-0.0.0.0-8081-exec-3] o.s.web.servlet.DispatcherServlet - Completed 200 OK
2025-12-20 13:37:00.334 DEBUG [http-nio-0.0.0.0-8081-exec-2] o.s.web.servlet.DispatcherServlet - Completed 200 OK
2025-12-20 13:37:19.028 DEBUG [http-nio-0.0.0.0-8081-exec-5] o.s.web.servlet.DispatcherServlet - GET "/std-word/list?size=10&stdWordName=%EC%82%AC%EB%9E%91", parameters={masked}
2025-12-20 13:37:19.029 DEBUG [http-nio-0.0.0.0-8081-exec-5] o.s.w.s.m.m.a.RequestMappingHandlerMapping - Mapped to com.example.nproject.controller.MetaStdWordController#list(MetaStdWordDto, Model)
2025-12-20 13:37:19.030 DEBUG [http-nio-0.0.0.0-8081-exec-5] o.s.jdbc.datasource.DataSourceUtils - Fetching JDBC Connection from DataSource
2025-12-20 13:37:19.046 DEBUG [http-nio-0.0.0.0-8081-exec-5] c.e.n.m.M.selectStdWordList - ==>  Preparing: SELECT word_id as wordId, std_word_name as stdWordName, eng_abbr_name as engAbbrName, eng_full_name as engFullName, definition, domain_type as domainType, use_yn as useYn FROM meta_std_word WHERE std_word_name LIKE '%' || ? || '%' ORDER BY word_id LIMIT ? OFFSET ?
2025-12-20 13:37:19.047 DEBUG [http-nio-0.0.0.0-8081-exec-5] c.e.n.m.M.selectStdWordList - ==> Parameters: 사랑(String), 10(Integer), 0(Integer)
2025-12-20 13:37:19.062 DEBUG [http-nio-0.0.0.0-8081-exec-5] c.e.n.m.M.selectStdWordList - <==      Total: 1
2025-12-20 13:37:19.063 DEBUG [http-nio-0.0.0.0-8081-exec-5] o.s.jdbc.datasource.DataSourceUtils - Fetching JDBC Connection from DataSource
2025-12-20 13:37:19.063 DEBUG [http-nio-0.0.0.0-8081-exec-5] c.e.n.m.M.countStdWordList - ==>  Preparing: SELECT COUNT(*) FROM meta_std_word WHERE std_word_name LIKE '%' || ? || '%'
2025-12-20 13:37:19.063 DEBUG [http-nio-0.0.0.0-8081-exec-5] c.e.n.m.M.countStdWordList - ==> Parameters: 사랑(String)
2025-12-20 13:37:19.072 DEBUG [http-nio-0.0.0.0-8081-exec-5] c.e.n.m.M.countStdWordList - <==      Total: 1
2025-12-20 13:37:19.073 DEBUG [http-nio-0.0.0.0-8081-exec-5] o.s.w.s.v.ContentNegotiatingViewResolver - Selected 'text/html' given [text/html, application/xhtml+xml, image/avif, image/webp, image/apng, application/xml;q=0.9, */*;q=0.8, application/signed-exchange;v=b3;q=0.7]
2025-12-20 13:37:19.082 DEBUG [http-nio-0.0.0.0-8081-exec-5] o.s.web.servlet.DispatcherServlet - Completed 200 OK
2025-12-20 13:37:19.101 DEBUG [http-nio-0.0.0.0-8081-exec-6] o.s.web.servlet.DispatcherServlet - GET "/css/common.css", parameters={}
2025-12-20 13:37:19.102 DEBUG [http-nio-0.0.0.0-8081-exec-6] o.s.w.s.h.SimpleUrlHandlerMapping - Mapped to ResourceHttpRequestHandler [classpath [META-INF/resources/], classpath [resources/], classpath [static/], classpath [public/], ServletContext [/]]
2025-12-20 13:37:19.103 DEBUG [http-nio-0.0.0.0-8081-exec-7] o.s.web.servlet.DispatcherServlet - GET "/css/std_word_list.css", parameters={}
2025-12-20 13:37:19.104 DEBUG [http-nio-0.0.0.0-8081-exec-8] o.s.web.servlet.DispatcherServlet - GET "/js/std_word_list.js", parameters={}
2025-12-20 13:37:19.104 DEBUG [http-nio-0.0.0.0-8081-exec-7] o.s.w.s.h.SimpleUrlHandlerMapping - Mapped to ResourceHttpRequestHandler [classpath [META-INF/resources/], classpath [resources/], classpath [static/], classpath [public/], ServletContext [/]]
2025-12-20 13:37:19.104 DEBUG [http-nio-0.0.0.0-8081-exec-6] o.s.web.servlet.DispatcherServlet - Completed 200 OK
2025-12-20 13:37:19.106 DEBUG [http-nio-0.0.0.0-8081-exec-8] o.s.w.s.h.SimpleUrlHandlerMapping - Mapped to ResourceHttpRequestHandler [classpath [META-INF/resources/], classpath [resources/], classpath [static/], classpath [public/], ServletContext [/]]
2025-12-20 13:37:19.107 DEBUG [http-nio-0.0.0.0-8081-exec-7] o.s.web.servlet.DispatcherServlet - Completed 200 OK
2025-12-20 13:37:19.107 DEBUG [http-nio-0.0.0.0-8081-exec-8] o.s.web.servlet.DispatcherServlet - Completed 200 OK
2025-12-20 13:44:03.584 INFO  [File Watcher] o.s.b.d.a.LocalDevToolsAutoConfiguration$RestartingClassPathChangeChangedEventListener - Restarting due to 1 class path change (0 additions, 0 deletions, 1 modification)
2025-12-20 13:44:03.589 INFO  [Thread-5] o.a.coyote.http11.Http11NioProtocol - Stopping ProtocolHandler ["http-nio-0.0.0.0-8081"]
2025-12-20 13:44:03.606 INFO  [Thread-5] com.zaxxer.hikari.HikariDataSource - HikariPool-1 - Shutdown initiated...
2025-12-20 13:44:03.614 INFO  [Thread-5] com.zaxxer.hikari.HikariDataSource - HikariPool-1 - Shutdown completed.
2025-12-20 13:44:03.690 INFO  [restartedMain] c.e.nproject.NprojectApplication - Starting NprojectApplication using Java 17.0.12 with PID 10872 (C:\Dev_antigravity_git\meta_system\nproject\target\classes started by jkljkl in C:\Dev_antigravity_git\meta_system\nproject)
2025-12-20 13:44:03.690 DEBUG [restartedMain] c.e.nproject.NprojectApplication - Running with Spring Boot v3.2.0, Spring v6.1.1
2025-12-20 13:44:03.690 INFO  [restartedMain] c.e.nproject.NprojectApplication - No active profile set, falling back to 1 default profile: "default"
2025-12-20 13:44:03.901 INFO  [restartedMain] o.s.b.w.e.tomcat.TomcatWebServer - Tomcat initialized with port 8081 (http)
2025-12-20 13:44:03.901 INFO  [restartedMain] o.a.coyote.http11.Http11NioProtocol - Initializing ProtocolHandler ["http-nio-0.0.0.0-8081"]
2025-12-20 13:44:03.901 INFO  [restartedMain] o.a.catalina.core.StandardService - Starting service [Tomcat]
2025-12-20 13:44:03.901 INFO  [restartedMain] o.a.catalina.core.StandardEngine - Starting Servlet engine: [Apache Tomcat/10.1.16]
2025-12-20 13:44:03.919 INFO  [restartedMain] o.a.c.c.C.[Tomcat].[localhost].[/] - Initializing Spring embedded WebApplicationContext
2025-12-20 13:44:03.920 INFO  [restartedMain] o.s.b.w.s.c.ServletWebServerApplicationContext - Root WebApplicationContext: initialization completed in 228 ms
2025-12-20 13:44:03.997 DEBUG [restartedMain] o.s.w.s.m.m.a.RequestMappingHandlerMapping - 13 mappings in 'requestMappingHandlerMapping'
2025-12-20 13:44:04.015 DEBUG [restartedMain] o.s.w.s.h.SimpleUrlHandlerMapping - Patterns [/webjars/**, /**] in 'resourceHandlerMapping'
2025-12-20 13:44:04.022 DEBUG [restartedMain] o.s.w.s.m.m.a.RequestMappingHandlerAdapter - ControllerAdvice beans: 0 @ModelAttribute, 0 @InitBinder, 1 RequestBodyAdvice, 1 ResponseBodyAdvice
2025-12-20 13:44:04.026 DEBUG [restartedMain] o.s.w.s.m.m.a.ExceptionHandlerExceptionResolver - ControllerAdvice beans: 0 @ExceptionHandler, 1 ResponseBodyAdvice
2025-12-20 13:44:04.052 INFO  [restartedMain] o.s.b.d.a.OptionalLiveReloadServer - LiveReload server is running on port 35729
2025-12-20 13:44:04.057 INFO  [restartedMain] o.a.coyote.http11.Http11NioProtocol - Starting ProtocolHandler ["http-nio-0.0.0.0-8081"]
2025-12-20 13:44:04.061 INFO  [restartedMain] o.s.b.w.e.tomcat.TomcatWebServer - Tomcat started on port 8081 (http) with context path ''
2025-12-20 13:44:04.065 INFO  [restartedMain] c.e.nproject.NprojectApplication - Started NprojectApplication in 0.4 seconds (process running for 440.238)
2025-12-20 13:44:04.068 INFO  [restartedMain] o.s.b.d.a.ConditionEvaluationDeltaLoggingListener - Condition evaluation unchanged
2025-12-20 13:44:06.492 INFO  [File Watcher] o.s.b.d.a.LocalDevToolsAutoConfiguration$RestartingClassPathChangeChangedEventListener - Restarting due to 1 class path change (0 additions, 0 deletions, 1 modification)
2025-12-20 13:44:06.493 INFO  [Thread-7] o.a.coyote.http11.Http11NioProtocol - Stopping ProtocolHandler ["http-nio-0.0.0.0-8081"]
2025-12-20 13:44:06.591 INFO  [restartedMain] c.e.nproject.NprojectApplication - Starting NprojectApplication using Java 17.0.12 with PID 10872 (C:\Dev_antigravity_git\meta_system\nproject\target\classes started by jkljkl in C:\Dev_antigravity_git\meta_system\nproject)
2025-12-20 13:44:06.593 DEBUG [restartedMain] c.e.nproject.NprojectApplication - Running with Spring Boot v3.2.0, Spring v6.1.1
2025-12-20 13:44:06.593 INFO  [restartedMain] c.e.nproject.NprojectApplication - No active profile set, falling back to 1 default profile: "default"
2025-12-20 13:44:06.854 INFO  [restartedMain] o.s.b.w.e.tomcat.TomcatWebServer - Tomcat initialized with port 8081 (http)
2025-12-20 13:44:06.854 INFO  [restartedMain] o.a.coyote.http11.Http11NioProtocol - Initializing ProtocolHandler ["http-nio-0.0.0.0-8081"]
2025-12-20 13:44:06.855 INFO  [restartedMain] o.a.catalina.core.StandardService - Starting service [Tomcat]
2025-12-20 13:44:06.855 INFO  [restartedMain] o.a.catalina.core.StandardEngine - Starting Servlet engine: [Apache Tomcat/10.1.16]
2025-12-20 13:44:06.869 INFO  [restartedMain] o.a.c.c.C.[Tomcat].[localhost].[/] - Initializing Spring embedded WebApplicationContext
2025-12-20 13:44:06.869 INFO  [restartedMain] o.s.b.w.s.c.ServletWebServerApplicationContext - Root WebApplicationContext: initialization completed in 269 ms
2025-12-20 13:44:06.938 DEBUG [restartedMain] o.s.w.s.m.m.a.RequestMappingHandlerMapping - 13 mappings in 'requestMappingHandlerMapping'
2025-12-20 13:44:06.959 DEBUG [restartedMain] o.s.w.s.h.SimpleUrlHandlerMapping - Patterns [/webjars/**, /**] in 'resourceHandlerMapping'
2025-12-20 13:44:06.965 DEBUG [restartedMain] o.s.w.s.m.m.a.RequestMappingHandlerAdapter - ControllerAdvice beans: 0 @ModelAttribute, 0 @InitBinder, 1 RequestBodyAdvice, 1 ResponseBodyAdvice
2025-12-20 13:44:06.968 DEBUG [restartedMain] o.s.w.s.m.m.a.ExceptionHandlerExceptionResolver - ControllerAdvice beans: 0 @ExceptionHandler, 1 ResponseBodyAdvice
2025-12-20 13:44:07.025 INFO  [restartedMain] o.s.b.d.a.OptionalLiveReloadServer - LiveReload server is running on port 35729
2025-12-20 13:44:07.036 INFO  [restartedMain] o.a.coyote.http11.Http11NioProtocol - Starting ProtocolHandler ["http-nio-0.0.0.0-8081"]
2025-12-20 13:44:07.040 INFO  [restartedMain] o.s.b.w.e.tomcat.TomcatWebServer - Tomcat started on port 8081 (http) with context path ''
2025-12-20 13:44:07.047 INFO  [restartedMain] c.e.nproject.NprojectApplication - Started NprojectApplication in 0.494 seconds (process running for 443.219)
2025-12-20 13:44:07.049 INFO  [restartedMain] o.s.b.d.a.ConditionEvaluationDeltaLoggingListener - Condition evaluation unchanged
2025-12-20 13:44:08.470 INFO  [File Watcher] o.s.b.d.a.LocalDevToolsAutoConfiguration$RestartingClassPathChangeChangedEventListener - Restarting due to 1 class path change (0 additions, 0 deletions, 1 modification)
2025-12-20 13:44:08.471 INFO  [Thread-11] o.a.coyote.http11.Http11NioProtocol - Stopping ProtocolHandler ["http-nio-0.0.0.0-8081"]
2025-12-20 13:44:08.539 INFO  [restartedMain] c.e.nproject.NprojectApplication - Starting NprojectApplication using Java 17.0.12 with PID 10872 (C:\Dev_antigravity_git\meta_system\nproject\target\classes started by jkljkl in C:\Dev_antigravity_git\meta_system\nproject)
2025-12-20 13:44:08.540 DEBUG [restartedMain] c.e.nproject.NprojectApplication - Running with Spring Boot v3.2.0, Spring v6.1.1
2025-12-20 13:44:08.540 INFO  [restartedMain] c.e.nproject.NprojectApplication - No active profile set, falling back to 1 default profile: "default"
2025-12-20 13:44:08.832 INFO  [restartedMain] o.s.b.w.e.tomcat.TomcatWebServer - Tomcat initialized with port 8081 (http)
2025-12-20 13:44:08.832 INFO  [restartedMain] o.a.coyote.http11.Http11NioProtocol - Initializing ProtocolHandler ["http-nio-0.0.0.0-8081"]
2025-12-20 13:44:08.832 INFO  [restartedMain] o.a.catalina.core.StandardService - Starting service [Tomcat]
2025-12-20 13:44:08.833 INFO  [restartedMain] o.a.catalina.core.StandardEngine - Starting Servlet engine: [Apache Tomcat/10.1.16]
2025-12-20 13:44:08.858 INFO  [restartedMain] o.a.c.c.C.[Tomcat].[localhost].[/] - Initializing Spring embedded WebApplicationContext
2025-12-20 13:44:08.859 INFO  [restartedMain] o.s.b.w.s.c.ServletWebServerApplicationContext - Root WebApplicationContext: initialization completed in 318 ms
2025-12-20 13:44:08.934 DEBUG [restartedMain] o.s.w.s.m.m.a.RequestMappingHandlerMapping - 13 mappings in 'requestMappingHandlerMapping'
2025-12-20 13:44:08.951 DEBUG [restartedMain] o.s.w.s.h.SimpleUrlHandlerMapping - Patterns [/webjars/**, /**] in 'resourceHandlerMapping'
2025-12-20 13:44:08.956 DEBUG [restartedMain] o.s.w.s.m.m.a.RequestMappingHandlerAdapter - ControllerAdvice beans: 0 @ModelAttribute, 0 @InitBinder, 1 RequestBodyAdvice, 1 ResponseBodyAdvice
2025-12-20 13:44:08.958 DEBUG [restartedMain] o.s.w.s.m.m.a.ExceptionHandlerExceptionResolver - ControllerAdvice beans: 0 @ExceptionHandler, 1 ResponseBodyAdvice
2025-12-20 13:44:08.978 INFO  [restartedMain] o.s.b.d.a.OptionalLiveReloadServer - LiveReload server is running on port 35729
2025-12-20 13:44:08.984 INFO  [restartedMain] o.a.coyote.http11.Http11NioProtocol - Starting ProtocolHandler ["http-nio-0.0.0.0-8081"]
2025-12-20 13:44:08.989 INFO  [restartedMain] o.s.b.w.e.tomcat.TomcatWebServer - Tomcat started on port 8081 (http) with context path ''
2025-12-20 13:44:08.995 INFO  [restartedMain] c.e.nproject.NprojectApplication - Started NprojectApplication in 0.478 seconds (process running for 445.167)
2025-12-20 13:44:08.996 INFO  [restartedMain] o.s.b.d.a.ConditionEvaluationDeltaLoggingListener - Condition evaluation unchanged
2025-12-20 13:44:10.419 INFO  [File Watcher] o.s.b.d.a.LocalDevToolsAutoConfiguration$RestartingClassPathChangeChangedEventListener - Restarting due to 1 class path change (0 additions, 0 deletions, 1 modification)
2025-12-20 13:44:10.421 INFO  [Thread-15] o.a.coyote.http11.Http11NioProtocol - Stopping ProtocolHandler ["http-nio-0.0.0.0-8081"]
2025-12-20 13:44:10.485 INFO  [restartedMain] c.e.nproject.NprojectApplication - Starting NprojectApplication using Java 17.0.12 with PID 10872 (C:\Dev_antigravity_git\meta_system\nproject\target\classes started by jkljkl in C:\Dev_antigravity_git\meta_system\nproject)
2025-12-20 13:44:10.485 DEBUG [restartedMain] c.e.nproject.NprojectApplication - Running with Spring Boot v3.2.0, Spring v6.1.1
2025-12-20 13:44:10.485 INFO  [restartedMain] c.e.nproject.NprojectApplication - No active profile set, falling back to 1 default profile: "default"
2025-12-20 13:44:10.706 INFO  [restartedMain] o.s.b.w.e.tomcat.TomcatWebServer - Tomcat initialized with port 8081 (http)
2025-12-20 13:44:10.707 INFO  [restartedMain] o.a.coyote.http11.Http11NioProtocol - Initializing ProtocolHandler ["http-nio-0.0.0.0-8081"]
2025-12-20 13:44:10.707 INFO  [restartedMain] o.a.catalina.core.StandardService - Starting service [Tomcat]
2025-12-20 13:44:10.707 INFO  [restartedMain] o.a.catalina.core.StandardEngine - Starting Servlet engine: [Apache Tomcat/10.1.16]
2025-12-20 13:44:10.719 INFO  [restartedMain] o.a.c.c.C.[Tomcat].[localhost].[/] - Initializing Spring embedded WebApplicationContext
2025-12-20 13:44:10.720 INFO  [restartedMain] o.s.b.w.s.c.ServletWebServerApplicationContext - Root WebApplicationContext: initialization completed in 233 ms
2025-12-20 13:44:10.782 DEBUG [restartedMain] o.s.w.s.m.m.a.RequestMappingHandlerMapping - 14 mappings in 'requestMappingHandlerMapping'
2025-12-20 13:44:10.797 DEBUG [restartedMain] o.s.w.s.h.SimpleUrlHandlerMapping - Patterns [/webjars/**, /**] in 'resourceHandlerMapping'
2025-12-20 13:44:10.802 DEBUG [restartedMain] o.s.w.s.m.m.a.RequestMappingHandlerAdapter - ControllerAdvice beans: 0 @ModelAttribute, 0 @InitBinder, 1 RequestBodyAdvice, 1 ResponseBodyAdvice
2025-12-20 13:44:10.804 DEBUG [restartedMain] o.s.w.s.m.m.a.ExceptionHandlerExceptionResolver - ControllerAdvice beans: 0 @ExceptionHandler, 1 ResponseBodyAdvice
2025-12-20 13:44:10.824 INFO  [restartedMain] o.s.b.d.a.OptionalLiveReloadServer - LiveReload server is running on port 35729
2025-12-20 13:44:10.830 INFO  [restartedMain] o.a.coyote.http11.Http11NioProtocol - Starting ProtocolHandler ["http-nio-0.0.0.0-8081"]
2025-12-20 13:44:10.834 INFO  [restartedMain] o.s.b.w.e.tomcat.TomcatWebServer - Tomcat started on port 8081 (http) with context path ''
2025-12-20 13:44:10.838 INFO  [restartedMain] c.e.nproject.NprojectApplication - Started NprojectApplication in 0.373 seconds (process running for 447.011)
2025-12-20 13:44:10.840 INFO  [restartedMain] o.s.b.d.a.ConditionEvaluationDeltaLoggingListener - Condition evaluation unchanged
2025-12-20 13:45:30.316 INFO  [RMI TCP Connection(22)-127.0.0.1] o.s.b.a.SpringApplicationAdminMXBeanRegistrar$SpringApplicationAdmin - Application shutdown requested.
2025-12-20 13:45:30.316 INFO  [RMI TCP Connection(22)-127.0.0.1] o.a.coyote.http11.Http11NioProtocol - Stopping ProtocolHandler ["http-nio-0.0.0.0-8081"]
2025-12-20 13:45:32.025 INFO  [restartedMain] c.e.nproject.NprojectApplication - Starting NprojectApplication using Java 17.0.12 with PID 12848 (C:\Dev_antigravity_git\meta_system\nproject\target\classes started by jkljkl in C:\Dev_antigravity_git\meta_system\nproject)
2025-12-20 13:45:32.026 DEBUG [restartedMain] c.e.nproject.NprojectApplication - Running with Spring Boot v3.2.0, Spring v6.1.1
2025-12-20 13:45:32.028 INFO  [restartedMain] c.e.nproject.NprojectApplication - No active profile set, falling back to 1 default profile: "default"
2025-12-20 13:45:32.074 INFO  [restartedMain] o.s.b.d.e.DevToolsPropertyDefaultsPostProcessor - Devtools property defaults active! Set 'spring.devtools.add-properties' to 'false' to disable
2025-12-20 13:45:32.074 INFO  [restartedMain] o.s.b.d.e.DevToolsPropertyDefaultsPostProcessor - For additional web related logging consider setting the 'logging.level.web' property to 'DEBUG'
2025-12-20 13:45:32.636 DEBUG [restartedMain] o.apache.ibatis.logging.LogFactory - Logging initialized using 'class org.apache.ibatis.logging.slf4j.Slf4jImpl' adapter.
2025-12-20 13:45:32.952 INFO  [restartedMain] o.s.b.w.e.tomcat.TomcatWebServer - Tomcat initialized with port 8081 (http)
2025-12-20 13:45:32.959 INFO  [restartedMain] o.a.coyote.http11.Http11NioProtocol - Initializing ProtocolHandler ["http-nio-0.0.0.0-8081"]
2025-12-20 13:45:32.961 INFO  [restartedMain] o.a.catalina.core.StandardService - Starting service [Tomcat]
2025-12-20 13:45:32.961 INFO  [restartedMain] o.a.catalina.core.StandardEngine - Starting Servlet engine: [Apache Tomcat/10.1.16]
2025-12-20 13:45:32.999 INFO  [restartedMain] o.a.c.c.C.[Tomcat].[localhost].[/] - Initializing Spring embedded WebApplicationContext
2025-12-20 13:45:32.999 INFO  [restartedMain] o.s.b.w.s.c.ServletWebServerApplicationContext - Root WebApplicationContext: initialization completed in 924 ms
2025-12-20 13:45:33.317 DEBUG [restartedMain] o.s.w.s.m.m.a.RequestMappingHandlerMapping - 14 mappings in 'requestMappingHandlerMapping'
2025-12-20 13:45:33.367 DEBUG [restartedMain] o.s.w.s.h.SimpleUrlHandlerMapping - Patterns [/webjars/**, /**] in 'resourceHandlerMapping'
2025-12-20 13:45:33.390 DEBUG [restartedMain] o.s.w.s.m.m.a.RequestMappingHandlerAdapter - ControllerAdvice beans: 0 @ModelAttribute, 0 @InitBinder, 1 RequestBodyAdvice, 1 ResponseBodyAdvice
2025-12-20 13:45:33.415 DEBUG [restartedMain] o.s.w.s.m.m.a.ExceptionHandlerExceptionResolver - ControllerAdvice beans: 0 @ExceptionHandler, 1 ResponseBodyAdvice
2025-12-20 13:45:33.516 INFO  [restartedMain] o.s.b.d.a.OptionalLiveReloadServer - LiveReload server is running on port 35729
2025-12-20 13:45:33.532 INFO  [restartedMain] o.a.coyote.http11.Http11NioProtocol - Starting ProtocolHandler ["http-nio-0.0.0.0-8081"]
2025-12-20 13:45:33.550 INFO  [restartedMain] o.s.b.w.e.tomcat.TomcatWebServer - Tomcat started on port 8081 (http) with context path ''
2025-12-20 13:45:33.557 INFO  [restartedMain] c.e.nproject.NprojectApplication - Started NprojectApplication in 1.908 seconds (process running for 2.431)
2025-12-20 13:45:48.671 INFO  [http-nio-0.0.0.0-8081-exec-1] o.a.c.c.C.[Tomcat].[localhost].[/] - Initializing Spring DispatcherServlet 'dispatcherServlet'
2025-12-20 13:45:48.672 INFO  [http-nio-0.0.0.0-8081-exec-1] o.s.web.servlet.DispatcherServlet - Initializing Servlet 'dispatcherServlet'
2025-12-20 13:45:48.672 DEBUG [http-nio-0.0.0.0-8081-exec-1] o.s.web.servlet.DispatcherServlet - Detected StandardServletMultipartResolver
2025-12-20 13:45:48.672 DEBUG [http-nio-0.0.0.0-8081-exec-1] o.s.web.servlet.DispatcherServlet - Detected AcceptHeaderLocaleResolver
2025-12-20 13:45:48.672 DEBUG [http-nio-0.0.0.0-8081-exec-1] o.s.web.servlet.DispatcherServlet - Detected FixedThemeResolver
2025-12-20 13:45:48.673 DEBUG [http-nio-0.0.0.0-8081-exec-1] o.s.web.servlet.DispatcherServlet - Detected org.springframework.web.servlet.view.DefaultRequestToViewNameTranslator@37e93473
2025-12-20 13:45:48.674 DEBUG [http-nio-0.0.0.0-8081-exec-1] o.s.web.servlet.DispatcherServlet - Detected org.springframework.web.servlet.support.SessionFlashMapManager@1f047b31
2025-12-20 13:45:48.674 DEBUG [http-nio-0.0.0.0-8081-exec-1] o.s.web.servlet.DispatcherServlet - enableLoggingRequestDetails='false': request parameters and headers will be masked to prevent unsafe logging of potentially sensitive data
2025-12-20 13:45:48.674 INFO  [http-nio-0.0.0.0-8081-exec-1] o.s.web.servlet.DispatcherServlet - Completed initialization in 2 ms
2025-12-20 13:45:48.683 DEBUG [http-nio-0.0.0.0-8081-exec-1] o.s.web.servlet.DispatcherServlet - GET "/std-word/list", parameters={}
2025-12-20 13:45:48.692 DEBUG [http-nio-0.0.0.0-8081-exec-1] o.s.w.s.m.m.a.RequestMappingHandlerMapping - Mapped to com.example.nproject.controller.MetaStdWordController#list(MetaStdWordDto, Model)
2025-12-20 13:45:48.747 DEBUG [http-nio-0.0.0.0-8081-exec-1] o.s.jdbc.datasource.DataSourceUtils - Fetching JDBC Connection from DataSource
2025-12-20 13:45:48.748 INFO  [http-nio-0.0.0.0-8081-exec-1] com.zaxxer.hikari.HikariDataSource - HikariPool-1 - Starting...
2025-12-20 13:45:49.101 INFO  [http-nio-0.0.0.0-8081-exec-1] com.zaxxer.hikari.pool.HikariPool - HikariPool-1 - Added connection org.postgresql.jdbc.PgConnection@6fe15d31
2025-12-20 13:45:49.103 INFO  [http-nio-0.0.0.0-8081-exec-1] com.zaxxer.hikari.HikariDataSource - HikariPool-1 - Start completed.
2025-12-20 13:45:49.111 DEBUG [http-nio-0.0.0.0-8081-exec-1] c.e.n.m.M.selectStdWordList - ==>  Preparing: SELECT word_id as wordId, std_word_name as stdWordName, eng_abbr_name as engAbbrName, eng_full_name as engFullName, definition, domain_type as domainType, use_yn as useYn FROM meta_std_word ORDER BY word_id LIMIT ? OFFSET ?
2025-12-20 13:45:49.126 DEBUG [http-nio-0.0.0.0-8081-exec-1] c.e.n.m.M.selectStdWordList - ==> Parameters: 10(Integer), 0(Integer)
2025-12-20 13:45:49.168 DEBUG [http-nio-0.0.0.0-8081-exec-1] c.e.n.m.M.selectStdWordList - <==      Total: 10
2025-12-20 13:45:49.173 DEBUG [http-nio-0.0.0.0-8081-exec-1] o.s.jdbc.datasource.DataSourceUtils - Fetching JDBC Connection from DataSource
2025-12-20 13:45:49.174 DEBUG [http-nio-0.0.0.0-8081-exec-1] c.e.n.m.M.countStdWordList - ==>  Preparing: SELECT COUNT(*) FROM meta_std_word
2025-12-20 13:45:49.174 DEBUG [http-nio-0.0.0.0-8081-exec-1] c.e.n.m.M.countStdWordList - ==> Parameters: 
2025-12-20 13:45:49.199 DEBUG [http-nio-0.0.0.0-8081-exec-1] c.e.n.m.M.countStdWordList - <==      Total: 1
2025-12-20 13:45:49.209 DEBUG [http-nio-0.0.0.0-8081-exec-1] o.s.w.s.v.ContentNegotiatingViewResolver - Selected 'text/html' given [text/html, application/xhtml+xml, image/avif, image/webp, image/apng, application/xml;q=0.9, */*;q=0.8, application/signed-exchange;v=b3;q=0.7]
2025-12-20 13:45:49.484 DEBUG [http-nio-0.0.0.0-8081-exec-1] o.s.web.servlet.DispatcherServlet - Completed 200 OK
2025-12-20 13:45:49.507 DEBUG [http-nio-0.0.0.0-8081-exec-2] o.s.web.servlet.DispatcherServlet - GET "/css/common.css", parameters={}
2025-12-20 13:45:49.511 DEBUG [http-nio-0.0.0.0-8081-exec-3] o.s.web.servlet.DispatcherServlet - GET "/css/std_word_list.css", parameters={}
2025-12-20 13:45:49.511 DEBUG [http-nio-0.0.0.0-8081-exec-2] o.s.w.s.h.SimpleUrlHandlerMapping - Mapped to ResourceHttpRequestHandler [classpath [META-INF/resources/], classpath [resources/], classpath [static/], classpath [public/], ServletContext [/]]
2025-12-20 13:45:49.512 DEBUG [http-nio-0.0.0.0-8081-exec-4] o.s.web.servlet.DispatcherServlet - GET "/js/std_word_list.js", parameters={}
2025-12-20 13:45:49.512 DEBUG [http-nio-0.0.0.0-8081-exec-3] o.s.w.s.h.SimpleUrlHandlerMapping - Mapped to ResourceHttpRequestHandler [classpath [META-INF/resources/], classpath [resources/], classpath [static/], classpath [public/], ServletContext [/]]
2025-12-20 13:45:49.512 DEBUG [http-nio-0.0.0.0-8081-exec-4] o.s.w.s.h.SimpleUrlHandlerMapping - Mapped to ResourceHttpRequestHandler [classpath [META-INF/resources/], classpath [resources/], classpath [static/], classpath [public/], ServletContext [/]]
2025-12-20 13:45:49.521 DEBUG [http-nio-0.0.0.0-8081-exec-3] o.s.web.servlet.DispatcherServlet - Completed 200 OK
2025-12-20 13:45:49.521 DEBUG [http-nio-0.0.0.0-8081-exec-2] o.s.web.servlet.DispatcherServlet - Completed 200 OK
2025-12-20 13:45:49.549 DEBUG [http-nio-0.0.0.0-8081-exec-4] o.s.web.servlet.DispatcherServlet - Completed 200 OK
2025-12-20 13:45:50.631 DEBUG [http-nio-0.0.0.0-8081-exec-5] o.s.web.servlet.DispatcherServlet - GET "/std-word/update?wordId=1", parameters={masked}
2025-12-20 13:45:50.632 DEBUG [http-nio-0.0.0.0-8081-exec-5] o.s.w.s.m.m.a.RequestMappingHandlerMapping - Mapped to com.example.nproject.controller.MetaStdWordController#updateForm(Long, Model)
2025-12-20 13:45:50.633 DEBUG [http-nio-0.0.0.0-8081-exec-5] o.s.jdbc.datasource.DataSourceUtils - Fetching JDBC Connection from DataSource
2025-12-20 13:45:50.643 DEBUG [http-nio-0.0.0.0-8081-exec-5] c.e.n.m.M.selectStdWord - ==>  Preparing: SELECT word_id as wordId, std_word_name as stdWordName, eng_abbr_name as engAbbrName, eng_full_name as engFullName, definition, domain_type as domainType, use_yn as useYn FROM meta_std_word WHERE word_id = ?
2025-12-20 13:45:50.650 DEBUG [http-nio-0.0.0.0-8081-exec-5] c.e.n.m.M.selectStdWord - ==> Parameters: 1(Long)
2025-12-20 13:45:50.666 DEBUG [http-nio-0.0.0.0-8081-exec-5] c.e.n.m.M.selectStdWord - <==      Total: 1
2025-12-20 13:45:50.667 DEBUG [http-nio-0.0.0.0-8081-exec-5] o.s.w.s.v.ContentNegotiatingViewResolver - Selected 'text/html' given [text/html, application/xhtml+xml, image/avif, image/webp, image/apng, application/xml;q=0.9, */*;q=0.8, application/signed-exchange;v=b3;q=0.7]
2025-12-20 13:45:50.692 DEBUG [http-nio-0.0.0.0-8081-exec-5] o.s.web.servlet.DispatcherServlet - Completed 200 OK
2025-12-20 13:45:50.704 DEBUG [http-nio-0.0.0.0-8081-exec-6] o.s.web.servlet.DispatcherServlet - GET "/css/common.css", parameters={}
2025-12-20 13:45:50.704 DEBUG [http-nio-0.0.0.0-8081-exec-7] o.s.web.servlet.DispatcherServlet - GET "/css/std_word_insert.css", parameters={}
2025-12-20 13:45:50.704 DEBUG [http-nio-0.0.0.0-8081-exec-8] o.s.web.servlet.DispatcherServlet - GET "/js/std_update.js", parameters={}
2025-12-20 13:45:50.704 DEBUG [http-nio-0.0.0.0-8081-exec-7] o.s.w.s.h.SimpleUrlHandlerMapping - Mapped to ResourceHttpRequestHandler [classpath [META-INF/resources/], classpath [resources/], classpath [static/], classpath [public/], ServletContext [/]]
2025-12-20 13:45:50.704 DEBUG [http-nio-0.0.0.0-8081-exec-8] o.s.w.s.h.SimpleUrlHandlerMapping - Mapped to ResourceHttpRequestHandler [classpath [META-INF/resources/], classpath [resources/], classpath [static/], classpath [public/], ServletContext [/]]
2025-12-20 13:45:50.704 DEBUG [http-nio-0.0.0.0-8081-exec-6] o.s.w.s.h.SimpleUrlHandlerMapping - Mapped to ResourceHttpRequestHandler [classpath [META-INF/resources/], classpath [resources/], classpath [static/], classpath [public/], ServletContext [/]]
2025-12-20 13:45:50.708 DEBUG [http-nio-0.0.0.0-8081-exec-6] o.s.web.servlet.DispatcherServlet - Completed 200 OK
2025-12-20 13:45:50.708 DEBUG [http-nio-0.0.0.0-8081-exec-7] o.s.web.servlet.DispatcherServlet - Completed 200 OK
2025-12-20 13:45:50.735 DEBUG [http-nio-0.0.0.0-8081-exec-8] o.s.web.servlet.DispatcherServlet - Completed 200 OK
2025-12-20 13:46:06.549 DEBUG [http-nio-0.0.0.0-8081-exec-9] o.s.web.servlet.DispatcherServlet - GET "/std-word/list?size=10&stdWordName=%EC%82%AC%EB%9E%91", parameters={masked}
2025-12-20 13:46:06.549 DEBUG [http-nio-0.0.0.0-8081-exec-9] o.s.w.s.m.m.a.RequestMappingHandlerMapping - Mapped to com.example.nproject.controller.MetaStdWordController#list(MetaStdWordDto, Model)
2025-12-20 13:46:06.550 DEBUG [http-nio-0.0.0.0-8081-exec-9] o.s.jdbc.datasource.DataSourceUtils - Fetching JDBC Connection from DataSource
2025-12-20 13:46:06.558 DEBUG [http-nio-0.0.0.0-8081-exec-9] c.e.n.m.M.selectStdWordList - ==>  Preparing: SELECT word_id as wordId, std_word_name as stdWordName, eng_abbr_name as engAbbrName, eng_full_name as engFullName, definition, domain_type as domainType, use_yn as useYn FROM meta_std_word WHERE std_word_name LIKE '%' || ? || '%' ORDER BY word_id LIMIT ? OFFSET ?
2025-12-20 13:46:06.559 DEBUG [http-nio-0.0.0.0-8081-exec-9] c.e.n.m.M.selectStdWordList - ==> Parameters: 사랑(String), 10(Integer), 0(Integer)
2025-12-20 13:46:06.570 DEBUG [http-nio-0.0.0.0-8081-exec-9] c.e.n.m.M.selectStdWordList - <==      Total: 1
2025-12-20 13:46:06.570 DEBUG [http-nio-0.0.0.0-8081-exec-9] o.s.jdbc.datasource.DataSourceUtils - Fetching JDBC Connection from DataSource
2025-12-20 13:46:06.570 DEBUG [http-nio-0.0.0.0-8081-exec-9] c.e.n.m.M.countStdWordList - ==>  Preparing: SELECT COUNT(*) FROM meta_std_word WHERE std_word_name LIKE '%' || ? || '%'
2025-12-20 13:46:06.571 DEBUG [http-nio-0.0.0.0-8081-exec-9] c.e.n.m.M.countStdWordList - ==> Parameters: 사랑(String)
2025-12-20 13:46:06.578 DEBUG [http-nio-0.0.0.0-8081-exec-9] c.e.n.m.M.countStdWordList - <==      Total: 1
2025-12-20 13:46:06.579 DEBUG [http-nio-0.0.0.0-8081-exec-9] o.s.w.s.v.ContentNegotiatingViewResolver - Selected 'text/html' given [text/html, application/xhtml+xml, image/avif, image/webp, image/apng, application/xml;q=0.9, */*;q=0.8, application/signed-exchange;v=b3;q=0.7]
2025-12-20 13:46:06.588 DEBUG [http-nio-0.0.0.0-8081-exec-9] o.s.web.servlet.DispatcherServlet - Completed 200 OK
2025-12-20 13:46:06.606 DEBUG [http-nio-0.0.0.0-8081-exec-10] o.s.web.servlet.DispatcherServlet - GET "/css/common.css", parameters={}
2025-12-20 13:46:06.607 DEBUG [http-nio-0.0.0.0-8081-exec-10] o.s.w.s.h.SimpleUrlHandlerMapping - Mapped to ResourceHttpRequestHandler [classpath [META-INF/resources/], classpath [resources/], classpath [static/], classpath [public/], ServletContext [/]]
2025-12-20 13:46:06.609 DEBUG [http-nio-0.0.0.0-8081-exec-10] o.s.web.servlet.DispatcherServlet - Completed 200 OK
2025-12-20 13:46:06.609 DEBUG [http-nio-0.0.0.0-8081-exec-3] o.s.web.servlet.DispatcherServlet - GET "/js/std_word_list.js", parameters={}
2025-12-20 13:46:06.609 DEBUG [http-nio-0.0.0.0-8081-exec-1] o.s.web.servlet.DispatcherServlet - GET "/css/std_word_list.css", parameters={}
2025-12-20 13:46:06.611 DEBUG [http-nio-0.0.0.0-8081-exec-1] o.s.w.s.h.SimpleUrlHandlerMapping - Mapped to ResourceHttpRequestHandler [classpath [META-INF/resources/], classpath [resources/], classpath [static/], classpath [public/], ServletContext [/]]
2025-12-20 13:46:06.611 DEBUG [http-nio-0.0.0.0-8081-exec-3] o.s.w.s.h.SimpleUrlHandlerMapping - Mapped to ResourceHttpRequestHandler [classpath [META-INF/resources/], classpath [resources/], classpath [static/], classpath [public/], ServletContext [/]]
2025-12-20 13:46:06.613 DEBUG [http-nio-0.0.0.0-8081-exec-3] o.s.web.servlet.DispatcherServlet - Completed 200 OK
2025-12-20 13:46:06.614 DEBUG [http-nio-0.0.0.0-8081-exec-1] o.s.web.servlet.DispatcherServlet - Completed 200 OK
2025-12-20 13:46:08.232 DEBUG [http-nio-0.0.0.0-8081-exec-2] o.s.web.servlet.DispatcherServlet - GET "/std-word/update?wordId=766", parameters={masked}
2025-12-20 13:46:08.232 DEBUG [http-nio-0.0.0.0-8081-exec-2] o.s.w.s.m.m.a.RequestMappingHandlerMapping - Mapped to com.example.nproject.controller.MetaStdWordController#updateForm(Long, Model)
2025-12-20 13:46:08.233 DEBUG [http-nio-0.0.0.0-8081-exec-2] o.s.jdbc.datasource.DataSourceUtils - Fetching JDBC Connection from DataSource
2025-12-20 13:46:08.239 DEBUG [http-nio-0.0.0.0-8081-exec-2] c.e.n.m.M.selectStdWord - ==>  Preparing: SELECT word_id as wordId, std_word_name as stdWordName, eng_abbr_name as engAbbrName, eng_full_name as engFullName, definition, domain_type as domainType, use_yn as useYn FROM meta_std_word WHERE word_id = ?
2025-12-20 13:46:08.240 DEBUG [http-nio-0.0.0.0-8081-exec-2] c.e.n.m.M.selectStdWord - ==> Parameters: 766(Long)
2025-12-20 13:46:08.250 DEBUG [http-nio-0.0.0.0-8081-exec-2] c.e.n.m.M.selectStdWord - <==      Total: 1
2025-12-20 13:46:08.251 DEBUG [http-nio-0.0.0.0-8081-exec-2] o.s.w.s.v.ContentNegotiatingViewResolver - Selected 'text/html' given [text/html, application/xhtml+xml, image/avif, image/webp, image/apng, application/xml;q=0.9, */*;q=0.8, application/signed-exchange;v=b3;q=0.7]
2025-12-20 13:46:08.259 DEBUG [http-nio-0.0.0.0-8081-exec-2] o.s.web.servlet.DispatcherServlet - Completed 200 OK
2025-12-20 13:46:08.274 DEBUG [http-nio-0.0.0.0-8081-exec-6] o.s.web.servlet.DispatcherServlet - GET "/js/std_update.js", parameters={}
2025-12-20 13:46:08.274 DEBUG [http-nio-0.0.0.0-8081-exec-4] o.s.web.servlet.DispatcherServlet - GET "/css/common.css", parameters={}
2025-12-20 13:46:08.274 DEBUG [http-nio-0.0.0.0-8081-exec-5] o.s.web.servlet.DispatcherServlet - GET "/css/std_word_insert.css", parameters={}
2025-12-20 13:46:08.275 DEBUG [http-nio-0.0.0.0-8081-exec-4] o.s.w.s.h.SimpleUrlHandlerMapping - Mapped to ResourceHttpRequestHandler [classpath [META-INF/resources/], classpath [resources/], classpath [static/], classpath [public/], ServletContext [/]]
2025-12-20 13:46:08.275 DEBUG [http-nio-0.0.0.0-8081-exec-5] o.s.w.s.h.SimpleUrlHandlerMapping - Mapped to ResourceHttpRequestHandler [classpath [META-INF/resources/], classpath [resources/], classpath [static/], classpath [public/], ServletContext [/]]
2025-12-20 13:46:08.278 DEBUG [http-nio-0.0.0.0-8081-exec-6] o.s.w.s.h.SimpleUrlHandlerMapping - Mapped to ResourceHttpRequestHandler [classpath [META-INF/resources/], classpath [resources/], classpath [static/], classpath [public/], ServletContext [/]]
2025-12-20 13:46:08.280 DEBUG [http-nio-0.0.0.0-8081-exec-5] o.s.web.servlet.DispatcherServlet - Completed 200 OK
2025-12-20 13:46:08.280 DEBUG [http-nio-0.0.0.0-8081-exec-4] o.s.web.servlet.DispatcherServlet - Completed 200 OK
2025-12-20 13:46:08.281 DEBUG [http-nio-0.0.0.0-8081-exec-6] o.s.web.servlet.DispatcherServlet - Completed 200 OK
2025-12-20 13:46:22.108 DEBUG [http-nio-0.0.0.0-8081-exec-7] o.s.web.servlet.DispatcherServlet - GET "/std-word/list?size=10&stdWordName=%EC%82%AC%EB%9E%91", parameters={masked}
2025-12-20 13:46:22.109 DEBUG [http-nio-0.0.0.0-8081-exec-7] o.s.w.s.m.m.a.RequestMappingHandlerMapping - Mapped to com.example.nproject.controller.MetaStdWordController#list(MetaStdWordDto, Model)
2025-12-20 13:46:22.109 DEBUG [http-nio-0.0.0.0-8081-exec-7] o.s.jdbc.datasource.DataSourceUtils - Fetching JDBC Connection from DataSource
2025-12-20 13:46:22.118 DEBUG [http-nio-0.0.0.0-8081-exec-7] c.e.n.m.M.selectStdWordList - ==>  Preparing: SELECT word_id as wordId, std_word_name as stdWordName, eng_abbr_name as engAbbrName, eng_full_name as engFullName, definition, domain_type as domainType, use_yn as useYn FROM meta_std_word WHERE std_word_name LIKE '%' || ? || '%' ORDER BY word_id LIMIT ? OFFSET ?
2025-12-20 13:46:22.118 DEBUG [http-nio-0.0.0.0-8081-exec-7] c.e.n.m.M.selectStdWordList - ==> Parameters: 사랑(String), 10(Integer), 0(Integer)
2025-12-20 13:46:22.127 DEBUG [http-nio-0.0.0.0-8081-exec-7] c.e.n.m.M.selectStdWordList - <==      Total: 1
2025-12-20 13:46:22.128 DEBUG [http-nio-0.0.0.0-8081-exec-7] o.s.jdbc.datasource.DataSourceUtils - Fetching JDBC Connection from DataSource
2025-12-20 13:46:22.129 DEBUG [http-nio-0.0.0.0-8081-exec-7] c.e.n.m.M.countStdWordList - ==>  Preparing: SELECT COUNT(*) FROM meta_std_word WHERE std_word_name LIKE '%' || ? || '%'
2025-12-20 13:46:22.129 DEBUG [http-nio-0.0.0.0-8081-exec-7] c.e.n.m.M.countStdWordList - ==> Parameters: 사랑(String)
2025-12-20 13:46:22.138 DEBUG [http-nio-0.0.0.0-8081-exec-7] c.e.n.m.M.countStdWordList - <==      Total: 1
2025-12-20 13:46:22.139 DEBUG [http-nio-0.0.0.0-8081-exec-7] o.s.w.s.v.ContentNegotiatingViewResolver - Selected 'text/html' given [text/html, application/xhtml+xml, image/avif, image/webp, image/apng, application/xml;q=0.9, */*;q=0.8, application/signed-exchange;v=b3;q=0.7]
2025-12-20 13:46:22.147 DEBUG [http-nio-0.0.0.0-8081-exec-7] o.s.web.servlet.DispatcherServlet - Completed 200 OK
2025-12-20 13:46:22.165 DEBUG [http-nio-0.0.0.0-8081-exec-8] o.s.web.servlet.DispatcherServlet - GET "/css/common.css", parameters={}
2025-12-20 13:46:22.167 DEBUG [http-nio-0.0.0.0-8081-exec-8] o.s.w.s.h.SimpleUrlHandlerMapping - Mapped to ResourceHttpRequestHandler [classpath [META-INF/resources/], classpath [resources/], classpath [static/], classpath [public/], ServletContext [/]]
2025-12-20 13:46:22.170 DEBUG [http-nio-0.0.0.0-8081-exec-8] o.s.web.servlet.DispatcherServlet - Completed 200 OK
2025-12-20 13:46:22.170 DEBUG [http-nio-0.0.0.0-8081-exec-9] o.s.web.servlet.DispatcherServlet - GET "/css/std_word_list.css", parameters={}
2025-12-20 13:46:22.170 DEBUG [http-nio-0.0.0.0-8081-exec-10] o.s.web.servlet.DispatcherServlet - GET "/js/std_word_list.js", parameters={}
2025-12-20 13:46:22.171 DEBUG [http-nio-0.0.0.0-8081-exec-10] o.s.w.s.h.SimpleUrlHandlerMapping - Mapped to ResourceHttpRequestHandler [classpath [META-INF/resources/], classpath [resources/], classpath [static/], classpath [public/], ServletContext [/]]
2025-12-20 13:46:22.171 DEBUG [http-nio-0.0.0.0-8081-exec-9] o.s.w.s.h.SimpleUrlHandlerMapping - Mapped to ResourceHttpRequestHandler [classpath [META-INF/resources/], classpath [resources/], classpath [static/], classpath [public/], ServletContext [/]]
2025-12-20 13:46:22.173 DEBUG [http-nio-0.0.0.0-8081-exec-10] o.s.web.servlet.DispatcherServlet - Completed 200 OK
2025-12-20 13:46:22.173 DEBUG [http-nio-0.0.0.0-8081-exec-9] o.s.web.servlet.DispatcherServlet - Completed 200 OK
2025-12-20 13:46:22.560 DEBUG [http-nio-0.0.0.0-8081-exec-1] o.s.web.servlet.DispatcherServlet - GET "/std-word/list?size=10&stdWordName=%EC%82%AC%EB%9E%91", parameters={masked}
2025-12-20 13:46:22.560 DEBUG [http-nio-0.0.0.0-8081-exec-1] o.s.w.s.m.m.a.RequestMappingHandlerMapping - Mapped to com.example.nproject.controller.MetaStdWordController#list(MetaStdWordDto, Model)
2025-12-20 13:46:22.561 DEBUG [http-nio-0.0.0.0-8081-exec-1] o.s.jdbc.datasource.DataSourceUtils - Fetching JDBC Connection from DataSource
2025-12-20 13:46:22.561 DEBUG [http-nio-0.0.0.0-8081-exec-1] c.e.n.m.M.selectStdWordList - ==>  Preparing: SELECT word_id as wordId, std_word_name as stdWordName, eng_abbr_name as engAbbrName, eng_full_name as engFullName, definition, domain_type as domainType, use_yn as useYn FROM meta_std_word WHERE std_word_name LIKE '%' || ? || '%' ORDER BY word_id LIMIT ? OFFSET ?
2025-12-20 13:46:22.562 DEBUG [http-nio-0.0.0.0-8081-exec-1] c.e.n.m.M.selectStdWordList - ==> Parameters: 사랑(String), 10(Integer), 0(Integer)
2025-12-20 13:46:22.570 DEBUG [http-nio-0.0.0.0-8081-exec-1] c.e.n.m.M.selectStdWordList - <==      Total: 1
2025-12-20 13:46:22.570 DEBUG [http-nio-0.0.0.0-8081-exec-1] o.s.jdbc.datasource.DataSourceUtils - Fetching JDBC Connection from DataSource
2025-12-20 13:46:22.570 DEBUG [http-nio-0.0.0.0-8081-exec-1] c.e.n.m.M.countStdWordList - ==>  Preparing: SELECT COUNT(*) FROM meta_std_word WHERE std_word_name LIKE '%' || ? || '%'
2025-12-20 13:46:22.571 DEBUG [http-nio-0.0.0.0-8081-exec-1] c.e.n.m.M.countStdWordList - ==> Parameters: 사랑(String)
2025-12-20 13:46:22.578 DEBUG [http-nio-0.0.0.0-8081-exec-1] c.e.n.m.M.countStdWordList - <==      Total: 1
2025-12-20 13:46:22.579 DEBUG [http-nio-0.0.0.0-8081-exec-1] o.s.w.s.v.ContentNegotiatingViewResolver - Selected 'text/html' given [text/html, application/xhtml+xml, image/avif, image/webp, image/apng, application/xml;q=0.9, */*;q=0.8, application/signed-exchange;v=b3;q=0.7]
2025-12-20 13:46:22.586 DEBUG [http-nio-0.0.0.0-8081-exec-1] o.s.web.servlet.DispatcherServlet - Completed 200 OK
2025-12-20 13:46:22.604 DEBUG [http-nio-0.0.0.0-8081-exec-3] o.s.web.servlet.DispatcherServlet - GET "/css/common.css", parameters={}
2025-12-20 13:46:22.606 DEBUG [http-nio-0.0.0.0-8081-exec-3] o.s.w.s.h.SimpleUrlHandlerMapping - Mapped to ResourceHttpRequestHandler [classpath [META-INF/resources/], classpath [resources/], classpath [static/], classpath [public/], ServletContext [/]]
2025-12-20 13:46:22.608 DEBUG [http-nio-0.0.0.0-8081-exec-4] o.s.web.servlet.DispatcherServlet - GET "/js/std_word_list.js", parameters={}
2025-12-20 13:46:22.608 DEBUG [http-nio-0.0.0.0-8081-exec-3] o.s.web.servlet.DispatcherServlet - Completed 200 OK
2025-12-20 13:46:22.609 DEBUG [http-nio-0.0.0.0-8081-exec-2] o.s.web.servlet.DispatcherServlet - GET "/css/std_word_list.css", parameters={}
2025-12-20 13:46:22.609 DEBUG [http-nio-0.0.0.0-8081-exec-4] o.s.w.s.h.SimpleUrlHandlerMapping - Mapped to ResourceHttpRequestHandler [classpath [META-INF/resources/], classpath [resources/], classpath [static/], classpath [public/], ServletContext [/]]
2025-12-20 13:46:22.609 DEBUG [http-nio-0.0.0.0-8081-exec-2] o.s.w.s.h.SimpleUrlHandlerMapping - Mapped to ResourceHttpRequestHandler [classpath [META-INF/resources/], classpath [resources/], classpath [static/], classpath [public/], ServletContext [/]]
2025-12-20 13:46:22.612 DEBUG [http-nio-0.0.0.0-8081-exec-4] o.s.web.servlet.DispatcherServlet - Completed 200 OK
2025-12-20 13:46:22.612 DEBUG [http-nio-0.0.0.0-8081-exec-2] o.s.web.servlet.DispatcherServlet - Completed 200 OK
2025-12-20 13:46:22.754 DEBUG [http-nio-0.0.0.0-8081-exec-5] o.s.web.servlet.DispatcherServlet - GET "/std-word/list?size=10&stdWordName=%EC%82%AC%EB%9E%91", parameters={masked}
2025-12-20 13:46:22.754 DEBUG [http-nio-0.0.0.0-8081-exec-5] o.s.w.s.m.m.a.RequestMappingHandlerMapping - Mapped to com.example.nproject.controller.MetaStdWordController#list(MetaStdWordDto, Model)
2025-12-20 13:46:22.755 DEBUG [http-nio-0.0.0.0-8081-exec-5] o.s.jdbc.datasource.DataSourceUtils - Fetching JDBC Connection from DataSource
2025-12-20 13:46:22.755 DEBUG [http-nio-0.0.0.0-8081-exec-5] c.e.n.m.M.selectStdWordList - ==>  Preparing: SELECT word_id as wordId, std_word_name as stdWordName, eng_abbr_name as engAbbrName, eng_full_name as engFullName, definition, domain_type as domainType, use_yn as useYn FROM meta_std_word WHERE std_word_name LIKE '%' || ? || '%' ORDER BY word_id LIMIT ? OFFSET ?
2025-12-20 13:46:22.755 DEBUG [http-nio-0.0.0.0-8081-exec-5] c.e.n.m.M.selectStdWordList - ==> Parameters: 사랑(String), 10(Integer), 0(Integer)
2025-12-20 13:46:22.765 DEBUG [http-nio-0.0.0.0-8081-exec-5] c.e.n.m.M.selectStdWordList - <==      Total: 1
2025-12-20 13:46:22.767 DEBUG [http-nio-0.0.0.0-8081-exec-5] o.s.jdbc.datasource.DataSourceUtils - Fetching JDBC Connection from DataSource
2025-12-20 13:46:22.767 DEBUG [http-nio-0.0.0.0-8081-exec-5] c.e.n.m.M.countStdWordList - ==>  Preparing: SELECT COUNT(*) FROM meta_std_word WHERE std_word_name LIKE '%' || ? || '%'
2025-12-20 13:46:22.767 DEBUG [http-nio-0.0.0.0-8081-exec-5] c.e.n.m.M.countStdWordList - ==> Parameters: 사랑(String)
2025-12-20 13:46:22.776 DEBUG [http-nio-0.0.0.0-8081-exec-5] c.e.n.m.M.countStdWordList - <==      Total: 1
2025-12-20 13:46:22.777 DEBUG [http-nio-0.0.0.0-8081-exec-5] o.s.w.s.v.ContentNegotiatingViewResolver - Selected 'text/html' given [text/html, application/xhtml+xml, image/avif, image/webp, image/apng, application/xml;q=0.9, */*;q=0.8, application/signed-exchange;v=b3;q=0.7]
2025-12-20 13:46:22.784 DEBUG [http-nio-0.0.0.0-8081-exec-5] o.s.web.servlet.DispatcherServlet - Completed 200 OK
2025-12-20 13:46:22.804 DEBUG [http-nio-0.0.0.0-8081-exec-6] o.s.web.servlet.DispatcherServlet - GET "/css/common.css", parameters={}
2025-12-20 13:46:22.806 DEBUG [http-nio-0.0.0.0-8081-exec-6] o.s.w.s.h.SimpleUrlHandlerMapping - Mapped to ResourceHttpRequestHandler [classpath [META-INF/resources/], classpath [resources/], classpath [static/], classpath [public/], ServletContext [/]]
2025-12-20 13:46:22.808 DEBUG [http-nio-0.0.0.0-8081-exec-6] o.s.web.servlet.DispatcherServlet - Completed 200 OK
2025-12-20 13:46:22.808 DEBUG [http-nio-0.0.0.0-8081-exec-7] o.s.web.servlet.DispatcherServlet - GET "/css/std_word_list.css", parameters={}
2025-12-20 13:46:22.808 DEBUG [http-nio-0.0.0.0-8081-exec-8] o.s.web.servlet.DispatcherServlet - GET "/js/std_word_list.js", parameters={}
2025-12-20 13:46:22.809 DEBUG [http-nio-0.0.0.0-8081-exec-7] o.s.w.s.h.SimpleUrlHandlerMapping - Mapped to ResourceHttpRequestHandler [classpath [META-INF/resources/], classpath [resources/], classpath [static/], classpath [public/], ServletContext [/]]
2025-12-20 13:46:22.809 DEBUG [http-nio-0.0.0.0-8081-exec-8] o.s.w.s.h.SimpleUrlHandlerMapping - Mapped to ResourceHttpRequestHandler [classpath [META-INF/resources/], classpath [resources/], classpath [static/], classpath [public/], ServletContext [/]]
2025-12-20 13:46:22.811 DEBUG [http-nio-0.0.0.0-8081-exec-8] o.s.web.servlet.DispatcherServlet - Completed 200 OK
2025-12-20 13:46:22.811 DEBUG [http-nio-0.0.0.0-8081-exec-7] o.s.web.servlet.DispatcherServlet - Completed 200 OK
2025-12-20 13:46:22.982 DEBUG [http-nio-0.0.0.0-8081-exec-10] o.s.web.servlet.DispatcherServlet - GET "/std-word/list?size=10&stdWordName=%EC%82%AC%EB%9E%91", parameters={masked}
2025-12-20 13:46:22.982 DEBUG [http-nio-0.0.0.0-8081-exec-10] o.s.w.s.m.m.a.RequestMappingHandlerMapping - Mapped to com.example.nproject.controller.MetaStdWordController#list(MetaStdWordDto, Model)
2025-12-20 13:46:22.983 DEBUG [http-nio-0.0.0.0-8081-exec-10] o.s.jdbc.datasource.DataSourceUtils - Fetching JDBC Connection from DataSource
2025-12-20 13:46:22.983 DEBUG [http-nio-0.0.0.0-8081-exec-10] c.e.n.m.M.selectStdWordList - ==>  Preparing: SELECT word_id as wordId, std_word_name as stdWordName, eng_abbr_name as engAbbrName, eng_full_name as engFullName, definition, domain_type as domainType, use_yn as useYn FROM meta_std_word WHERE std_word_name LIKE '%' || ? || '%' ORDER BY word_id LIMIT ? OFFSET ?
2025-12-20 13:46:22.983 DEBUG [http-nio-0.0.0.0-8081-exec-10] c.e.n.m.M.selectStdWordList - ==> Parameters: 사랑(String), 10(Integer), 0(Integer)
2025-12-20 13:46:22.992 DEBUG [http-nio-0.0.0.0-8081-exec-10] c.e.n.m.M.selectStdWordList - <==      Total: 1
2025-12-20 13:46:22.992 DEBUG [http-nio-0.0.0.0-8081-exec-10] o.s.jdbc.datasource.DataSourceUtils - Fetching JDBC Connection from DataSource
2025-12-20 13:46:22.992 DEBUG [http-nio-0.0.0.0-8081-exec-10] c.e.n.m.M.countStdWordList - ==>  Preparing: SELECT COUNT(*) FROM meta_std_word WHERE std_word_name LIKE '%' || ? || '%'
2025-12-20 13:46:22.992 DEBUG [http-nio-0.0.0.0-8081-exec-10] c.e.n.m.M.countStdWordList - ==> Parameters: 사랑(String)
2025-12-20 13:46:23.002 DEBUG [http-nio-0.0.0.0-8081-exec-10] c.e.n.m.M.countStdWordList - <==      Total: 1
2025-12-20 13:46:23.003 DEBUG [http-nio-0.0.0.0-8081-exec-10] o.s.w.s.v.ContentNegotiatingViewResolver - Selected 'text/html' given [text/html, application/xhtml+xml, image/avif, image/webp, image/apng, application/xml;q=0.9, */*;q=0.8, application/signed-exchange;v=b3;q=0.7]
2025-12-20 13:46:23.008 DEBUG [http-nio-0.0.0.0-8081-exec-10] o.s.web.servlet.DispatcherServlet - Completed 200 OK
2025-12-20 13:46:23.029 DEBUG [http-nio-0.0.0.0-8081-exec-9] o.s.web.servlet.DispatcherServlet - GET "/css/common.css", parameters={}
2025-12-20 13:46:23.029 DEBUG [http-nio-0.0.0.0-8081-exec-1] o.s.web.servlet.DispatcherServlet - GET "/css/std_word_list.css", parameters={}
2025-12-20 13:46:23.029 DEBUG [http-nio-0.0.0.0-8081-exec-3] o.s.web.servlet.DispatcherServlet - GET "/js/std_word_list.js", parameters={}
2025-12-20 13:46:23.029 DEBUG [http-nio-0.0.0.0-8081-exec-3] o.s.w.s.h.SimpleUrlHandlerMapping - Mapped to ResourceHttpRequestHandler [classpath [META-INF/resources/], classpath [resources/], classpath [static/], classpath [public/], ServletContext [/]]
2025-12-20 13:46:23.029 DEBUG [http-nio-0.0.0.0-8081-exec-9] o.s.w.s.h.SimpleUrlHandlerMapping - Mapped to ResourceHttpRequestHandler [classpath [META-INF/resources/], classpath [resources/], classpath [static/], classpath [public/], ServletContext [/]]
2025-12-20 13:46:23.029 DEBUG [http-nio-0.0.0.0-8081-exec-1] o.s.w.s.h.SimpleUrlHandlerMapping - Mapped to ResourceHttpRequestHandler [classpath [META-INF/resources/], classpath [resources/], classpath [static/], classpath [public/], ServletContext [/]]
2025-12-20 13:46:23.032 DEBUG [http-nio-0.0.0.0-8081-exec-9] o.s.web.servlet.DispatcherServlet - Completed 200 OK
2025-12-20 13:46:23.032 DEBUG [http-nio-0.0.0.0-8081-exec-1] o.s.web.servlet.DispatcherServlet - Completed 200 OK
2025-12-20 13:46:23.032 DEBUG [http-nio-0.0.0.0-8081-exec-3] o.s.web.servlet.DispatcherServlet - Completed 200 OK
2025-12-20 13:46:23.807 DEBUG [http-nio-0.0.0.0-8081-exec-4] o.s.web.servlet.DispatcherServlet - GET "/std-word/update?wordId=766", parameters={masked}
2025-12-20 13:46:23.807 DEBUG [http-nio-0.0.0.0-8081-exec-4] o.s.w.s.m.m.a.RequestMappingHandlerMapping - Mapped to com.example.nproject.controller.MetaStdWordController#updateForm(Long, Model)
2025-12-20 13:46:23.808 DEBUG [http-nio-0.0.0.0-8081-exec-4] o.s.jdbc.datasource.DataSourceUtils - Fetching JDBC Connection from DataSource
2025-12-20 13:46:23.817 DEBUG [http-nio-0.0.0.0-8081-exec-4] c.e.n.m.M.selectStdWord - ==>  Preparing: SELECT word_id as wordId, std_word_name as stdWordName, eng_abbr_name as engAbbrName, eng_full_name as engFullName, definition, domain_type as domainType, use_yn as useYn FROM meta_std_word WHERE word_id = ?
2025-12-20 13:46:23.817 DEBUG [http-nio-0.0.0.0-8081-exec-4] c.e.n.m.M.selectStdWord - ==> Parameters: 766(Long)
2025-12-20 13:46:23.825 DEBUG [http-nio-0.0.0.0-8081-exec-4] c.e.n.m.M.selectStdWord - <==      Total: 1
2025-12-20 13:46:23.826 DEBUG [http-nio-0.0.0.0-8081-exec-4] o.s.w.s.v.ContentNegotiatingViewResolver - Selected 'text/html' given [text/html, application/xhtml+xml, image/avif, image/webp, image/apng, application/xml;q=0.9, */*;q=0.8, application/signed-exchange;v=b3;q=0.7]
2025-12-20 13:46:23.830 DEBUG [http-nio-0.0.0.0-8081-exec-4] o.s.web.servlet.DispatcherServlet - Completed 200 OK
2025-12-20 13:46:23.849 DEBUG [http-nio-0.0.0.0-8081-exec-2] o.s.web.servlet.DispatcherServlet - GET "/css/common.css", parameters={}
2025-12-20 13:46:23.851 DEBUG [http-nio-0.0.0.0-8081-exec-2] o.s.w.s.h.SimpleUrlHandlerMapping - Mapped to ResourceHttpRequestHandler [classpath [META-INF/resources/], classpath [resources/], classpath [static/], classpath [public/], ServletContext [/]]
2025-12-20 13:46:23.852 DEBUG [http-nio-0.0.0.0-8081-exec-5] o.s.web.servlet.DispatcherServlet - GET "/css/std_word_insert.css", parameters={}
2025-12-20 13:46:23.852 DEBUG [http-nio-0.0.0.0-8081-exec-6] o.s.web.servlet.DispatcherServlet - GET "/js/std_update.js", parameters={}
2025-12-20 13:46:23.852 DEBUG [http-nio-0.0.0.0-8081-exec-6] o.s.w.s.h.SimpleUrlHandlerMapping - Mapped to ResourceHttpRequestHandler [classpath [META-INF/resources/], classpath [resources/], classpath [static/], classpath [public/], ServletContext [/]]
2025-12-20 13:46:23.852 DEBUG [http-nio-0.0.0.0-8081-exec-5] o.s.w.s.h.SimpleUrlHandlerMapping - Mapped to ResourceHttpRequestHandler [classpath [META-INF/resources/], classpath [resources/], classpath [static/], classpath [public/], ServletContext [/]]
2025-12-20 13:46:23.854 DEBUG [http-nio-0.0.0.0-8081-exec-2] o.s.web.servlet.DispatcherServlet - Completed 200 OK
2025-12-20 13:46:23.854 DEBUG [http-nio-0.0.0.0-8081-exec-6] o.s.web.servlet.DispatcherServlet - Completed 200 OK
2025-12-20 13:46:23.854 DEBUG [http-nio-0.0.0.0-8081-exec-5] o.s.web.servlet.DispatcherServlet - Completed 200 OK
2025-12-20 13:46:46.752 DEBUG [http-nio-0.0.0.0-8081-exec-8] o.s.web.servlet.DispatcherServlet - POST "/std-word/update", parameters={}
2025-12-20 13:46:46.752 DEBUG [http-nio-0.0.0.0-8081-exec-8] o.s.w.s.m.m.a.RequestMappingHandlerMapping - Mapped to com.example.nproject.controller.MetaStdWordController#update(MetaStdWordDto)
2025-12-20 13:46:46.799 DEBUG [http-nio-0.0.0.0-8081-exec-8] o.s.w.s.m.m.a.RequestResponseBodyMethodProcessor - Read "application/json;charset=UTF-8" to [com.example.nproject.dto.MetaStdWordDto@3c0094f2]
2025-12-20 13:46:46.799 DEBUG [http-nio-0.0.0.0-8081-exec-8] o.s.jdbc.datasource.DataSourceUtils - Fetching JDBC Connection from DataSource
2025-12-20 13:46:46.810 DEBUG [http-nio-0.0.0.0-8081-exec-8] c.e.n.m.M.updateStdWord - ==>  Preparing: UPDATE meta_std_word SET std_word_name = ?, eng_abbr_name = ?, eng_full_name = ?, definition = ?, domain_type = ?, use_yn = ? WHERE word_id = ?
2025-12-20 13:46:46.811 DEBUG [http-nio-0.0.0.0-8081-exec-8] c.e.n.m.M.updateStdWord - ==> Parameters: 사랑이야기(String), ST_LOVE_story(String), love(String), 사랑(String), 테스트(String), N(String), 766(Integer)
2025-12-20 13:46:46.859 DEBUG [http-nio-0.0.0.0-8081-exec-8] c.e.n.m.M.updateStdWord - <==    Updates: 1
2025-12-20 13:46:46.864 DEBUG [http-nio-0.0.0.0-8081-exec-8] o.s.w.s.m.m.a.RequestResponseBodyMethodProcessor - Using 'text/plain', given [*/*] and supported [text/plain, */*, application/json, application/*+json]
2025-12-20 13:46:46.864 DEBUG [http-nio-0.0.0.0-8081-exec-8] o.s.w.s.m.m.a.RequestResponseBodyMethodProcessor - Writing ["SUCCESS"]
2025-12-20 13:46:46.865 DEBUG [http-nio-0.0.0.0-8081-exec-8] o.s.web.servlet.DispatcherServlet - Completed 200 OK
2025-12-20 13:46:50.692 DEBUG [http-nio-0.0.0.0-8081-exec-7] o.s.web.servlet.DispatcherServlet - GET "/std-word/list?size=10&stdWordName=%EC%82%AC%EB%9E%91", parameters={masked}
2025-12-20 13:46:50.692 DEBUG [http-nio-0.0.0.0-8081-exec-7] o.s.w.s.m.m.a.RequestMappingHandlerMapping - Mapped to com.example.nproject.controller.MetaStdWordController#list(MetaStdWordDto, Model)
2025-12-20 13:46:50.693 DEBUG [http-nio-0.0.0.0-8081-exec-7] o.s.jdbc.datasource.DataSourceUtils - Fetching JDBC Connection from DataSource
2025-12-20 13:46:50.704 DEBUG [http-nio-0.0.0.0-8081-exec-7] c.e.n.m.M.selectStdWordList - ==>  Preparing: SELECT word_id as wordId, std_word_name as stdWordName, eng_abbr_name as engAbbrName, eng_full_name as engFullName, definition, domain_type as domainType, use_yn as useYn FROM meta_std_word WHERE std_word_name LIKE '%' || ? || '%' ORDER BY word_id LIMIT ? OFFSET ?
2025-12-20 13:46:50.704 DEBUG [http-nio-0.0.0.0-8081-exec-7] c.e.n.m.M.selectStdWordList - ==> Parameters: 사랑(String), 10(Integer), 0(Integer)
2025-12-20 13:46:50.714 DEBUG [http-nio-0.0.0.0-8081-exec-7] c.e.n.m.M.selectStdWordList - <==      Total: 1
2025-12-20 13:46:50.715 DEBUG [http-nio-0.0.0.0-8081-exec-7] o.s.jdbc.datasource.DataSourceUtils - Fetching JDBC Connection from DataSource
2025-12-20 13:46:50.715 DEBUG [http-nio-0.0.0.0-8081-exec-7] c.e.n.m.M.countStdWordList - ==>  Preparing: SELECT COUNT(*) FROM meta_std_word WHERE std_word_name LIKE '%' || ? || '%'
2025-12-20 13:46:50.715 DEBUG [http-nio-0.0.0.0-8081-exec-7] c.e.n.m.M.countStdWordList - ==> Parameters: 사랑(String)
2025-12-20 13:46:50.725 DEBUG [http-nio-0.0.0.0-8081-exec-7] c.e.n.m.M.countStdWordList - <==      Total: 1
2025-12-20 13:46:50.726 DEBUG [http-nio-0.0.0.0-8081-exec-7] o.s.w.s.v.ContentNegotiatingViewResolver - Selected 'text/html' given [text/html, application/xhtml+xml, image/avif, image/webp, image/apng, application/xml;q=0.9, */*;q=0.8, application/signed-exchange;v=b3;q=0.7]
2025-12-20 13:46:50.730 DEBUG [http-nio-0.0.0.0-8081-exec-7] o.s.web.servlet.DispatcherServlet - Completed 200 OK
2025-12-20 13:46:50.764 DEBUG [http-nio-0.0.0.0-8081-exec-10] o.s.web.servlet.DispatcherServlet - GET "/css/common.css", parameters={}
2025-12-20 13:46:50.764 DEBUG [http-nio-0.0.0.0-8081-exec-10] o.s.w.s.h.SimpleUrlHandlerMapping - Mapped to ResourceHttpRequestHandler [classpath [META-INF/resources/], classpath [resources/], classpath [static/], classpath [public/], ServletContext [/]]
2025-12-20 13:46:50.767 DEBUG [http-nio-0.0.0.0-8081-exec-10] o.s.web.servlet.DispatcherServlet - Completed 200 OK
2025-12-20 13:46:50.767 DEBUG [http-nio-0.0.0.0-8081-exec-9] o.s.web.servlet.DispatcherServlet - GET "/css/std_word_list.css", parameters={}
2025-12-20 13:46:50.767 DEBUG [http-nio-0.0.0.0-8081-exec-1] o.s.web.servlet.DispatcherServlet - GET "/js/std_word_list.js", parameters={}
2025-12-20 13:46:50.768 DEBUG [http-nio-0.0.0.0-8081-exec-9] o.s.w.s.h.SimpleUrlHandlerMapping - Mapped to ResourceHttpRequestHandler [classpath [META-INF/resources/], classpath [resources/], classpath [static/], classpath [public/], ServletContext [/]]
2025-12-20 13:46:50.768 DEBUG [http-nio-0.0.0.0-8081-exec-1] o.s.w.s.h.SimpleUrlHandlerMapping - Mapped to ResourceHttpRequestHandler [classpath [META-INF/resources/], classpath [resources/], classpath [static/], classpath [public/], ServletContext [/]]
2025-12-20 13:46:50.769 DEBUG [http-nio-0.0.0.0-8081-exec-1] o.s.web.servlet.DispatcherServlet - Completed 200 OK
2025-12-20 13:46:50.769 DEBUG [http-nio-0.0.0.0-8081-exec-9] o.s.web.servlet.DispatcherServlet - Completed 200 OK
2025-12-20 13:46:52.493 DEBUG [http-nio-0.0.0.0-8081-exec-3] o.s.web.servlet.DispatcherServlet - GET "/std-word/update?wordId=766", parameters={masked}
2025-12-20 13:46:52.493 DEBUG [http-nio-0.0.0.0-8081-exec-3] o.s.w.s.m.m.a.RequestMappingHandlerMapping - Mapped to com.example.nproject.controller.MetaStdWordController#updateForm(Long, Model)
2025-12-20 13:46:52.495 DEBUG [http-nio-0.0.0.0-8081-exec-3] o.s.jdbc.datasource.DataSourceUtils - Fetching JDBC Connection from DataSource
2025-12-20 13:46:52.502 DEBUG [http-nio-0.0.0.0-8081-exec-3] c.e.n.m.M.selectStdWord - ==>  Preparing: SELECT word_id as wordId, std_word_name as stdWordName, eng_abbr_name as engAbbrName, eng_full_name as engFullName, definition, domain_type as domainType, use_yn as useYn FROM meta_std_word WHERE word_id = ?
2025-12-20 13:46:52.502 DEBUG [http-nio-0.0.0.0-8081-exec-3] c.e.n.m.M.selectStdWord - ==> Parameters: 766(Long)
2025-12-20 13:46:52.512 DEBUG [http-nio-0.0.0.0-8081-exec-3] c.e.n.m.M.selectStdWord - <==      Total: 1
2025-12-20 13:46:52.513 DEBUG [http-nio-0.0.0.0-8081-exec-3] o.s.w.s.v.ContentNegotiatingViewResolver - Selected 'text/html' given [text/html, application/xhtml+xml, image/avif, image/webp, image/apng, application/xml;q=0.9, */*;q=0.8, application/signed-exchange;v=b3;q=0.7]
2025-12-20 13:46:52.518 DEBUG [http-nio-0.0.0.0-8081-exec-3] o.s.web.servlet.DispatcherServlet - Completed 200 OK
2025-12-20 13:46:52.535 DEBUG [http-nio-0.0.0.0-8081-exec-6] o.s.web.servlet.DispatcherServlet - GET "/js/std_update.js", parameters={}
2025-12-20 13:46:52.535 DEBUG [http-nio-0.0.0.0-8081-exec-2] o.s.web.servlet.DispatcherServlet - GET "/css/std_word_insert.css", parameters={}
2025-12-20 13:46:52.535 DEBUG [http-nio-0.0.0.0-8081-exec-6] o.s.w.s.h.SimpleUrlHandlerMapping - Mapped to ResourceHttpRequestHandler [classpath [META-INF/resources/], classpath [resources/], classpath [static/], classpath [public/], ServletContext [/]]
2025-12-20 13:46:52.535 DEBUG [http-nio-0.0.0.0-8081-exec-4] o.s.web.servlet.DispatcherServlet - GET "/css/common.css", parameters={}
2025-12-20 13:46:52.535 DEBUG [http-nio-0.0.0.0-8081-exec-2] o.s.w.s.h.SimpleUrlHandlerMapping - Mapped to ResourceHttpRequestHandler [classpath [META-INF/resources/], classpath [resources/], classpath [static/], classpath [public/], ServletContext [/]]
2025-12-20 13:46:52.536 DEBUG [http-nio-0.0.0.0-8081-exec-4] o.s.w.s.h.SimpleUrlHandlerMapping - Mapped to ResourceHttpRequestHandler [classpath [META-INF/resources/], classpath [resources/], classpath [static/], classpath [public/], ServletContext [/]]
2025-12-20 13:46:52.536 DEBUG [http-nio-0.0.0.0-8081-exec-2] o.s.web.servlet.DispatcherServlet - Completed 200 OK
2025-12-20 13:46:52.536 DEBUG [http-nio-0.0.0.0-8081-exec-6] o.s.web.servlet.DispatcherServlet - Completed 200 OK
2025-12-20 13:46:52.538 DEBUG [http-nio-0.0.0.0-8081-exec-4] o.s.web.servlet.DispatcherServlet - Completed 200 OK
2025-12-20 13:47:03.367 DEBUG [http-nio-0.0.0.0-8081-exec-5] o.s.web.servlet.DispatcherServlet - POST "/std-word/update", parameters={}
2025-12-20 13:47:03.368 DEBUG [http-nio-0.0.0.0-8081-exec-5] o.s.w.s.m.m.a.RequestMappingHandlerMapping - Mapped to com.example.nproject.controller.MetaStdWordController#update(MetaStdWordDto)
2025-12-20 13:47:03.368 DEBUG [http-nio-0.0.0.0-8081-exec-5] o.s.w.s.m.m.a.RequestResponseBodyMethodProcessor - Read "application/json;charset=UTF-8" to [com.example.nproject.dto.MetaStdWordDto@401a542d]
2025-12-20 13:47:03.369 DEBUG [http-nio-0.0.0.0-8081-exec-5] o.s.jdbc.datasource.DataSourceUtils - Fetching JDBC Connection from DataSource
2025-12-20 13:47:03.377 DEBUG [http-nio-0.0.0.0-8081-exec-5] c.e.n.m.M.updateStdWord - ==>  Preparing: UPDATE meta_std_word SET std_word_name = ?, eng_abbr_name = ?, eng_full_name = ?, definition = ?, domain_type = ?, use_yn = ? WHERE word_id = ?
2025-12-20 13:47:03.378 DEBUG [http-nio-0.0.0.0-8081-exec-5] c.e.n.m.M.updateStdWord - ==> Parameters: 사랑이야기(String), Strogy(String), love(String), 사랑(String), 테스트(String), N(String), 766(Integer)
2025-12-20 13:47:03.386 DEBUG [http-nio-0.0.0.0-8081-exec-5] c.e.n.m.M.updateStdWord - <==    Updates: 1
2025-12-20 13:47:03.387 DEBUG [http-nio-0.0.0.0-8081-exec-5] o.s.w.s.m.m.a.RequestResponseBodyMethodProcessor - Using 'text/plain', given [*/*] and supported [text/plain, */*, application/json, application/*+json]
2025-12-20 13:47:03.387 DEBUG [http-nio-0.0.0.0-8081-exec-5] o.s.w.s.m.m.a.RequestResponseBodyMethodProcessor - Writing ["SUCCESS"]
2025-12-20 13:47:03.389 DEBUG [http-nio-0.0.0.0-8081-exec-5] o.s.web.servlet.DispatcherServlet - Completed 200 OK
2025-12-20 13:47:09.093 DEBUG [http-nio-0.0.0.0-8081-exec-8] o.s.web.servlet.DispatcherServlet - GET "/std-word/list?size=10&stdWordName=%EC%82%AC%EB%9E%91", parameters={masked}
2025-12-20 13:47:09.093 DEBUG [http-nio-0.0.0.0-8081-exec-8] o.s.w.s.m.m.a.RequestMappingHandlerMapping - Mapped to com.example.nproject.controller.MetaStdWordController#list(MetaStdWordDto, Model)
2025-12-20 13:47:09.094 DEBUG [http-nio-0.0.0.0-8081-exec-8] o.s.jdbc.datasource.DataSourceUtils - Fetching JDBC Connection from DataSource
2025-12-20 13:47:09.103 DEBUG [http-nio-0.0.0.0-8081-exec-8] c.e.n.m.M.selectStdWordList - ==>  Preparing: SELECT word_id as wordId, std_word_name as stdWordName, eng_abbr_name as engAbbrName, eng_full_name as engFullName, definition, domain_type as domainType, use_yn as useYn FROM meta_std_word WHERE std_word_name LIKE '%' || ? || '%' ORDER BY word_id LIMIT ? OFFSET ?
2025-12-20 13:47:09.104 DEBUG [http-nio-0.0.0.0-8081-exec-8] c.e.n.m.M.selectStdWordList - ==> Parameters: 사랑(String), 10(Integer), 0(Integer)
2025-12-20 13:47:09.113 DEBUG [http-nio-0.0.0.0-8081-exec-8] c.e.n.m.M.selectStdWordList - <==      Total: 1
2025-12-20 13:47:09.113 DEBUG [http-nio-0.0.0.0-8081-exec-8] o.s.jdbc.datasource.DataSourceUtils - Fetching JDBC Connection from DataSource
2025-12-20 13:47:09.113 DEBUG [http-nio-0.0.0.0-8081-exec-8] c.e.n.m.M.countStdWordList - ==>  Preparing: SELECT COUNT(*) FROM meta_std_word WHERE std_word_name LIKE '%' || ? || '%'
2025-12-20 13:47:09.113 DEBUG [http-nio-0.0.0.0-8081-exec-8] c.e.n.m.M.countStdWordList - ==> Parameters: 사랑(String)
2025-12-20 13:47:09.122 DEBUG [http-nio-0.0.0.0-8081-exec-8] c.e.n.m.M.countStdWordList - <==      Total: 1
2025-12-20 13:47:09.123 DEBUG [http-nio-0.0.0.0-8081-exec-8] o.s.w.s.v.ContentNegotiatingViewResolver - Selected 'text/html' given [text/html, application/xhtml+xml, image/avif, image/webp, image/apng, application/xml;q=0.9, */*;q=0.8, application/signed-exchange;v=b3;q=0.7]
2025-12-20 13:47:09.127 DEBUG [http-nio-0.0.0.0-8081-exec-8] o.s.web.servlet.DispatcherServlet - Completed 200 OK
2025-12-20 13:47:09.162 DEBUG [http-nio-0.0.0.0-8081-exec-7] o.s.web.servlet.DispatcherServlet - GET "/css/common.css", parameters={}
2025-12-20 13:47:09.162 DEBUG [http-nio-0.0.0.0-8081-exec-7] o.s.w.s.h.SimpleUrlHandlerMapping - Mapped to ResourceHttpRequestHandler [classpath [META-INF/resources/], classpath [resources/], classpath [static/], classpath [public/], ServletContext [/]]
2025-12-20 13:47:09.162 DEBUG [http-nio-0.0.0.0-8081-exec-7] o.s.web.servlet.DispatcherServlet - Completed 200 OK
2025-12-20 13:47:09.169 DEBUG [http-nio-0.0.0.0-8081-exec-10] o.s.web.servlet.DispatcherServlet - GET "/css/std_word_list.css", parameters={}
2025-12-20 13:47:09.169 DEBUG [http-nio-0.0.0.0-8081-exec-1] o.s.web.servlet.DispatcherServlet - GET "/js/std_word_list.js", parameters={}
2025-12-20 13:47:09.169 DEBUG [http-nio-0.0.0.0-8081-exec-10] o.s.w.s.h.SimpleUrlHandlerMapping - Mapped to ResourceHttpRequestHandler [classpath [META-INF/resources/], classpath [resources/], classpath [static/], classpath [public/], ServletContext [/]]
2025-12-20 13:47:09.169 DEBUG [http-nio-0.0.0.0-8081-exec-1] o.s.w.s.h.SimpleUrlHandlerMapping - Mapped to ResourceHttpRequestHandler [classpath [META-INF/resources/], classpath [resources/], classpath [static/], classpath [public/], ServletContext [/]]
2025-12-20 13:47:09.172 DEBUG [http-nio-0.0.0.0-8081-exec-10] o.s.web.servlet.DispatcherServlet - Completed 200 OK
2025-12-20 13:47:09.172 DEBUG [http-nio-0.0.0.0-8081-exec-1] o.s.web.servlet.DispatcherServlet - Completed 200 OK
2025-12-20 13:47:20.590 DEBUG [http-nio-0.0.0.0-8081-exec-9] o.s.web.servlet.DispatcherServlet - GET "/std-word/update?wordId=766", parameters={masked}
2025-12-20 13:47:20.590 DEBUG [http-nio-0.0.0.0-8081-exec-9] o.s.w.s.m.m.a.RequestMappingHandlerMapping - Mapped to com.example.nproject.controller.MetaStdWordController#updateForm(Long, Model)
2025-12-20 13:47:20.590 DEBUG [http-nio-0.0.0.0-8081-exec-9] o.s.jdbc.datasource.DataSourceUtils - Fetching JDBC Connection from DataSource
2025-12-20 13:47:20.598 DEBUG [http-nio-0.0.0.0-8081-exec-9] c.e.n.m.M.selectStdWord - ==>  Preparing: SELECT word_id as wordId, std_word_name as stdWordName, eng_abbr_name as engAbbrName, eng_full_name as engFullName, definition, domain_type as domainType, use_yn as useYn FROM meta_std_word WHERE word_id = ?
2025-12-20 13:47:20.598 DEBUG [http-nio-0.0.0.0-8081-exec-9] c.e.n.m.M.selectStdWord - ==> Parameters: 766(Long)
2025-12-20 13:47:20.606 DEBUG [http-nio-0.0.0.0-8081-exec-9] c.e.n.m.M.selectStdWord - <==      Total: 1
2025-12-20 13:47:20.606 DEBUG [http-nio-0.0.0.0-8081-exec-9] o.s.w.s.v.ContentNegotiatingViewResolver - Selected 'text/html' given [text/html, application/xhtml+xml, image/avif, image/webp, image/apng, application/xml;q=0.9, */*;q=0.8, application/signed-exchange;v=b3;q=0.7]
2025-12-20 13:47:20.610 DEBUG [http-nio-0.0.0.0-8081-exec-9] o.s.web.servlet.DispatcherServlet - Completed 200 OK
2025-12-20 13:47:20.628 DEBUG [http-nio-0.0.0.0-8081-exec-3] o.s.web.servlet.DispatcherServlet - GET "/css/common.css", parameters={}
2025-12-20 13:47:20.628 DEBUG [http-nio-0.0.0.0-8081-exec-2] o.s.web.servlet.DispatcherServlet - GET "/css/std_word_insert.css", parameters={}
2025-12-20 13:47:20.628 DEBUG [http-nio-0.0.0.0-8081-exec-4] o.s.web.servlet.DispatcherServlet - GET "/js/std_update.js", parameters={}
2025-12-20 13:47:20.629 DEBUG [http-nio-0.0.0.0-8081-exec-2] o.s.w.s.h.SimpleUrlHandlerMapping - Mapped to ResourceHttpRequestHandler [classpath [META-INF/resources/], classpath [resources/], classpath [static/], classpath [public/], ServletContext [/]]
2025-12-20 13:47:20.629 DEBUG [http-nio-0.0.0.0-8081-exec-3] o.s.w.s.h.SimpleUrlHandlerMapping - Mapped to ResourceHttpRequestHandler [classpath [META-INF/resources/], classpath [resources/], classpath [static/], classpath [public/], ServletContext [/]]
2025-12-20 13:47:20.629 DEBUG [http-nio-0.0.0.0-8081-exec-4] o.s.w.s.h.SimpleUrlHandlerMapping - Mapped to ResourceHttpRequestHandler [classpath [META-INF/resources/], classpath [resources/], classpath [static/], classpath [public/], ServletContext [/]]
2025-12-20 13:47:20.631 DEBUG [http-nio-0.0.0.0-8081-exec-3] o.s.web.servlet.DispatcherServlet - Completed 200 OK
2025-12-20 13:47:20.631 DEBUG [http-nio-0.0.0.0-8081-exec-4] o.s.web.servlet.DispatcherServlet - Completed 200 OK
2025-12-20 13:47:20.632 DEBUG [http-nio-0.0.0.0-8081-exec-2] o.s.web.servlet.DispatcherServlet - Completed 200 OK
2025-12-20 13:47:34.603 DEBUG [http-nio-0.0.0.0-8081-exec-6] o.s.web.servlet.DispatcherServlet - GET "/std-word/update?wordId=766", parameters={masked}
2025-12-20 13:47:34.604 DEBUG [http-nio-0.0.0.0-8081-exec-6] o.s.w.s.m.m.a.RequestMappingHandlerMapping - Mapped to com.example.nproject.controller.MetaStdWordController#updateForm(Long, Model)
2025-12-20 13:47:34.604 DEBUG [http-nio-0.0.0.0-8081-exec-6] o.s.jdbc.datasource.DataSourceUtils - Fetching JDBC Connection from DataSource
2025-12-20 13:47:34.612 DEBUG [http-nio-0.0.0.0-8081-exec-6] c.e.n.m.M.selectStdWord - ==>  Preparing: SELECT word_id as wordId, std_word_name as stdWordName, eng_abbr_name as engAbbrName, eng_full_name as engFullName, definition, domain_type as domainType, use_yn as useYn FROM meta_std_word WHERE word_id = ?
2025-12-20 13:47:34.612 DEBUG [http-nio-0.0.0.0-8081-exec-6] c.e.n.m.M.selectStdWord - ==> Parameters: 766(Long)
2025-12-20 13:47:34.624 DEBUG [http-nio-0.0.0.0-8081-exec-6] c.e.n.m.M.selectStdWord - <==      Total: 1
2025-12-20 13:47:34.625 DEBUG [http-nio-0.0.0.0-8081-exec-6] o.s.w.s.v.ContentNegotiatingViewResolver - Selected 'text/html' given [text/html, application/xhtml+xml, image/avif, image/webp, image/apng, application/xml;q=0.9, */*;q=0.8, application/signed-exchange;v=b3;q=0.7]
2025-12-20 13:47:34.630 DEBUG [http-nio-0.0.0.0-8081-exec-6] o.s.web.servlet.DispatcherServlet - Completed 200 OK
2025-12-20 13:47:34.647 DEBUG [http-nio-0.0.0.0-8081-exec-5] o.s.web.servlet.DispatcherServlet - GET "/css/common.css", parameters={}
2025-12-20 13:47:34.647 DEBUG [http-nio-0.0.0.0-8081-exec-5] o.s.w.s.h.SimpleUrlHandlerMapping - Mapped to ResourceHttpRequestHandler [classpath [META-INF/resources/], classpath [resources/], classpath [static/], classpath [public/], ServletContext [/]]
2025-12-20 13:47:34.647 DEBUG [http-nio-0.0.0.0-8081-exec-8] o.s.web.servlet.DispatcherServlet - GET "/css/std_word_insert.css", parameters={}
2025-12-20 13:47:34.647 DEBUG [http-nio-0.0.0.0-8081-exec-7] o.s.web.servlet.DispatcherServlet - GET "/js/std_update.js", parameters={}
2025-12-20 13:47:34.647 DEBUG [http-nio-0.0.0.0-8081-exec-8] o.s.w.s.h.SimpleUrlHandlerMapping - Mapped to ResourceHttpRequestHandler [classpath [META-INF/resources/], classpath [resources/], classpath [static/], classpath [public/], ServletContext [/]]
2025-12-20 13:47:34.647 DEBUG [http-nio-0.0.0.0-8081-exec-7] o.s.w.s.h.SimpleUrlHandlerMapping - Mapped to ResourceHttpRequestHandler [classpath [META-INF/resources/], classpath [resources/], classpath [static/], classpath [public/], ServletContext [/]]
2025-12-20 13:47:34.649 DEBUG [http-nio-0.0.0.0-8081-exec-5] o.s.web.servlet.DispatcherServlet - Completed 200 OK
2025-12-20 13:47:34.649 DEBUG [http-nio-0.0.0.0-8081-exec-8] o.s.web.servlet.DispatcherServlet - Completed 200 OK
2025-12-20 13:47:34.649 DEBUG [http-nio-0.0.0.0-8081-exec-7] o.s.web.servlet.DispatcherServlet - Completed 200 OK
2025-12-20 13:51:38.911 DEBUG [http-nio-0.0.0.0-8081-exec-4] o.s.web.servlet.DispatcherServlet - GET "/std-word/update?wordId=766", parameters={masked}
2025-12-20 13:51:38.911 DEBUG [http-nio-0.0.0.0-8081-exec-4] o.s.w.s.m.m.a.RequestMappingHandlerMapping - Mapped to com.example.nproject.controller.MetaStdWordController#updateForm(Long, Model)
2025-12-20 13:51:38.912 DEBUG [http-nio-0.0.0.0-8081-exec-4] o.s.jdbc.datasource.DataSourceUtils - Fetching JDBC Connection from DataSource
2025-12-20 13:51:38.921 DEBUG [http-nio-0.0.0.0-8081-exec-4] c.e.n.m.M.selectStdWord - ==>  Preparing: SELECT word_id as wordId, std_word_name as stdWordName, eng_abbr_name as engAbbrName, eng_full_name as engFullName, definition, domain_type as domainType, use_yn as useYn FROM meta_std_word WHERE word_id = ?
2025-12-20 13:51:38.922 DEBUG [http-nio-0.0.0.0-8081-exec-4] c.e.n.m.M.selectStdWord - ==> Parameters: 766(Long)
2025-12-20 13:51:38.935 DEBUG [http-nio-0.0.0.0-8081-exec-4] c.e.n.m.M.selectStdWord - <==      Total: 1
2025-12-20 13:51:38.936 DEBUG [http-nio-0.0.0.0-8081-exec-4] o.s.w.s.v.ContentNegotiatingViewResolver - Selected 'text/html' given [text/html, application/xhtml+xml, image/avif, image/webp, image/apng, application/xml;q=0.9, */*;q=0.8, application/signed-exchange;v=b3;q=0.7]
2025-12-20 13:51:38.939 DEBUG [http-nio-0.0.0.0-8081-exec-4] o.s.web.servlet.DispatcherServlet - Completed 200 OK
2025-12-20 13:51:38.956 DEBUG [http-nio-0.0.0.0-8081-exec-3] o.s.web.servlet.DispatcherServlet - GET "/css/common.css", parameters={}
2025-12-20 13:51:38.956 DEBUG [http-nio-0.0.0.0-8081-exec-3] o.s.w.s.h.SimpleUrlHandlerMapping - Mapped to ResourceHttpRequestHandler [classpath [META-INF/resources/], classpath [resources/], classpath [static/], classpath [public/], ServletContext [/]]
2025-12-20 13:51:38.957 DEBUG [http-nio-0.0.0.0-8081-exec-2] o.s.web.servlet.DispatcherServlet - GET "/css/std_word_insert.css", parameters={}
2025-12-20 13:51:38.957 DEBUG [http-nio-0.0.0.0-8081-exec-2] o.s.w.s.h.SimpleUrlHandlerMapping - Mapped to ResourceHttpRequestHandler [classpath [META-INF/resources/], classpath [resources/], classpath [static/], classpath [public/], ServletContext [/]]
2025-12-20 13:51:38.957 DEBUG [http-nio-0.0.0.0-8081-exec-6] o.s.web.servlet.DispatcherServlet - GET "/js/std_update.js", parameters={}
2025-12-20 13:51:38.957 DEBUG [http-nio-0.0.0.0-8081-exec-6] o.s.w.s.h.SimpleUrlHandlerMapping - Mapped to ResourceHttpRequestHandler [classpath [META-INF/resources/], classpath [resources/], classpath [static/], classpath [public/], ServletContext [/]]
2025-12-20 13:51:38.958 DEBUG [http-nio-0.0.0.0-8081-exec-2] o.s.web.servlet.DispatcherServlet - Completed 200 OK
2025-12-20 13:51:38.958 DEBUG [http-nio-0.0.0.0-8081-exec-3] o.s.web.servlet.DispatcherServlet - Completed 200 OK
2025-12-20 13:51:38.959 DEBUG [http-nio-0.0.0.0-8081-exec-6] o.s.web.servlet.DispatcherServlet - Completed 200 OK
2025-12-20 13:51:45.386 DEBUG [http-nio-0.0.0.0-8081-exec-5] o.s.web.servlet.DispatcherServlet - GET "/std-word/list", parameters={}
2025-12-20 13:51:45.386 DEBUG [http-nio-0.0.0.0-8081-exec-5] o.s.w.s.m.m.a.RequestMappingHandlerMapping - Mapped to com.example.nproject.controller.MetaStdWordController#list(MetaStdWordDto, Model)
2025-12-20 13:51:45.387 DEBUG [http-nio-0.0.0.0-8081-exec-5] o.s.jdbc.datasource.DataSourceUtils - Fetching JDBC Connection from DataSource
2025-12-20 13:51:45.393 DEBUG [http-nio-0.0.0.0-8081-exec-5] c.e.n.m.M.selectStdWordList - ==>  Preparing: SELECT word_id as wordId, std_word_name as stdWordName, eng_abbr_name as engAbbrName, eng_full_name as engFullName, definition, domain_type as domainType, use_yn as useYn FROM meta_std_word ORDER BY word_id LIMIT ? OFFSET ?
2025-12-20 13:51:45.393 DEBUG [http-nio-0.0.0.0-8081-exec-5] c.e.n.m.M.selectStdWordList - ==> Parameters: 10(Integer), 0(Integer)
2025-12-20 13:51:45.404 DEBUG [http-nio-0.0.0.0-8081-exec-5] c.e.n.m.M.selectStdWordList - <==      Total: 10
2025-12-20 13:51:45.404 DEBUG [http-nio-0.0.0.0-8081-exec-5] o.s.jdbc.datasource.DataSourceUtils - Fetching JDBC Connection from DataSource
2025-12-20 13:51:45.404 DEBUG [http-nio-0.0.0.0-8081-exec-5] c.e.n.m.M.countStdWordList - ==>  Preparing: SELECT COUNT(*) FROM meta_std_word
2025-12-20 13:51:45.404 DEBUG [http-nio-0.0.0.0-8081-exec-5] c.e.n.m.M.countStdWordList - ==> Parameters: 
2025-12-20 13:51:45.413 DEBUG [http-nio-0.0.0.0-8081-exec-5] c.e.n.m.M.countStdWordList - <==      Total: 1
2025-12-20 13:51:45.414 DEBUG [http-nio-0.0.0.0-8081-exec-5] o.s.w.s.v.ContentNegotiatingViewResolver - Selected 'text/html' given [text/html, application/xhtml+xml, image/avif, image/webp, image/apng, application/xml;q=0.9, */*;q=0.8, application/signed-exchange;v=b3;q=0.7]
2025-12-20 13:51:45.421 DEBUG [http-nio-0.0.0.0-8081-exec-5] o.s.web.servlet.DispatcherServlet - Completed 200 OK
2025-12-20 13:51:45.436 DEBUG [http-nio-0.0.0.0-8081-exec-8] o.s.web.servlet.DispatcherServlet - GET "/css/common.css", parameters={}
2025-12-20 13:51:45.436 DEBUG [http-nio-0.0.0.0-8081-exec-8] o.s.w.s.h.SimpleUrlHandlerMapping - Mapped to ResourceHttpRequestHandler [classpath [META-INF/resources/], classpath [resources/], classpath [static/], classpath [public/], ServletContext [/]]
2025-12-20 13:51:45.438 DEBUG [http-nio-0.0.0.0-8081-exec-8] o.s.web.servlet.DispatcherServlet - Completed 200 OK
2025-12-20 13:51:45.440 DEBUG [http-nio-0.0.0.0-8081-exec-1] o.s.web.servlet.DispatcherServlet - GET "/js/std_word_list.js", parameters={}
2025-12-20 13:51:45.440 DEBUG [http-nio-0.0.0.0-8081-exec-7] o.s.web.servlet.DispatcherServlet - GET "/css/std_word_list.css", parameters={}
2025-12-20 13:51:45.440 DEBUG [http-nio-0.0.0.0-8081-exec-7] o.s.w.s.h.SimpleUrlHandlerMapping - Mapped to ResourceHttpRequestHandler [classpath [META-INF/resources/], classpath [resources/], classpath [static/], classpath [public/], ServletContext [/]]
2025-12-20 13:51:45.440 DEBUG [http-nio-0.0.0.0-8081-exec-1] o.s.w.s.h.SimpleUrlHandlerMapping - Mapped to ResourceHttpRequestHandler [classpath [META-INF/resources/], classpath [resources/], classpath [static/], classpath [public/], ServletContext [/]]
2025-12-20 13:51:45.442 DEBUG [http-nio-0.0.0.0-8081-exec-7] o.s.web.servlet.DispatcherServlet - Completed 200 OK
2025-12-20 13:51:45.442 DEBUG [http-nio-0.0.0.0-8081-exec-1] o.s.web.servlet.DispatcherServlet - Completed 200 OK
2025-12-20 13:51:46.441 DEBUG [http-nio-0.0.0.0-8081-exec-10] o.s.web.servlet.DispatcherServlet - GET "/std-word/update?wordId=2", parameters={masked}
2025-12-20 13:51:46.441 DEBUG [http-nio-0.0.0.0-8081-exec-10] o.s.w.s.m.m.a.RequestMappingHandlerMapping - Mapped to com.example.nproject.controller.MetaStdWordController#updateForm(Long, Model)
2025-12-20 13:51:46.441 DEBUG [http-nio-0.0.0.0-8081-exec-10] o.s.jdbc.datasource.DataSourceUtils - Fetching JDBC Connection from DataSource
2025-12-20 13:51:46.449 DEBUG [http-nio-0.0.0.0-8081-exec-10] c.e.n.m.M.selectStdWord - ==>  Preparing: SELECT word_id as wordId, std_word_name as stdWordName, eng_abbr_name as engAbbrName, eng_full_name as engFullName, definition, domain_type as domainType, use_yn as useYn FROM meta_std_word WHERE word_id = ?
2025-12-20 13:51:46.449 DEBUG [http-nio-0.0.0.0-8081-exec-10] c.e.n.m.M.selectStdWord - ==> Parameters: 2(Long)
2025-12-20 13:51:46.457 DEBUG [http-nio-0.0.0.0-8081-exec-10] c.e.n.m.M.selectStdWord - <==      Total: 1
2025-12-20 13:51:46.458 DEBUG [http-nio-0.0.0.0-8081-exec-10] o.s.w.s.v.ContentNegotiatingViewResolver - Selected 'text/html' given [text/html, application/xhtml+xml, image/avif, image/webp, image/apng, application/xml;q=0.9, */*;q=0.8, application/signed-exchange;v=b3;q=0.7]
2025-12-20 13:51:46.462 DEBUG [http-nio-0.0.0.0-8081-exec-10] o.s.web.servlet.DispatcherServlet - Completed 200 OK
2025-12-20 13:51:46.476 DEBUG [http-nio-0.0.0.0-8081-exec-9] o.s.web.servlet.DispatcherServlet - GET "/css/common.css", parameters={}
2025-12-20 13:51:46.477 DEBUG [http-nio-0.0.0.0-8081-exec-9] o.s.w.s.h.SimpleUrlHandlerMapping - Mapped to ResourceHttpRequestHandler [classpath [META-INF/resources/], classpath [resources/], classpath [static/], classpath [public/], ServletContext [/]]
2025-12-20 13:51:46.478 DEBUG [http-nio-0.0.0.0-8081-exec-3] o.s.web.servlet.DispatcherServlet - GET "/js/std_update.js", parameters={}
2025-12-20 13:51:46.478 DEBUG [http-nio-0.0.0.0-8081-exec-4] o.s.web.servlet.DispatcherServlet - GET "/css/std_word_insert.css", parameters={}
2025-12-20 13:51:46.478 DEBUG [http-nio-0.0.0.0-8081-exec-3] o.s.w.s.h.SimpleUrlHandlerMapping - Mapped to ResourceHttpRequestHandler [classpath [META-INF/resources/], classpath [resources/], classpath [static/], classpath [public/], ServletContext [/]]
2025-12-20 13:51:46.478 DEBUG [http-nio-0.0.0.0-8081-exec-4] o.s.w.s.h.SimpleUrlHandlerMapping - Mapped to ResourceHttpRequestHandler [classpath [META-INF/resources/], classpath [resources/], classpath [static/], classpath [public/], ServletContext [/]]
2025-12-20 13:51:46.480 DEBUG [http-nio-0.0.0.0-8081-exec-9] o.s.web.servlet.DispatcherServlet - Completed 200 OK
2025-12-20 13:51:46.481 DEBUG [http-nio-0.0.0.0-8081-exec-4] o.s.web.servlet.DispatcherServlet - Completed 200 OK
2025-12-20 13:51:46.481 DEBUG [http-nio-0.0.0.0-8081-exec-3] o.s.web.servlet.DispatcherServlet - Completed 200 OK
2025-12-20 13:51:57.434 INFO  [RMI TCP Connection(16)-127.0.0.1] o.s.b.a.SpringApplicationAdminMXBeanRegistrar$SpringApplicationAdmin - Application shutdown requested.
2025-12-20 13:51:57.438 INFO  [RMI TCP Connection(16)-127.0.0.1] o.a.coyote.http11.Http11NioProtocol - Stopping ProtocolHandler ["http-nio-0.0.0.0-8081"]
2025-12-20 13:51:57.452 INFO  [RMI TCP Connection(16)-127.0.0.1] com.zaxxer.hikari.HikariDataSource - HikariPool-1 - Shutdown initiated...
2025-12-20 13:51:57.463 INFO  [RMI TCP Connection(16)-127.0.0.1] com.zaxxer.hikari.HikariDataSource - HikariPool-1 - Shutdown completed.
2025-12-20 13:51:59.284 INFO  [restartedMain] c.e.nproject.NprojectApplication - Starting NprojectApplication using Java 17.0.12 with PID 14152 (C:\Dev_antigravity_git\meta_system\nproject\target\classes started by jkljkl in C:\Dev_antigravity_git\meta_system\nproject)
2025-12-20 13:51:59.286 DEBUG [restartedMain] c.e.nproject.NprojectApplication - Running with Spring Boot v3.2.0, Spring v6.1.1
2025-12-20 13:51:59.287 INFO  [restartedMain] c.e.nproject.NprojectApplication - No active profile set, falling back to 1 default profile: "default"
2025-12-20 13:51:59.330 INFO  [restartedMain] o.s.b.d.e.DevToolsPropertyDefaultsPostProcessor - Devtools property defaults active! Set 'spring.devtools.add-properties' to 'false' to disable
2025-12-20 13:51:59.330 INFO  [restartedMain] o.s.b.d.e.DevToolsPropertyDefaultsPostProcessor - For additional web related logging consider setting the 'logging.level.web' property to 'DEBUG'
2025-12-20 13:51:59.854 DEBUG [restartedMain] o.apache.ibatis.logging.LogFactory - Logging initialized using 'class org.apache.ibatis.logging.slf4j.Slf4jImpl' adapter.
2025-12-20 13:52:00.180 INFO  [restartedMain] o.s.b.w.e.tomcat.TomcatWebServer - Tomcat initialized with port 8081 (http)
2025-12-20 13:52:00.186 INFO  [restartedMain] o.a.coyote.http11.Http11NioProtocol - Initializing ProtocolHandler ["http-nio-0.0.0.0-8081"]
2025-12-20 13:52:00.188 INFO  [restartedMain] o.a.catalina.core.StandardService - Starting service [Tomcat]
2025-12-20 13:52:00.188 INFO  [restartedMain] o.a.catalina.core.StandardEngine - Starting Servlet engine: [Apache Tomcat/10.1.16]
2025-12-20 13:52:00.231 INFO  [restartedMain] o.a.c.c.C.[Tomcat].[localhost].[/] - Initializing Spring embedded WebApplicationContext
2025-12-20 13:52:00.231 INFO  [restartedMain] o.s.b.w.s.c.ServletWebServerApplicationContext - Root WebApplicationContext: initialization completed in 901 ms
2025-12-20 13:52:00.558 DEBUG [restartedMain] o.s.w.s.m.m.a.RequestMappingHandlerMapping - 14 mappings in 'requestMappingHandlerMapping'
2025-12-20 13:52:00.608 DEBUG [restartedMain] o.s.w.s.h.SimpleUrlHandlerMapping - Patterns [/webjars/**, /**] in 'resourceHandlerMapping'
2025-12-20 13:52:00.628 DEBUG [restartedMain] o.s.w.s.m.m.a.RequestMappingHandlerAdapter - ControllerAdvice beans: 0 @ModelAttribute, 0 @InitBinder, 1 RequestBodyAdvice, 1 ResponseBodyAdvice
2025-12-20 13:52:00.656 DEBUG [restartedMain] o.s.w.s.m.m.a.ExceptionHandlerExceptionResolver - ControllerAdvice beans: 0 @ExceptionHandler, 1 ResponseBodyAdvice
2025-12-20 13:52:00.757 INFO  [restartedMain] o.s.b.d.a.OptionalLiveReloadServer - LiveReload server is running on port 35729
2025-12-20 13:52:00.775 INFO  [restartedMain] o.a.coyote.http11.Http11NioProtocol - Starting ProtocolHandler ["http-nio-0.0.0.0-8081"]
2025-12-20 13:52:00.794 INFO  [restartedMain] o.s.b.w.e.tomcat.TomcatWebServer - Tomcat started on port 8081 (http) with context path ''
2025-12-20 13:52:00.802 INFO  [restartedMain] c.e.nproject.NprojectApplication - Started NprojectApplication in 1.876 seconds (process running for 2.443)
2025-12-20 13:52:09.598 INFO  [http-nio-0.0.0.0-8081-exec-1] o.a.c.c.C.[Tomcat].[localhost].[/] - Initializing Spring DispatcherServlet 'dispatcherServlet'
2025-12-20 13:52:09.598 INFO  [http-nio-0.0.0.0-8081-exec-1] o.s.web.servlet.DispatcherServlet - Initializing Servlet 'dispatcherServlet'
2025-12-20 13:52:09.598 DEBUG [http-nio-0.0.0.0-8081-exec-1] o.s.web.servlet.DispatcherServlet - Detected StandardServletMultipartResolver
2025-12-20 13:52:09.599 DEBUG [http-nio-0.0.0.0-8081-exec-1] o.s.web.servlet.DispatcherServlet - Detected AcceptHeaderLocaleResolver
2025-12-20 13:52:09.599 DEBUG [http-nio-0.0.0.0-8081-exec-1] o.s.web.servlet.DispatcherServlet - Detected FixedThemeResolver
2025-12-20 13:52:09.599 DEBUG [http-nio-0.0.0.0-8081-exec-1] o.s.web.servlet.DispatcherServlet - Detected org.springframework.web.servlet.view.DefaultRequestToViewNameTranslator@7ef2263b
2025-12-20 13:52:09.600 DEBUG [http-nio-0.0.0.0-8081-exec-1] o.s.web.servlet.DispatcherServlet - Detected org.springframework.web.servlet.support.SessionFlashMapManager@2045f2a2
2025-12-20 13:52:09.600 DEBUG [http-nio-0.0.0.0-8081-exec-1] o.s.web.servlet.DispatcherServlet - enableLoggingRequestDetails='false': request parameters and headers will be masked to prevent unsafe logging of potentially sensitive data
2025-12-20 13:52:09.600 INFO  [http-nio-0.0.0.0-8081-exec-1] o.s.web.servlet.DispatcherServlet - Completed initialization in 2 ms
2025-12-20 13:52:09.608 DEBUG [http-nio-0.0.0.0-8081-exec-1] o.s.web.servlet.DispatcherServlet - GET "/std-word/list", parameters={}
2025-12-20 13:52:09.617 DEBUG [http-nio-0.0.0.0-8081-exec-1] o.s.w.s.m.m.a.RequestMappingHandlerMapping - Mapped to com.example.nproject.controller.MetaStdWordController#list(MetaStdWordDto, Model)
2025-12-20 13:52:09.659 DEBUG [http-nio-0.0.0.0-8081-exec-1] o.s.jdbc.datasource.DataSourceUtils - Fetching JDBC Connection from DataSource
2025-12-20 13:52:09.660 INFO  [http-nio-0.0.0.0-8081-exec-1] com.zaxxer.hikari.HikariDataSource - HikariPool-1 - Starting...
2025-12-20 13:52:09.965 INFO  [http-nio-0.0.0.0-8081-exec-1] com.zaxxer.hikari.pool.HikariPool - HikariPool-1 - Added connection org.postgresql.jdbc.PgConnection@55488cd3
2025-12-20 13:52:09.966 INFO  [http-nio-0.0.0.0-8081-exec-1] com.zaxxer.hikari.HikariDataSource - HikariPool-1 - Start completed.
2025-12-20 13:52:09.973 DEBUG [http-nio-0.0.0.0-8081-exec-1] c.e.n.m.M.selectStdWordList - ==>  Preparing: SELECT word_id as wordId, std_word_name as stdWordName, eng_abbr_name as engAbbrName, eng_full_name as engFullName, definition, domain_type as domainType, use_yn as useYn FROM meta_std_word ORDER BY word_id LIMIT ? OFFSET ?
2025-12-20 13:52:09.984 DEBUG [http-nio-0.0.0.0-8081-exec-1] c.e.n.m.M.selectStdWordList - ==> Parameters: 10(Integer), 0(Integer)
2025-12-20 13:52:10.005 DEBUG [http-nio-0.0.0.0-8081-exec-1] c.e.n.m.M.selectStdWordList - <==      Total: 10
2025-12-20 13:52:10.012 DEBUG [http-nio-0.0.0.0-8081-exec-1] o.s.jdbc.datasource.DataSourceUtils - Fetching JDBC Connection from DataSource
2025-12-20 13:52:10.012 DEBUG [http-nio-0.0.0.0-8081-exec-1] c.e.n.m.M.countStdWordList - ==>  Preparing: SELECT COUNT(*) FROM meta_std_word
2025-12-20 13:52:10.012 DEBUG [http-nio-0.0.0.0-8081-exec-1] c.e.n.m.M.countStdWordList - ==> Parameters: 
2025-12-20 13:52:10.020 DEBUG [http-nio-0.0.0.0-8081-exec-1] c.e.n.m.M.countStdWordList - <==      Total: 1
2025-12-20 13:52:10.027 DEBUG [http-nio-0.0.0.0-8081-exec-1] o.s.w.s.v.ContentNegotiatingViewResolver - Selected 'text/html' given [text/html, application/xhtml+xml, image/avif, image/webp, image/apng, application/xml;q=0.9, */*;q=0.8, application/signed-exchange;v=b3;q=0.7]
2025-12-20 13:52:10.259 DEBUG [http-nio-0.0.0.0-8081-exec-1] o.s.web.servlet.DispatcherServlet - Completed 200 OK
2025-12-20 13:52:10.276 DEBUG [http-nio-0.0.0.0-8081-exec-2] o.s.web.servlet.DispatcherServlet - GET "/css/common.css", parameters={}
2025-12-20 13:52:10.280 DEBUG [http-nio-0.0.0.0-8081-exec-3] o.s.web.servlet.DispatcherServlet - GET "/css/std_word_list.css", parameters={}
2025-12-20 13:52:10.281 DEBUG [http-nio-0.0.0.0-8081-exec-4] o.s.web.servlet.DispatcherServlet - GET "/js/std_word_list.js", parameters={}
2025-12-20 13:52:10.281 DEBUG [http-nio-0.0.0.0-8081-exec-3] o.s.w.s.h.SimpleUrlHandlerMapping - Mapped to ResourceHttpRequestHandler [classpath [META-INF/resources/], classpath [resources/], classpath [static/], classpath [public/], ServletContext [/]]
2025-12-20 13:52:10.281 DEBUG [http-nio-0.0.0.0-8081-exec-2] o.s.w.s.h.SimpleUrlHandlerMapping - Mapped to ResourceHttpRequestHandler [classpath [META-INF/resources/], classpath [resources/], classpath [static/], classpath [public/], ServletContext [/]]
2025-12-20 13:52:10.281 DEBUG [http-nio-0.0.0.0-8081-exec-4] o.s.w.s.h.SimpleUrlHandlerMapping - Mapped to ResourceHttpRequestHandler [classpath [META-INF/resources/], classpath [resources/], classpath [static/], classpath [public/], ServletContext [/]]
2025-12-20 13:52:10.291 DEBUG [http-nio-0.0.0.0-8081-exec-2] o.s.web.servlet.DispatcherServlet - Completed 200 OK
2025-12-20 13:52:10.291 DEBUG [http-nio-0.0.0.0-8081-exec-4] o.s.web.servlet.DispatcherServlet - Completed 200 OK
2025-12-20 13:52:10.291 DEBUG [http-nio-0.0.0.0-8081-exec-3] o.s.web.servlet.DispatcherServlet - Completed 200 OK
2025-12-20 13:52:11.742 DEBUG [http-nio-0.0.0.0-8081-exec-5] o.s.web.servlet.DispatcherServlet - GET "/std-word/update?wordId=3", parameters={masked}
2025-12-20 13:52:11.742 DEBUG [http-nio-0.0.0.0-8081-exec-5] o.s.w.s.m.m.a.RequestMappingHandlerMapping - Mapped to com.example.nproject.controller.MetaStdWordController#updateForm(Long, Model)
2025-12-20 13:52:11.744 DEBUG [http-nio-0.0.0.0-8081-exec-5] o.s.jdbc.datasource.DataSourceUtils - Fetching JDBC Connection from DataSource
2025-12-20 13:52:11.753 DEBUG [http-nio-0.0.0.0-8081-exec-5] c.e.n.m.M.selectStdWord - ==>  Preparing: SELECT word_id as wordId, std_word_name as stdWordName, eng_abbr_name as engAbbrName, eng_full_name as engFullName, definition, domain_type as domainType, use_yn as useYn FROM meta_std_word WHERE word_id = ?
2025-12-20 13:52:11.753 DEBUG [http-nio-0.0.0.0-8081-exec-5] c.e.n.m.M.selectStdWord - ==> Parameters: 3(Long)
2025-12-20 13:52:11.763 DEBUG [http-nio-0.0.0.0-8081-exec-5] c.e.n.m.M.selectStdWord - <==      Total: 1
2025-12-20 13:52:11.765 DEBUG [http-nio-0.0.0.0-8081-exec-5] o.s.w.s.v.ContentNegotiatingViewResolver - Selected 'text/html' given [text/html, application/xhtml+xml, image/avif, image/webp, image/apng, application/xml;q=0.9, */*;q=0.8, application/signed-exchange;v=b3;q=0.7]
2025-12-20 13:52:11.777 DEBUG [http-nio-0.0.0.0-8081-exec-5] o.s.web.servlet.DispatcherServlet - Completed 200 OK
2025-12-20 13:52:11.791 DEBUG [http-nio-0.0.0.0-8081-exec-6] o.s.web.servlet.DispatcherServlet - GET "/css/common.css", parameters={}
2025-12-20 13:52:11.791 DEBUG [http-nio-0.0.0.0-8081-exec-8] o.s.web.servlet.DispatcherServlet - GET "/js/std_update.js", parameters={}
2025-12-20 13:52:11.791 DEBUG [http-nio-0.0.0.0-8081-exec-7] o.s.web.servlet.DispatcherServlet - GET "/css/std_word_insert.css", parameters={}
2025-12-20 13:52:11.792 DEBUG [http-nio-0.0.0.0-8081-exec-8] o.s.w.s.h.SimpleUrlHandlerMapping - Mapped to ResourceHttpRequestHandler [classpath [META-INF/resources/], classpath [resources/], classpath [static/], classpath [public/], ServletContext [/]]
2025-12-20 13:52:11.792 DEBUG [http-nio-0.0.0.0-8081-exec-6] o.s.w.s.h.SimpleUrlHandlerMapping - Mapped to ResourceHttpRequestHandler [classpath [META-INF/resources/], classpath [resources/], classpath [static/], classpath [public/], ServletContext [/]]
2025-12-20 13:52:11.793 DEBUG [http-nio-0.0.0.0-8081-exec-7] o.s.w.s.h.SimpleUrlHandlerMapping - Mapped to ResourceHttpRequestHandler [classpath [META-INF/resources/], classpath [resources/], classpath [static/], classpath [public/], ServletContext [/]]
2025-12-20 13:52:11.795 DEBUG [http-nio-0.0.0.0-8081-exec-6] o.s.web.servlet.DispatcherServlet - Completed 200 OK
2025-12-20 13:52:11.795 DEBUG [http-nio-0.0.0.0-8081-exec-8] o.s.web.servlet.DispatcherServlet - Completed 200 OK
2025-12-20 13:52:11.797 DEBUG [http-nio-0.0.0.0-8081-exec-7] o.s.web.servlet.DispatcherServlet - Completed 200 OK
2025-12-20 13:52:13.791 DEBUG [http-nio-0.0.0.0-8081-exec-9] o.s.web.servlet.DispatcherServlet - GET "/std-word/update?wordId=1", parameters={masked}
2025-12-20 13:52:13.791 DEBUG [http-nio-0.0.0.0-8081-exec-9] o.s.w.s.m.m.a.RequestMappingHandlerMapping - Mapped to com.example.nproject.controller.MetaStdWordController#updateForm(Long, Model)
2025-12-20 13:52:13.792 DEBUG [http-nio-0.0.0.0-8081-exec-9] o.s.jdbc.datasource.DataSourceUtils - Fetching JDBC Connection from DataSource
2025-12-20 13:52:13.799 DEBUG [http-nio-0.0.0.0-8081-exec-9] c.e.n.m.M.selectStdWord - ==>  Preparing: SELECT word_id as wordId, std_word_name as stdWordName, eng_abbr_name as engAbbrName, eng_full_name as engFullName, definition, domain_type as domainType, use_yn as useYn FROM meta_std_word WHERE word_id = ?
2025-12-20 13:52:13.800 DEBUG [http-nio-0.0.0.0-8081-exec-9] c.e.n.m.M.selectStdWord - ==> Parameters: 1(Long)
2025-12-20 13:52:13.815 DEBUG [http-nio-0.0.0.0-8081-exec-9] c.e.n.m.M.selectStdWord - <==      Total: 1
2025-12-20 13:52:13.816 DEBUG [http-nio-0.0.0.0-8081-exec-9] o.s.w.s.v.ContentNegotiatingViewResolver - Selected 'text/html' given [text/html, application/xhtml+xml, image/avif, image/webp, image/apng, application/xml;q=0.9, */*;q=0.8, application/signed-exchange;v=b3;q=0.7]
2025-12-20 13:52:13.821 DEBUG [http-nio-0.0.0.0-8081-exec-9] o.s.web.servlet.DispatcherServlet - Completed 200 OK
2025-12-20 13:52:13.846 DEBUG [http-nio-0.0.0.0-8081-exec-10] o.s.web.servlet.DispatcherServlet - GET "/css/common.css", parameters={}
2025-12-20 13:52:13.847 DEBUG [http-nio-0.0.0.0-8081-exec-10] o.s.w.s.h.SimpleUrlHandlerMapping - Mapped to ResourceHttpRequestHandler [classpath [META-INF/resources/], classpath [resources/], classpath [static/], classpath [public/], ServletContext [/]]
2025-12-20 13:52:13.847 DEBUG [http-nio-0.0.0.0-8081-exec-1] o.s.web.servlet.DispatcherServlet - GET "/css/std_word_insert.css", parameters={}
2025-12-20 13:52:13.847 DEBUG [http-nio-0.0.0.0-8081-exec-4] o.s.web.servlet.DispatcherServlet - GET "/js/std_update.js", parameters={}
2025-12-20 13:52:13.847 DEBUG [http-nio-0.0.0.0-8081-exec-1] o.s.w.s.h.SimpleUrlHandlerMapping - Mapped to ResourceHttpRequestHandler [classpath [META-INF/resources/], classpath [resources/], classpath [static/], classpath [public/], ServletContext [/]]
2025-12-20 13:52:13.847 DEBUG [http-nio-0.0.0.0-8081-exec-4] o.s.w.s.h.SimpleUrlHandlerMapping - Mapped to ResourceHttpRequestHandler [classpath [META-INF/resources/], classpath [resources/], classpath [static/], classpath [public/], ServletContext [/]]
2025-12-20 13:52:13.849 DEBUG [http-nio-0.0.0.0-8081-exec-10] o.s.web.servlet.DispatcherServlet - Completed 200 OK
2025-12-20 13:52:13.850 DEBUG [http-nio-0.0.0.0-8081-exec-1] o.s.web.servlet.DispatcherServlet - Completed 200 OK
2025-12-20 13:52:13.850 DEBUG [http-nio-0.0.0.0-8081-exec-4] o.s.web.servlet.DispatcherServlet - Completed 200 OK
2025-12-20 13:52:14.038 DEBUG [http-nio-0.0.0.0-8081-exec-3] o.s.web.servlet.DispatcherServlet - GET "/std-word/update?wordId=1", parameters={masked}
2025-12-20 13:52:14.039 DEBUG [http-nio-0.0.0.0-8081-exec-3] o.s.w.s.m.m.a.RequestMappingHandlerMapping - Mapped to com.example.nproject.controller.MetaStdWordController#updateForm(Long, Model)
2025-12-20 13:52:14.039 DEBUG [http-nio-0.0.0.0-8081-exec-3] o.s.jdbc.datasource.DataSourceUtils - Fetching JDBC Connection from DataSource
2025-12-20 13:52:14.039 DEBUG [http-nio-0.0.0.0-8081-exec-3] c.e.n.m.M.selectStdWord - ==>  Preparing: SELECT word_id as wordId, std_word_name as stdWordName, eng_abbr_name as engAbbrName, eng_full_name as engFullName, definition, domain_type as domainType, use_yn as useYn FROM meta_std_word WHERE word_id = ?
2025-12-20 13:52:14.039 DEBUG [http-nio-0.0.0.0-8081-exec-3] c.e.n.m.M.selectStdWord - ==> Parameters: 1(Long)
2025-12-20 13:52:14.048 DEBUG [http-nio-0.0.0.0-8081-exec-3] c.e.n.m.M.selectStdWord - <==      Total: 1
2025-12-20 13:52:14.049 DEBUG [http-nio-0.0.0.0-8081-exec-3] o.s.w.s.v.ContentNegotiatingViewResolver - Selected 'text/html' given [text/html, application/xhtml+xml, image/avif, image/webp, image/apng, application/xml;q=0.9, */*;q=0.8, application/signed-exchange;v=b3;q=0.7]
2025-12-20 13:52:14.054 DEBUG [http-nio-0.0.0.0-8081-exec-3] o.s.web.servlet.DispatcherServlet - Completed 200 OK
2025-12-20 13:52:14.075 DEBUG [http-nio-0.0.0.0-8081-exec-5] o.s.web.servlet.DispatcherServlet - GET "/css/std_word_insert.css", parameters={}
2025-12-20 13:52:14.075 DEBUG [http-nio-0.0.0.0-8081-exec-2] o.s.web.servlet.DispatcherServlet - GET "/css/common.css", parameters={}
2025-12-20 13:52:14.076 DEBUG [http-nio-0.0.0.0-8081-exec-6] o.s.web.servlet.DispatcherServlet - GET "/js/std_update.js", parameters={}
2025-12-20 13:52:14.076 DEBUG [http-nio-0.0.0.0-8081-exec-2] o.s.w.s.h.SimpleUrlHandlerMapping - Mapped to ResourceHttpRequestHandler [classpath [META-INF/resources/], classpath [resources/], classpath [static/], classpath [public/], ServletContext [/]]
2025-12-20 13:52:14.076 DEBUG [http-nio-0.0.0.0-8081-exec-6] o.s.w.s.h.SimpleUrlHandlerMapping - Mapped to ResourceHttpRequestHandler [classpath [META-INF/resources/], classpath [resources/], classpath [static/], classpath [public/], ServletContext [/]]
2025-12-20 13:52:14.076 DEBUG [http-nio-0.0.0.0-8081-exec-5] o.s.w.s.h.SimpleUrlHandlerMapping - Mapped to ResourceHttpRequestHandler [classpath [META-INF/resources/], classpath [resources/], classpath [static/], classpath [public/], ServletContext [/]]
2025-12-20 13:52:14.079 DEBUG [http-nio-0.0.0.0-8081-exec-6] o.s.web.servlet.DispatcherServlet - Completed 200 OK
2025-12-20 13:52:14.079 DEBUG [http-nio-0.0.0.0-8081-exec-2] o.s.web.servlet.DispatcherServlet - Completed 200 OK
2025-12-20 13:52:14.079 DEBUG [http-nio-0.0.0.0-8081-exec-5] o.s.web.servlet.DispatcherServlet - Completed 200 OK
2025-12-20 13:52:20.762 DEBUG [http-nio-0.0.0.0-8081-exec-8] o.s.web.servlet.DispatcherServlet - GET "/std-word/list", parameters={}
2025-12-20 13:52:20.762 DEBUG [http-nio-0.0.0.0-8081-exec-8] o.s.w.s.m.m.a.RequestMappingHandlerMapping - Mapped to com.example.nproject.controller.MetaStdWordController#list(MetaStdWordDto, Model)
2025-12-20 13:52:20.763 DEBUG [http-nio-0.0.0.0-8081-exec-8] o.s.jdbc.datasource.DataSourceUtils - Fetching JDBC Connection from DataSource
2025-12-20 13:52:20.772 DEBUG [http-nio-0.0.0.0-8081-exec-8] c.e.n.m.M.selectStdWordList - ==>  Preparing: SELECT word_id as wordId, std_word_name as stdWordName, eng_abbr_name as engAbbrName, eng_full_name as engFullName, definition, domain_type as domainType, use_yn as useYn FROM meta_std_word ORDER BY word_id LIMIT ? OFFSET ?
2025-12-20 13:52:20.772 DEBUG [http-nio-0.0.0.0-8081-exec-8] c.e.n.m.M.selectStdWordList - ==> Parameters: 10(Integer), 0(Integer)
2025-12-20 13:52:20.784 DEBUG [http-nio-0.0.0.0-8081-exec-8] c.e.n.m.M.selectStdWordList - <==      Total: 10
2025-12-20 13:52:20.784 DEBUG [http-nio-0.0.0.0-8081-exec-8] o.s.jdbc.datasource.DataSourceUtils - Fetching JDBC Connection from DataSource
2025-12-20 13:52:20.784 DEBUG [http-nio-0.0.0.0-8081-exec-8] c.e.n.m.M.countStdWordList - ==>  Preparing: SELECT COUNT(*) FROM meta_std_word
2025-12-20 13:52:20.784 DEBUG [http-nio-0.0.0.0-8081-exec-8] c.e.n.m.M.countStdWordList - ==> Parameters: 
2025-12-20 13:52:20.790 DEBUG [http-nio-0.0.0.0-8081-exec-8] c.e.n.m.M.countStdWordList - <==      Total: 1
2025-12-20 13:52:20.790 DEBUG [http-nio-0.0.0.0-8081-exec-8] o.s.w.s.v.ContentNegotiatingViewResolver - Selected 'text/html' given [text/html, application/xhtml+xml, image/avif, image/webp, image/apng, application/xml;q=0.9, */*;q=0.8, application/signed-exchange;v=b3;q=0.7]
2025-12-20 13:52:20.808 DEBUG [http-nio-0.0.0.0-8081-exec-8] o.s.web.servlet.DispatcherServlet - Completed 200 OK
2025-12-20 13:52:20.831 DEBUG [http-nio-0.0.0.0-8081-exec-7] o.s.web.servlet.DispatcherServlet - GET "/css/common.css", parameters={}
2025-12-20 13:52:20.832 DEBUG [http-nio-0.0.0.0-8081-exec-7] o.s.w.s.h.SimpleUrlHandlerMapping - Mapped to ResourceHttpRequestHandler [classpath [META-INF/resources/], classpath [resources/], classpath [static/], classpath [public/], ServletContext [/]]
2025-12-20 13:52:20.835 DEBUG [http-nio-0.0.0.0-8081-exec-10] o.s.web.servlet.DispatcherServlet - GET "/js/std_word_list.js", parameters={}
2025-12-20 13:52:20.835 DEBUG [http-nio-0.0.0.0-8081-exec-9] o.s.web.servlet.DispatcherServlet - GET "/css/std_word_list.css", parameters={}
2025-12-20 13:52:20.836 DEBUG [http-nio-0.0.0.0-8081-exec-7] o.s.web.servlet.DispatcherServlet - Completed 200 OK
2025-12-20 13:52:20.837 DEBUG [http-nio-0.0.0.0-8081-exec-10] o.s.w.s.h.SimpleUrlHandlerMapping - Mapped to ResourceHttpRequestHandler [classpath [META-INF/resources/], classpath [resources/], classpath [static/], classpath [public/], ServletContext [/]]
2025-12-20 13:52:20.838 DEBUG [http-nio-0.0.0.0-8081-exec-9] o.s.w.s.h.SimpleUrlHandlerMapping - Mapped to ResourceHttpRequestHandler [classpath [META-INF/resources/], classpath [resources/], classpath [static/], classpath [public/], ServletContext [/]]
2025-12-20 13:52:20.840 DEBUG [http-nio-0.0.0.0-8081-exec-10] o.s.web.servlet.DispatcherServlet - Completed 200 OK
2025-12-20 13:52:20.841 DEBUG [http-nio-0.0.0.0-8081-exec-9] o.s.web.servlet.DispatcherServlet - Completed 200 OK
2025-12-20 13:52:22.033 DEBUG [http-nio-0.0.0.0-8081-exec-1] o.s.web.servlet.DispatcherServlet - GET "/std-word/update?wordId=4", parameters={masked}
2025-12-20 13:52:22.033 DEBUG [http-nio-0.0.0.0-8081-exec-1] o.s.w.s.m.m.a.RequestMappingHandlerMapping - Mapped to com.example.nproject.controller.MetaStdWordController#updateForm(Long, Model)
2025-12-20 13:52:22.034 DEBUG [http-nio-0.0.0.0-8081-exec-1] o.s.jdbc.datasource.DataSourceUtils - Fetching JDBC Connection from DataSource
2025-12-20 13:52:22.048 DEBUG [http-nio-0.0.0.0-8081-exec-1] c.e.n.m.M.selectStdWord - ==>  Preparing: SELECT word_id as wordId, std_word_name as stdWordName, eng_abbr_name as engAbbrName, eng_full_name as engFullName, definition, domain_type as domainType, use_yn as useYn FROM meta_std_word WHERE word_id = ?
2025-12-20 13:52:22.048 DEBUG [http-nio-0.0.0.0-8081-exec-1] c.e.n.m.M.selectStdWord - ==> Parameters: 4(Long)
2025-12-20 13:52:22.056 DEBUG [http-nio-0.0.0.0-8081-exec-1] c.e.n.m.M.selectStdWord - <==      Total: 1
2025-12-20 13:52:22.058 DEBUG [http-nio-0.0.0.0-8081-exec-1] o.s.w.s.v.ContentNegotiatingViewResolver - Selected 'text/html' given [text/html, application/xhtml+xml, image/avif, image/webp, image/apng, application/xml;q=0.9, */*;q=0.8, application/signed-exchange;v=b3;q=0.7]
2025-12-20 13:52:22.064 DEBUG [http-nio-0.0.0.0-8081-exec-1] o.s.web.servlet.DispatcherServlet - Completed 200 OK
2025-12-20 13:52:22.076 DEBUG [http-nio-0.0.0.0-8081-exec-4] o.s.web.servlet.DispatcherServlet - GET "/css/common.css", parameters={}
2025-12-20 13:52:22.076 DEBUG [http-nio-0.0.0.0-8081-exec-6] o.s.web.servlet.DispatcherServlet - GET "/js/std_update.js", parameters={}
2025-12-20 13:52:22.076 DEBUG [http-nio-0.0.0.0-8081-exec-3] o.s.web.servlet.DispatcherServlet - GET "/css/std_word_insert.css", parameters={}
2025-12-20 13:52:22.077 DEBUG [http-nio-0.0.0.0-8081-exec-3] o.s.w.s.h.SimpleUrlHandlerMapping - Mapped to ResourceHttpRequestHandler [classpath [META-INF/resources/], classpath [resources/], classpath [static/], classpath [public/], ServletContext [/]]
2025-12-20 13:52:22.077 DEBUG [http-nio-0.0.0.0-8081-exec-4] o.s.w.s.h.SimpleUrlHandlerMapping - Mapped to ResourceHttpRequestHandler [classpath [META-INF/resources/], classpath [resources/], classpath [static/], classpath [public/], ServletContext [/]]
2025-12-20 13:52:22.078 DEBUG [http-nio-0.0.0.0-8081-exec-6] o.s.w.s.h.SimpleUrlHandlerMapping - Mapped to ResourceHttpRequestHandler [classpath [META-INF/resources/], classpath [resources/], classpath [static/], classpath [public/], ServletContext [/]]
2025-12-20 13:52:22.081 DEBUG [http-nio-0.0.0.0-8081-exec-3] o.s.web.servlet.DispatcherServlet - Completed 200 OK
2025-12-20 13:52:22.081 DEBUG [http-nio-0.0.0.0-8081-exec-4] o.s.web.servlet.DispatcherServlet - Completed 200 OK
2025-12-20 13:52:22.082 DEBUG [http-nio-0.0.0.0-8081-exec-6] o.s.web.servlet.DispatcherServlet - Completed 200 OK
2025-12-20 13:52:24.825 DEBUG [http-nio-0.0.0.0-8081-exec-5] o.s.web.servlet.DispatcherServlet - GET "/std-word/update?wordId=5", parameters={masked}
2025-12-20 13:52:24.825 DEBUG [http-nio-0.0.0.0-8081-exec-5] o.s.w.s.m.m.a.RequestMappingHandlerMapping - Mapped to com.example.nproject.controller.MetaStdWordController#updateForm(Long, Model)
2025-12-20 13:52:24.826 DEBUG [http-nio-0.0.0.0-8081-exec-5] o.s.jdbc.datasource.DataSourceUtils - Fetching JDBC Connection from DataSource
2025-12-20 13:52:24.833 DEBUG [http-nio-0.0.0.0-8081-exec-5] c.e.n.m.M.selectStdWord - ==>  Preparing: SELECT word_id as wordId, std_word_name as stdWordName, eng_abbr_name as engAbbrName, eng_full_name as engFullName, definition, domain_type as domainType, use_yn as useYn FROM meta_std_word WHERE word_id = ?
2025-12-20 13:52:24.834 DEBUG [http-nio-0.0.0.0-8081-exec-5] c.e.n.m.M.selectStdWord - ==> Parameters: 5(Long)
2025-12-20 13:52:24.842 DEBUG [http-nio-0.0.0.0-8081-exec-5] c.e.n.m.M.selectStdWord - <==      Total: 1
2025-12-20 13:52:24.843 DEBUG [http-nio-0.0.0.0-8081-exec-5] o.s.w.s.v.ContentNegotiatingViewResolver - Selected 'text/html' given [text/html, application/xhtml+xml, image/avif, image/webp, image/apng, application/xml;q=0.9, */*;q=0.8, application/signed-exchange;v=b3;q=0.7]
2025-12-20 13:52:24.848 DEBUG [http-nio-0.0.0.0-8081-exec-5] o.s.web.servlet.DispatcherServlet - Completed 200 OK
2025-12-20 13:52:24.864 DEBUG [http-nio-0.0.0.0-8081-exec-2] o.s.web.servlet.DispatcherServlet - GET "/css/common.css", parameters={}
2025-12-20 13:52:24.867 DEBUG [http-nio-0.0.0.0-8081-exec-2] o.s.w.s.h.SimpleUrlHandlerMapping - Mapped to ResourceHttpRequestHandler [classpath [META-INF/resources/], classpath [resources/], classpath [static/], classpath [public/], ServletContext [/]]
2025-12-20 13:52:24.866 DEBUG [http-nio-0.0.0.0-8081-exec-8] o.s.web.servlet.DispatcherServlet - GET "/css/std_word_insert.css", parameters={}
2025-12-20 13:52:24.867 DEBUG [http-nio-0.0.0.0-8081-exec-7] o.s.web.servlet.DispatcherServlet - GET "/js/std_update.js", parameters={}
2025-12-20 13:52:24.867 DEBUG [http-nio-0.0.0.0-8081-exec-7] o.s.w.s.h.SimpleUrlHandlerMapping - Mapped to ResourceHttpRequestHandler [classpath [META-INF/resources/], classpath [resources/], classpath [static/], classpath [public/], ServletContext [/]]
2025-12-20 13:52:24.867 DEBUG [http-nio-0.0.0.0-8081-exec-8] o.s.w.s.h.SimpleUrlHandlerMapping - Mapped to ResourceHttpRequestHandler [classpath [META-INF/resources/], classpath [resources/], classpath [static/], classpath [public/], ServletContext [/]]
2025-12-20 13:52:24.869 DEBUG [http-nio-0.0.0.0-8081-exec-2] o.s.web.servlet.DispatcherServlet - Completed 200 OK
2025-12-20 13:52:24.869 DEBUG [http-nio-0.0.0.0-8081-exec-8] o.s.web.servlet.DispatcherServlet - Completed 200 OK
2025-12-20 13:52:24.869 DEBUG [http-nio-0.0.0.0-8081-exec-7] o.s.web.servlet.DispatcherServlet - Completed 200 OK
2025-12-20 13:52:25.034 DEBUG [http-nio-0.0.0.0-8081-exec-10] o.s.web.servlet.DispatcherServlet - GET "/std-word/update?wordId=5", parameters={masked}
2025-12-20 13:52:25.034 DEBUG [http-nio-0.0.0.0-8081-exec-10] o.s.w.s.m.m.a.RequestMappingHandlerMapping - Mapped to com.example.nproject.controller.MetaStdWordController#updateForm(Long, Model)
2025-12-20 13:52:25.035 DEBUG [http-nio-0.0.0.0-8081-exec-10] o.s.jdbc.datasource.DataSourceUtils - Fetching JDBC Connection from DataSource
2025-12-20 13:52:25.036 DEBUG [http-nio-0.0.0.0-8081-exec-10] c.e.n.m.M.selectStdWord - ==>  Preparing: SELECT word_id as wordId, std_word_name as stdWordName, eng_abbr_name as engAbbrName, eng_full_name as engFullName, definition, domain_type as domainType, use_yn as useYn FROM meta_std_word WHERE word_id = ?
2025-12-20 13:52:25.036 DEBUG [http-nio-0.0.0.0-8081-exec-10] c.e.n.m.M.selectStdWord - ==> Parameters: 5(Long)
2025-12-20 13:52:25.044 DEBUG [http-nio-0.0.0.0-8081-exec-10] c.e.n.m.M.selectStdWord - <==      Total: 1
2025-12-20 13:52:25.045 DEBUG [http-nio-0.0.0.0-8081-exec-10] o.s.w.s.v.ContentNegotiatingViewResolver - Selected 'text/html' given [text/html, application/xhtml+xml, image/avif, image/webp, image/apng, application/xml;q=0.9, */*;q=0.8, application/signed-exchange;v=b3;q=0.7]
2025-12-20 13:52:25.049 DEBUG [http-nio-0.0.0.0-8081-exec-10] o.s.web.servlet.DispatcherServlet - Completed 200 OK
2025-12-20 13:52:25.070 DEBUG [http-nio-0.0.0.0-8081-exec-9] o.s.web.servlet.DispatcherServlet - GET "/css/common.css", parameters={}
2025-12-20 13:52:25.070 DEBUG [http-nio-0.0.0.0-8081-exec-9] o.s.w.s.h.SimpleUrlHandlerMapping - Mapped to ResourceHttpRequestHandler [classpath [META-INF/resources/], classpath [resources/], classpath [static/], classpath [public/], ServletContext [/]]
2025-12-20 13:52:25.071 DEBUG [http-nio-0.0.0.0-8081-exec-1] o.s.web.servlet.DispatcherServlet - GET "/css/std_word_insert.css", parameters={}
2025-12-20 13:52:25.071 DEBUG [http-nio-0.0.0.0-8081-exec-3] o.s.web.servlet.DispatcherServlet - GET "/js/std_update.js", parameters={}
2025-12-20 13:52:25.071 DEBUG [http-nio-0.0.0.0-8081-exec-1] o.s.w.s.h.SimpleUrlHandlerMapping - Mapped to ResourceHttpRequestHandler [classpath [META-INF/resources/], classpath [resources/], classpath [static/], classpath [public/], ServletContext [/]]
2025-12-20 13:52:25.071 DEBUG [http-nio-0.0.0.0-8081-exec-3] o.s.w.s.h.SimpleUrlHandlerMapping - Mapped to ResourceHttpRequestHandler [classpath [META-INF/resources/], classpath [resources/], classpath [static/], classpath [public/], ServletContext [/]]
2025-12-20 13:52:25.072 DEBUG [http-nio-0.0.0.0-8081-exec-9] o.s.web.servlet.DispatcherServlet - Completed 200 OK
2025-12-20 13:52:25.073 DEBUG [http-nio-0.0.0.0-8081-exec-3] o.s.web.servlet.DispatcherServlet - Completed 200 OK
2025-12-20 13:52:25.073 DEBUG [http-nio-0.0.0.0-8081-exec-1] o.s.web.servlet.DispatcherServlet - Completed 200 OK
2025-12-20 13:52:25.639 DEBUG [http-nio-0.0.0.0-8081-exec-4] o.s.web.servlet.DispatcherServlet - GET "/std-word/update?wordId=4", parameters={masked}
2025-12-20 13:52:25.639 DEBUG [http-nio-0.0.0.0-8081-exec-4] o.s.w.s.m.m.a.RequestMappingHandlerMapping - Mapped to com.example.nproject.controller.MetaStdWordController#updateForm(Long, Model)
2025-12-20 13:52:25.639 DEBUG [http-nio-0.0.0.0-8081-exec-4] o.s.jdbc.datasource.DataSourceUtils - Fetching JDBC Connection from DataSource
2025-12-20 13:52:25.647 DEBUG [http-nio-0.0.0.0-8081-exec-4] c.e.n.m.M.selectStdWord - ==>  Preparing: SELECT word_id as wordId, std_word_name as stdWordName, eng_abbr_name as engAbbrName, eng_full_name as engFullName, definition, domain_type as domainType, use_yn as useYn FROM meta_std_word WHERE word_id = ?
2025-12-20 13:52:25.647 DEBUG [http-nio-0.0.0.0-8081-exec-4] c.e.n.m.M.selectStdWord - ==> Parameters: 4(Long)
2025-12-20 13:52:25.656 DEBUG [http-nio-0.0.0.0-8081-exec-4] c.e.n.m.M.selectStdWord - <==      Total: 1
2025-12-20 13:52:25.657 DEBUG [http-nio-0.0.0.0-8081-exec-4] o.s.w.s.v.ContentNegotiatingViewResolver - Selected 'text/html' given [text/html, application/xhtml+xml, image/avif, image/webp, image/apng, application/xml;q=0.9, */*;q=0.8, application/signed-exchange;v=b3;q=0.7]
2025-12-20 13:52:25.661 DEBUG [http-nio-0.0.0.0-8081-exec-4] o.s.web.servlet.DispatcherServlet - Completed 200 OK
2025-12-20 13:52:25.677 DEBUG [http-nio-0.0.0.0-8081-exec-6] o.s.web.servlet.DispatcherServlet - GET "/css/common.css", parameters={}
2025-12-20 13:52:25.678 DEBUG [http-nio-0.0.0.0-8081-exec-5] o.s.web.servlet.DispatcherServlet - GET "/css/std_word_insert.css", parameters={}
2025-12-20 13:52:25.678 DEBUG [http-nio-0.0.0.0-8081-exec-6] o.s.w.s.h.SimpleUrlHandlerMapping - Mapped to ResourceHttpRequestHandler [classpath [META-INF/resources/], classpath [resources/], classpath [static/], classpath [public/], ServletContext [/]]
2025-12-20 13:52:25.678 DEBUG [http-nio-0.0.0.0-8081-exec-7] o.s.web.servlet.DispatcherServlet - GET "/js/std_update.js", parameters={}
2025-12-20 13:52:25.678 DEBUG [http-nio-0.0.0.0-8081-exec-5] o.s.w.s.h.SimpleUrlHandlerMapping - Mapped to ResourceHttpRequestHandler [classpath [META-INF/resources/], classpath [resources/], classpath [static/], classpath [public/], ServletContext [/]]
2025-12-20 13:52:25.678 DEBUG [http-nio-0.0.0.0-8081-exec-7] o.s.w.s.h.SimpleUrlHandlerMapping - Mapped to ResourceHttpRequestHandler [classpath [META-INF/resources/], classpath [resources/], classpath [static/], classpath [public/], ServletContext [/]]
2025-12-20 13:52:25.680 DEBUG [http-nio-0.0.0.0-8081-exec-5] o.s.web.servlet.DispatcherServlet - Completed 200 OK
2025-12-20 13:52:25.680 DEBUG [http-nio-0.0.0.0-8081-exec-6] o.s.web.servlet.DispatcherServlet - Completed 200 OK
2025-12-20 13:52:25.681 DEBUG [http-nio-0.0.0.0-8081-exec-7] o.s.web.servlet.DispatcherServlet - Completed 200 OK
2025-12-20 13:52:25.863 DEBUG [http-nio-0.0.0.0-8081-exec-2] o.s.web.servlet.DispatcherServlet - GET "/std-word/update?wordId=4", parameters={masked}
2025-12-20 13:52:25.864 DEBUG [http-nio-0.0.0.0-8081-exec-2] o.s.w.s.m.m.a.RequestMappingHandlerMapping - Mapped to com.example.nproject.controller.MetaStdWordController#updateForm(Long, Model)
2025-12-20 13:52:25.864 DEBUG [http-nio-0.0.0.0-8081-exec-2] o.s.jdbc.datasource.DataSourceUtils - Fetching JDBC Connection from DataSource
2025-12-20 13:52:25.864 DEBUG [http-nio-0.0.0.0-8081-exec-2] c.e.n.m.M.selectStdWord - ==>  Preparing: SELECT word_id as wordId, std_word_name as stdWordName, eng_abbr_name as engAbbrName, eng_full_name as engFullName, definition, domain_type as domainType, use_yn as useYn FROM meta_std_word WHERE word_id = ?
2025-12-20 13:52:25.864 DEBUG [http-nio-0.0.0.0-8081-exec-2] c.e.n.m.M.selectStdWord - ==> Parameters: 4(Long)
2025-12-20 13:52:25.877 DEBUG [http-nio-0.0.0.0-8081-exec-2] c.e.n.m.M.selectStdWord - <==      Total: 1
2025-12-20 13:52:25.878 DEBUG [http-nio-0.0.0.0-8081-exec-2] o.s.w.s.v.ContentNegotiatingViewResolver - Selected 'text/html' given [text/html, application/xhtml+xml, image/avif, image/webp, image/apng, application/xml;q=0.9, */*;q=0.8, application/signed-exchange;v=b3;q=0.7]
2025-12-20 13:52:25.883 DEBUG [http-nio-0.0.0.0-8081-exec-2] o.s.web.servlet.DispatcherServlet - Completed 200 OK
2025-12-20 13:52:25.900 DEBUG [http-nio-0.0.0.0-8081-exec-8] o.s.web.servlet.DispatcherServlet - GET "/css/common.css", parameters={}
2025-12-20 13:52:25.901 DEBUG [http-nio-0.0.0.0-8081-exec-8] o.s.w.s.h.SimpleUrlHandlerMapping - Mapped to ResourceHttpRequestHandler [classpath [META-INF/resources/], classpath [resources/], classpath [static/], classpath [public/], ServletContext [/]]
2025-12-20 13:52:25.902 DEBUG [http-nio-0.0.0.0-8081-exec-10] o.s.web.servlet.DispatcherServlet - GET "/css/std_word_insert.css", parameters={}
2025-12-20 13:52:25.902 DEBUG [http-nio-0.0.0.0-8081-exec-9] o.s.web.servlet.DispatcherServlet - GET "/js/std_update.js", parameters={}
2025-12-20 13:52:25.903 DEBUG [http-nio-0.0.0.0-8081-exec-9] o.s.w.s.h.SimpleUrlHandlerMapping - Mapped to ResourceHttpRequestHandler [classpath [META-INF/resources/], classpath [resources/], classpath [static/], classpath [public/], ServletContext [/]]
2025-12-20 13:52:25.903 DEBUG [http-nio-0.0.0.0-8081-exec-10] o.s.w.s.h.SimpleUrlHandlerMapping - Mapped to ResourceHttpRequestHandler [classpath [META-INF/resources/], classpath [resources/], classpath [static/], classpath [public/], ServletContext [/]]
2025-12-20 13:52:25.903 DEBUG [http-nio-0.0.0.0-8081-exec-8] o.s.web.servlet.DispatcherServlet - Completed 200 OK
2025-12-20 13:52:25.905 DEBUG [http-nio-0.0.0.0-8081-exec-10] o.s.web.servlet.DispatcherServlet - Completed 200 OK
2025-12-20 13:52:25.905 DEBUG [http-nio-0.0.0.0-8081-exec-9] o.s.web.servlet.DispatcherServlet - Completed 200 OK
2025-12-20 13:52:33.716 DEBUG [http-nio-0.0.0.0-8081-exec-3] o.s.web.servlet.DispatcherServlet - GET "/std-word/list?size=10&stdWordName=%EC%82%AC%EB%9E%91", parameters={masked}
2025-12-20 13:52:33.717 DEBUG [http-nio-0.0.0.0-8081-exec-3] o.s.w.s.m.m.a.RequestMappingHandlerMapping - Mapped to com.example.nproject.controller.MetaStdWordController#list(MetaStdWordDto, Model)
2025-12-20 13:52:33.718 DEBUG [http-nio-0.0.0.0-8081-exec-3] o.s.jdbc.datasource.DataSourceUtils - Fetching JDBC Connection from DataSource
2025-12-20 13:52:33.725 DEBUG [http-nio-0.0.0.0-8081-exec-3] c.e.n.m.M.selectStdWordList - ==>  Preparing: SELECT word_id as wordId, std_word_name as stdWordName, eng_abbr_name as engAbbrName, eng_full_name as engFullName, definition, domain_type as domainType, use_yn as useYn FROM meta_std_word WHERE std_word_name LIKE '%' || ? || '%' ORDER BY word_id LIMIT ? OFFSET ?
2025-12-20 13:52:33.726 DEBUG [http-nio-0.0.0.0-8081-exec-3] c.e.n.m.M.selectStdWordList - ==> Parameters: 사랑(String), 10(Integer), 0(Integer)
2025-12-20 13:52:33.737 DEBUG [http-nio-0.0.0.0-8081-exec-3] c.e.n.m.M.selectStdWordList - <==      Total: 1
2025-12-20 13:52:33.737 DEBUG [http-nio-0.0.0.0-8081-exec-3] o.s.jdbc.datasource.DataSourceUtils - Fetching JDBC Connection from DataSource
2025-12-20 13:52:33.737 DEBUG [http-nio-0.0.0.0-8081-exec-3] c.e.n.m.M.countStdWordList - ==>  Preparing: SELECT COUNT(*) FROM meta_std_word WHERE std_word_name LIKE '%' || ? || '%'
2025-12-20 13:52:33.737 DEBUG [http-nio-0.0.0.0-8081-exec-3] c.e.n.m.M.countStdWordList - ==> Parameters: 사랑(String)
2025-12-20 13:52:33.746 DEBUG [http-nio-0.0.0.0-8081-exec-3] c.e.n.m.M.countStdWordList - <==      Total: 1
2025-12-20 13:52:33.747 DEBUG [http-nio-0.0.0.0-8081-exec-3] o.s.w.s.v.ContentNegotiatingViewResolver - Selected 'text/html' given [text/html, application/xhtml+xml, image/avif, image/webp, image/apng, application/xml;q=0.9, */*;q=0.8, application/signed-exchange;v=b3;q=0.7]
2025-12-20 13:52:33.752 DEBUG [http-nio-0.0.0.0-8081-exec-3] o.s.web.servlet.DispatcherServlet - Completed 200 OK
2025-12-20 13:52:33.767 DEBUG [http-nio-0.0.0.0-8081-exec-1] o.s.web.servlet.DispatcherServlet - GET "/css/common.css", parameters={}
2025-12-20 13:52:33.767 DEBUG [http-nio-0.0.0.0-8081-exec-1] o.s.w.s.h.SimpleUrlHandlerMapping - Mapped to ResourceHttpRequestHandler [classpath [META-INF/resources/], classpath [resources/], classpath [static/], classpath [public/], ServletContext [/]]
2025-12-20 13:52:33.769 DEBUG [http-nio-0.0.0.0-8081-exec-5] o.s.web.servlet.DispatcherServlet - GET "/js/std_word_list.js", parameters={}
2025-12-20 13:52:33.769 DEBUG [http-nio-0.0.0.0-8081-exec-4] o.s.web.servlet.DispatcherServlet - GET "/css/std_word_list.css", parameters={}
2025-12-20 13:52:33.769 DEBUG [http-nio-0.0.0.0-8081-exec-5] o.s.w.s.h.SimpleUrlHandlerMapping - Mapped to ResourceHttpRequestHandler [classpath [META-INF/resources/], classpath [resources/], classpath [static/], classpath [public/], ServletContext [/]]
2025-12-20 13:52:33.769 DEBUG [http-nio-0.0.0.0-8081-exec-4] o.s.w.s.h.SimpleUrlHandlerMapping - Mapped to ResourceHttpRequestHandler [classpath [META-INF/resources/], classpath [resources/], classpath [static/], classpath [public/], ServletContext [/]]
2025-12-20 13:52:33.769 DEBUG [http-nio-0.0.0.0-8081-exec-1] o.s.web.servlet.DispatcherServlet - Completed 200 OK
2025-12-20 13:52:33.771 DEBUG [http-nio-0.0.0.0-8081-exec-5] o.s.web.servlet.DispatcherServlet - Completed 200 OK
2025-12-20 13:52:33.771 DEBUG [http-nio-0.0.0.0-8081-exec-4] o.s.web.servlet.DispatcherServlet - Completed 200 OK
2025-12-20 13:52:34.611 DEBUG [http-nio-0.0.0.0-8081-exec-6] o.s.web.servlet.DispatcherServlet - GET "/std-word/update?wordId=766", parameters={masked}
2025-12-20 13:52:34.611 DEBUG [http-nio-0.0.0.0-8081-exec-6] o.s.w.s.m.m.a.RequestMappingHandlerMapping - Mapped to com.example.nproject.controller.MetaStdWordController#updateForm(Long, Model)
2025-12-20 13:52:34.612 DEBUG [http-nio-0.0.0.0-8081-exec-6] o.s.jdbc.datasource.DataSourceUtils - Fetching JDBC Connection from DataSource
2025-12-20 13:52:34.619 DEBUG [http-nio-0.0.0.0-8081-exec-6] c.e.n.m.M.selectStdWord - ==>  Preparing: SELECT word_id as wordId, std_word_name as stdWordName, eng_abbr_name as engAbbrName, eng_full_name as engFullName, definition, domain_type as domainType, use_yn as useYn FROM meta_std_word WHERE word_id = ?
2025-12-20 13:52:34.619 DEBUG [http-nio-0.0.0.0-8081-exec-6] c.e.n.m.M.selectStdWord - ==> Parameters: 766(Long)
2025-12-20 13:52:34.627 DEBUG [http-nio-0.0.0.0-8081-exec-6] c.e.n.m.M.selectStdWord - <==      Total: 1
2025-12-20 13:52:34.628 DEBUG [http-nio-0.0.0.0-8081-exec-6] o.s.w.s.v.ContentNegotiatingViewResolver - Selected 'text/html' given [text/html, application/xhtml+xml, image/avif, image/webp, image/apng, application/xml;q=0.9, */*;q=0.8, application/signed-exchange;v=b3;q=0.7]
2025-12-20 13:52:34.632 DEBUG [http-nio-0.0.0.0-8081-exec-6] o.s.web.servlet.DispatcherServlet - Completed 200 OK
2025-12-20 13:52:34.647 DEBUG [http-nio-0.0.0.0-8081-exec-7] o.s.web.servlet.DispatcherServlet - GET "/css/common.css", parameters={}
2025-12-20 13:52:34.648 DEBUG [http-nio-0.0.0.0-8081-exec-2] o.s.web.servlet.DispatcherServlet - GET "/css/std_word_insert.css", parameters={}
2025-12-20 13:52:34.648 DEBUG [http-nio-0.0.0.0-8081-exec-8] o.s.web.servlet.DispatcherServlet - GET "/js/std_update.js", parameters={}
2025-12-20 13:52:34.648 DEBUG [http-nio-0.0.0.0-8081-exec-7] o.s.w.s.h.SimpleUrlHandlerMapping - Mapped to ResourceHttpRequestHandler [classpath [META-INF/resources/], classpath [resources/], classpath [static/], classpath [public/], ServletContext [/]]
2025-12-20 13:52:34.648 DEBUG [http-nio-0.0.0.0-8081-exec-8] o.s.w.s.h.SimpleUrlHandlerMapping - Mapped to ResourceHttpRequestHandler [classpath [META-INF/resources/], classpath [resources/], classpath [static/], classpath [public/], ServletContext [/]]
2025-12-20 13:52:34.648 DEBUG [http-nio-0.0.0.0-8081-exec-2] o.s.w.s.h.SimpleUrlHandlerMapping - Mapped to ResourceHttpRequestHandler [classpath [META-INF/resources/], classpath [resources/], classpath [static/], classpath [public/], ServletContext [/]]
2025-12-20 13:52:34.650 DEBUG [http-nio-0.0.0.0-8081-exec-7] o.s.web.servlet.DispatcherServlet - Completed 200 OK
2025-12-20 13:52:34.650 DEBUG [http-nio-0.0.0.0-8081-exec-8] o.s.web.servlet.DispatcherServlet - Completed 200 OK
2025-12-20 13:52:34.650 DEBUG [http-nio-0.0.0.0-8081-exec-2] o.s.web.servlet.DispatcherServlet - Completed 200 OK
2025-12-20 13:53:00.770 DEBUG [http-nio-0.0.0.0-8081-exec-10] o.s.web.servlet.DispatcherServlet - POST "/std-word/update", parameters={}
2025-12-20 13:53:00.770 DEBUG [http-nio-0.0.0.0-8081-exec-10] o.s.w.s.m.m.a.RequestMappingHandlerMapping - Mapped to com.example.nproject.controller.MetaStdWordController#update(MetaStdWordDto)
2025-12-20 13:53:00.813 DEBUG [http-nio-0.0.0.0-8081-exec-10] o.s.w.s.m.m.a.RequestResponseBodyMethodProcessor - Read "application/json;charset=UTF-8" to [com.example.nproject.dto.MetaStdWordDto@3f85d6f6]
2025-12-20 13:53:00.813 DEBUG [http-nio-0.0.0.0-8081-exec-10] o.s.jdbc.datasource.DataSourceUtils - Fetching JDBC Connection from DataSource
2025-12-20 13:53:00.828 DEBUG [http-nio-0.0.0.0-8081-exec-10] c.e.n.m.M.updateStdWord - ==>  Preparing: UPDATE meta_std_word SET std_word_name = ?, eng_abbr_name = ?, eng_full_name = ?, definition = ?, domain_type = ?, use_yn = ? WHERE word_id = ?
2025-12-20 13:53:00.829 DEBUG [http-nio-0.0.0.0-8081-exec-10] c.e.n.m.M.updateStdWord - ==> Parameters: 사랑이별(String), SSSS(String), LOVE(String), TEST 사랑(String), TEST(String), Y(String), 766(Integer)
2025-12-20 13:53:00.844 DEBUG [http-nio-0.0.0.0-8081-exec-10] c.e.n.m.M.updateStdWord - <==    Updates: 1
2025-12-20 13:53:00.848 DEBUG [http-nio-0.0.0.0-8081-exec-10] o.s.w.s.m.m.a.RequestResponseBodyMethodProcessor - Using 'text/plain', given [*/*] and supported [text/plain, */*, application/json, application/*+json]
2025-12-20 13:53:00.848 DEBUG [http-nio-0.0.0.0-8081-exec-10] o.s.w.s.m.m.a.RequestResponseBodyMethodProcessor - Writing ["SUCCESS"]
2025-12-20 13:53:00.849 DEBUG [http-nio-0.0.0.0-8081-exec-10] o.s.web.servlet.DispatcherServlet - Completed 200 OK
2025-12-20 13:53:02.129 DEBUG [http-nio-0.0.0.0-8081-exec-9] o.s.web.servlet.DispatcherServlet - GET "/std-word/list?size=10&stdWordName=%EC%82%AC%EB%9E%91", parameters={masked}
2025-12-20 13:53:02.130 DEBUG [http-nio-0.0.0.0-8081-exec-9] o.s.w.s.m.m.a.RequestMappingHandlerMapping - Mapped to com.example.nproject.controller.MetaStdWordController#list(MetaStdWordDto, Model)
2025-12-20 13:53:02.131 DEBUG [http-nio-0.0.0.0-8081-exec-9] o.s.jdbc.datasource.DataSourceUtils - Fetching JDBC Connection from DataSource
2025-12-20 13:53:02.139 DEBUG [http-nio-0.0.0.0-8081-exec-9] c.e.n.m.M.selectStdWordList - ==>  Preparing: SELECT word_id as wordId, std_word_name as stdWordName, eng_abbr_name as engAbbrName, eng_full_name as engFullName, definition, domain_type as domainType, use_yn as useYn FROM meta_std_word WHERE std_word_name LIKE '%' || ? || '%' ORDER BY word_id LIMIT ? OFFSET ?
2025-12-20 13:53:02.140 DEBUG [http-nio-0.0.0.0-8081-exec-9] c.e.n.m.M.selectStdWordList - ==> Parameters: 사랑(String), 10(Integer), 0(Integer)
2025-12-20 13:53:02.148 DEBUG [http-nio-0.0.0.0-8081-exec-9] c.e.n.m.M.selectStdWordList - <==      Total: 1
2025-12-20 13:53:02.149 DEBUG [http-nio-0.0.0.0-8081-exec-9] o.s.jdbc.datasource.DataSourceUtils - Fetching JDBC Connection from DataSource
2025-12-20 13:53:02.150 DEBUG [http-nio-0.0.0.0-8081-exec-9] c.e.n.m.M.countStdWordList - ==>  Preparing: SELECT COUNT(*) FROM meta_std_word WHERE std_word_name LIKE '%' || ? || '%'
2025-12-20 13:53:02.150 DEBUG [http-nio-0.0.0.0-8081-exec-9] c.e.n.m.M.countStdWordList - ==> Parameters: 사랑(String)
2025-12-20 13:53:02.158 DEBUG [http-nio-0.0.0.0-8081-exec-9] c.e.n.m.M.countStdWordList - <==      Total: 1
2025-12-20 13:53:02.159 DEBUG [http-nio-0.0.0.0-8081-exec-9] o.s.w.s.v.ContentNegotiatingViewResolver - Selected 'text/html' given [text/html, application/xhtml+xml, image/avif, image/webp, image/apng, application/xml;q=0.9, */*;q=0.8, application/signed-exchange;v=b3;q=0.7]
2025-12-20 13:53:02.164 DEBUG [http-nio-0.0.0.0-8081-exec-9] o.s.web.servlet.DispatcherServlet - Completed 200 OK
2025-12-20 13:53:02.196 DEBUG [http-nio-0.0.0.0-8081-exec-3] o.s.web.servlet.DispatcherServlet - GET "/css/common.css", parameters={}
2025-12-20 13:53:02.197 DEBUG [http-nio-0.0.0.0-8081-exec-3] o.s.w.s.h.SimpleUrlHandlerMapping - Mapped to ResourceHttpRequestHandler [classpath [META-INF/resources/], classpath [resources/], classpath [static/], classpath [public/], ServletContext [/]]
2025-12-20 13:53:02.198 DEBUG [http-nio-0.0.0.0-8081-exec-1] o.s.web.servlet.DispatcherServlet - GET "/css/std_word_list.css", parameters={}
2025-12-20 13:53:02.198 DEBUG [http-nio-0.0.0.0-8081-exec-4] o.s.web.servlet.DispatcherServlet - GET "/js/std_word_list.js", parameters={}
2025-12-20 13:53:02.198 DEBUG [http-nio-0.0.0.0-8081-exec-3] o.s.web.servlet.DispatcherServlet - Completed 200 OK
2025-12-20 13:53:02.198 DEBUG [http-nio-0.0.0.0-8081-exec-1] o.s.w.s.h.SimpleUrlHandlerMapping - Mapped to ResourceHttpRequestHandler [classpath [META-INF/resources/], classpath [resources/], classpath [static/], classpath [public/], ServletContext [/]]
2025-12-20 13:53:02.198 DEBUG [http-nio-0.0.0.0-8081-exec-4] o.s.w.s.h.SimpleUrlHandlerMapping - Mapped to ResourceHttpRequestHandler [classpath [META-INF/resources/], classpath [resources/], classpath [static/], classpath [public/], ServletContext [/]]
2025-12-20 13:53:02.201 DEBUG [http-nio-0.0.0.0-8081-exec-4] o.s.web.servlet.DispatcherServlet - Completed 200 OK
2025-12-20 13:53:02.201 DEBUG [http-nio-0.0.0.0-8081-exec-1] o.s.web.servlet.DispatcherServlet - Completed 200 OK
2025-12-20 13:53:03.559 DEBUG [http-nio-0.0.0.0-8081-exec-5] o.s.web.servlet.DispatcherServlet - GET "/std-word/update?wordId=766", parameters={masked}
2025-12-20 13:53:03.559 DEBUG [http-nio-0.0.0.0-8081-exec-5] o.s.w.s.m.m.a.RequestMappingHandlerMapping - Mapped to com.example.nproject.controller.MetaStdWordController#updateForm(Long, Model)
2025-12-20 13:53:03.561 DEBUG [http-nio-0.0.0.0-8081-exec-5] o.s.jdbc.datasource.DataSourceUtils - Fetching JDBC Connection from DataSource
2025-12-20 13:53:03.583 DEBUG [http-nio-0.0.0.0-8081-exec-5] c.e.n.m.M.selectStdWord - ==>  Preparing: SELECT word_id as wordId, std_word_name as stdWordName, eng_abbr_name as engAbbrName, eng_full_name as engFullName, definition, domain_type as domainType, use_yn as useYn FROM meta_std_word WHERE word_id = ?
2025-12-20 13:53:03.583 DEBUG [http-nio-0.0.0.0-8081-exec-5] c.e.n.m.M.selectStdWord - ==> Parameters: 766(Long)
2025-12-20 13:53:03.592 DEBUG [http-nio-0.0.0.0-8081-exec-5] c.e.n.m.M.selectStdWord - <==      Total: 1
2025-12-20 13:53:03.593 DEBUG [http-nio-0.0.0.0-8081-exec-5] o.s.w.s.v.ContentNegotiatingViewResolver - Selected 'text/html' given [text/html, application/xhtml+xml, image/avif, image/webp, image/apng, application/xml;q=0.9, */*;q=0.8, application/signed-exchange;v=b3;q=0.7]
2025-12-20 13:53:03.596 DEBUG [http-nio-0.0.0.0-8081-exec-5] o.s.web.servlet.DispatcherServlet - Completed 200 OK
2025-12-20 13:53:03.606 DEBUG [http-nio-0.0.0.0-8081-exec-6] o.s.web.servlet.DispatcherServlet - GET "/css/common.css", parameters={}
2025-12-20 13:53:03.607 DEBUG [http-nio-0.0.0.0-8081-exec-6] o.s.w.s.h.SimpleUrlHandlerMapping - Mapped to ResourceHttpRequestHandler [classpath [META-INF/resources/], classpath [resources/], classpath [static/], classpath [public/], ServletContext [/]]
2025-12-20 13:53:03.607 DEBUG [http-nio-0.0.0.0-8081-exec-2] o.s.web.servlet.DispatcherServlet - GET "/css/std_word_insert.css", parameters={}
2025-12-20 13:53:03.607 DEBUG [http-nio-0.0.0.0-8081-exec-8] o.s.web.servlet.DispatcherServlet - GET "/js/std_update.js", parameters={}
2025-12-20 13:53:03.607 DEBUG [http-nio-0.0.0.0-8081-exec-8] o.s.w.s.h.SimpleUrlHandlerMapping - Mapped to ResourceHttpRequestHandler [classpath [META-INF/resources/], classpath [resources/], classpath [static/], classpath [public/], ServletContext [/]]
2025-12-20 13:53:03.607 DEBUG [http-nio-0.0.0.0-8081-exec-2] o.s.w.s.h.SimpleUrlHandlerMapping - Mapped to ResourceHttpRequestHandler [classpath [META-INF/resources/], classpath [resources/], classpath [static/], classpath [public/], ServletContext [/]]
2025-12-20 13:53:03.609 DEBUG [http-nio-0.0.0.0-8081-exec-8] o.s.web.servlet.DispatcherServlet - Completed 200 OK
2025-12-20 13:53:03.609 DEBUG [http-nio-0.0.0.0-8081-exec-2] o.s.web.servlet.DispatcherServlet - Completed 200 OK
2025-12-20 13:53:03.609 DEBUG [http-nio-0.0.0.0-8081-exec-6] o.s.web.servlet.DispatcherServlet - Completed 200 OK
2025-12-20 13:53:06.036 DEBUG [http-nio-0.0.0.0-8081-exec-7] o.s.web.servlet.DispatcherServlet - GET "/std-word/update?wordId=766", parameters={masked}
2025-12-20 13:53:06.036 DEBUG [http-nio-0.0.0.0-8081-exec-7] o.s.w.s.m.m.a.RequestMappingHandlerMapping - Mapped to com.example.nproject.controller.MetaStdWordController#updateForm(Long, Model)
2025-12-20 13:53:06.036 DEBUG [http-nio-0.0.0.0-8081-exec-7] o.s.jdbc.datasource.DataSourceUtils - Fetching JDBC Connection from DataSource
2025-12-20 13:53:06.047 DEBUG [http-nio-0.0.0.0-8081-exec-7] c.e.n.m.M.selectStdWord - ==>  Preparing: SELECT word_id as wordId, std_word_name as stdWordName, eng_abbr_name as engAbbrName, eng_full_name as engFullName, definition, domain_type as domainType, use_yn as useYn FROM meta_std_word WHERE word_id = ?
2025-12-20 13:53:06.047 DEBUG [http-nio-0.0.0.0-8081-exec-7] c.e.n.m.M.selectStdWord - ==> Parameters: 766(Long)
2025-12-20 13:53:06.054 DEBUG [http-nio-0.0.0.0-8081-exec-7] c.e.n.m.M.selectStdWord - <==      Total: 1
2025-12-20 13:53:06.056 DEBUG [http-nio-0.0.0.0-8081-exec-7] o.s.w.s.v.ContentNegotiatingViewResolver - Selected 'text/html' given [text/html, application/xhtml+xml, image/avif, image/webp, image/apng, application/xml;q=0.9, */*;q=0.8, application/signed-exchange;v=b3;q=0.7]
2025-12-20 13:53:06.059 DEBUG [http-nio-0.0.0.0-8081-exec-7] o.s.web.servlet.DispatcherServlet - Completed 200 OK
2025-12-20 13:53:06.075 DEBUG [http-nio-0.0.0.0-8081-exec-10] o.s.web.servlet.DispatcherServlet - GET "/css/common.css", parameters={}
2025-12-20 13:53:06.076 DEBUG [http-nio-0.0.0.0-8081-exec-3] o.s.web.servlet.DispatcherServlet - GET "/js/std_update.js", parameters={}
2025-12-20 13:53:06.076 DEBUG [http-nio-0.0.0.0-8081-exec-9] o.s.web.servlet.DispatcherServlet - GET "/css/std_word_insert.css", parameters={}
2025-12-20 13:53:06.076 DEBUG [http-nio-0.0.0.0-8081-exec-10] o.s.w.s.h.SimpleUrlHandlerMapping - Mapped to ResourceHttpRequestHandler [classpath [META-INF/resources/], classpath [resources/], classpath [static/], classpath [public/], ServletContext [/]]
2025-12-20 13:53:06.076 DEBUG [http-nio-0.0.0.0-8081-exec-9] o.s.w.s.h.SimpleUrlHandlerMapping - Mapped to ResourceHttpRequestHandler [classpath [META-INF/resources/], classpath [resources/], classpath [static/], classpath [public/], ServletContext [/]]
2025-12-20 13:53:06.076 DEBUG [http-nio-0.0.0.0-8081-exec-3] o.s.w.s.h.SimpleUrlHandlerMapping - Mapped to ResourceHttpRequestHandler [classpath [META-INF/resources/], classpath [resources/], classpath [static/], classpath [public/], ServletContext [/]]
2025-12-20 13:53:06.079 DEBUG [http-nio-0.0.0.0-8081-exec-10] o.s.web.servlet.DispatcherServlet - Completed 200 OK
2025-12-20 13:53:06.079 DEBUG [http-nio-0.0.0.0-8081-exec-3] o.s.web.servlet.DispatcherServlet - Completed 200 OK
2025-12-20 13:53:06.079 DEBUG [http-nio-0.0.0.0-8081-exec-9] o.s.web.servlet.DispatcherServlet - Completed 200 OK
2025-12-20 13:53:19.483 DEBUG [http-nio-0.0.0.0-8081-exec-8] o.s.web.servlet.DispatcherServlet - GET "/std-word/update?wordId=766", parameters={masked}
2025-12-20 13:53:19.483 DEBUG [http-nio-0.0.0.0-8081-exec-8] o.s.w.s.m.m.a.RequestMappingHandlerMapping - Mapped to com.example.nproject.controller.MetaStdWordController#updateForm(Long, Model)
2025-12-20 13:53:19.484 DEBUG [http-nio-0.0.0.0-8081-exec-8] o.s.jdbc.datasource.DataSourceUtils - Fetching JDBC Connection from DataSource
2025-12-20 13:53:19.491 DEBUG [http-nio-0.0.0.0-8081-exec-8] c.e.n.m.M.selectStdWord - ==>  Preparing: SELECT word_id as wordId, std_word_name as stdWordName, eng_abbr_name as engAbbrName, eng_full_name as engFullName, definition, domain_type as domainType, use_yn as useYn FROM meta_std_word WHERE word_id = ?
2025-12-20 13:53:19.491 DEBUG [http-nio-0.0.0.0-8081-exec-8] c.e.n.m.M.selectStdWord - ==> Parameters: 766(Long)
2025-12-20 13:53:19.499 DEBUG [http-nio-0.0.0.0-8081-exec-8] c.e.n.m.M.selectStdWord - <==      Total: 1
2025-12-20 13:53:19.500 DEBUG [http-nio-0.0.0.0-8081-exec-8] o.s.w.s.v.ContentNegotiatingViewResolver - Selected 'text/html' given [text/html, application/xhtml+xml, image/avif, image/webp, image/apng, application/xml;q=0.9, */*;q=0.8, application/signed-exchange;v=b3;q=0.7]
2025-12-20 13:53:19.503 DEBUG [http-nio-0.0.0.0-8081-exec-8] o.s.web.servlet.DispatcherServlet - Completed 200 OK
2025-12-20 13:53:19.517 DEBUG [http-nio-0.0.0.0-8081-exec-6] o.s.web.servlet.DispatcherServlet - GET "/css/common.css", parameters={}
2025-12-20 13:53:19.517 DEBUG [http-nio-0.0.0.0-8081-exec-6] o.s.w.s.h.SimpleUrlHandlerMapping - Mapped to ResourceHttpRequestHandler [classpath [META-INF/resources/], classpath [resources/], classpath [static/], classpath [public/], ServletContext [/]]
2025-12-20 13:53:19.518 DEBUG [http-nio-0.0.0.0-8081-exec-7] o.s.web.servlet.DispatcherServlet - GET "/js/std_update.js", parameters={}
2025-12-20 13:53:19.518 DEBUG [http-nio-0.0.0.0-8081-exec-2] o.s.web.servlet.DispatcherServlet - GET "/css/std_word_insert.css", parameters={}
2025-12-20 13:53:19.518 DEBUG [http-nio-0.0.0.0-8081-exec-7] o.s.w.s.h.SimpleUrlHandlerMapping - Mapped to ResourceHttpRequestHandler [classpath [META-INF/resources/], classpath [resources/], classpath [static/], classpath [public/], ServletContext [/]]
2025-12-20 13:53:19.518 DEBUG [http-nio-0.0.0.0-8081-exec-2] o.s.w.s.h.SimpleUrlHandlerMapping - Mapped to ResourceHttpRequestHandler [classpath [META-INF/resources/], classpath [resources/], classpath [static/], classpath [public/], ServletContext [/]]
2025-12-20 13:53:19.521 DEBUG [http-nio-0.0.0.0-8081-exec-2] o.s.web.servlet.DispatcherServlet - Completed 200 OK
2025-12-20 13:53:19.521 DEBUG [http-nio-0.0.0.0-8081-exec-7] o.s.web.servlet.DispatcherServlet - Completed 200 OK
2025-12-20 13:53:19.522 DEBUG [http-nio-0.0.0.0-8081-exec-6] o.s.web.servlet.DispatcherServlet - Completed 200 OK
2025-12-20 13:53:23.902 DEBUG [http-nio-0.0.0.0-8081-exec-10] o.s.web.servlet.DispatcherServlet - GET "/std-word/update?wordId=766", parameters={masked}
2025-12-20 13:53:23.903 DEBUG [http-nio-0.0.0.0-8081-exec-10] o.s.w.s.m.m.a.RequestMappingHandlerMapping - Mapped to com.example.nproject.controller.MetaStdWordController#updateForm(Long, Model)
2025-12-20 13:53:23.903 DEBUG [http-nio-0.0.0.0-8081-exec-10] o.s.jdbc.datasource.DataSourceUtils - Fetching JDBC Connection from DataSource
2025-12-20 13:53:23.912 DEBUG [http-nio-0.0.0.0-8081-exec-10] c.e.n.m.M.selectStdWord - ==>  Preparing: SELECT word_id as wordId, std_word_name as stdWordName, eng_abbr_name as engAbbrName, eng_full_name as engFullName, definition, domain_type as domainType, use_yn as useYn FROM meta_std_word WHERE word_id = ?
2025-12-20 13:53:23.912 DEBUG [http-nio-0.0.0.0-8081-exec-10] c.e.n.m.M.selectStdWord - ==> Parameters: 766(Long)
2025-12-20 13:53:23.922 DEBUG [http-nio-0.0.0.0-8081-exec-10] c.e.n.m.M.selectStdWord - <==      Total: 1
2025-12-20 13:53:23.923 DEBUG [http-nio-0.0.0.0-8081-exec-10] o.s.w.s.v.ContentNegotiatingViewResolver - Selected 'text/html' given [text/html, application/xhtml+xml, image/avif, image/webp, image/apng, application/xml;q=0.9, */*;q=0.8, application/signed-exchange;v=b3;q=0.7]
2025-12-20 13:53:23.926 DEBUG [http-nio-0.0.0.0-8081-exec-10] o.s.web.servlet.DispatcherServlet - Completed 200 OK
2025-12-20 13:53:23.937 DEBUG [http-nio-0.0.0.0-8081-exec-9] o.s.web.servlet.DispatcherServlet - GET "/css/common.css", parameters={}
2025-12-20 13:53:23.937 DEBUG [http-nio-0.0.0.0-8081-exec-3] o.s.web.servlet.DispatcherServlet - GET "/css/std_word_insert.css", parameters={}
2025-12-20 13:53:23.938 DEBUG [http-nio-0.0.0.0-8081-exec-9] o.s.w.s.h.SimpleUrlHandlerMapping - Mapped to ResourceHttpRequestHandler [classpath [META-INF/resources/], classpath [resources/], classpath [static/], classpath [public/], ServletContext [/]]
2025-12-20 13:53:23.938 DEBUG [http-nio-0.0.0.0-8081-exec-5] o.s.web.servlet.DispatcherServlet - GET "/js/std_update.js", parameters={}
2025-12-20 13:53:23.938 DEBUG [http-nio-0.0.0.0-8081-exec-3] o.s.w.s.h.SimpleUrlHandlerMapping - Mapped to ResourceHttpRequestHandler [classpath [META-INF/resources/], classpath [resources/], classpath [static/], classpath [public/], ServletContext [/]]
2025-12-20 13:53:23.938 DEBUG [http-nio-0.0.0.0-8081-exec-5] o.s.w.s.h.SimpleUrlHandlerMapping - Mapped to ResourceHttpRequestHandler [classpath [META-INF/resources/], classpath [resources/], classpath [static/], classpath [public/], ServletContext [/]]
2025-12-20 13:53:23.940 DEBUG [http-nio-0.0.0.0-8081-exec-3] o.s.web.servlet.DispatcherServlet - Completed 200 OK
2025-12-20 13:53:23.940 DEBUG [http-nio-0.0.0.0-8081-exec-9] o.s.web.servlet.DispatcherServlet - Completed 200 OK
2025-12-20 13:53:23.940 DEBUG [http-nio-0.0.0.0-8081-exec-5] o.s.web.servlet.DispatcherServlet - Completed 200 OK
2025-12-20 13:53:31.534 DEBUG [http-nio-0.0.0.0-8081-exec-1] o.s.web.servlet.DispatcherServlet - POST "/std-word/update", parameters={}
2025-12-20 13:53:31.534 DEBUG [http-nio-0.0.0.0-8081-exec-1] o.s.w.s.m.m.a.RequestMappingHandlerMapping - Mapped to com.example.nproject.controller.MetaStdWordController#update(MetaStdWordDto)
2025-12-20 13:53:31.535 DEBUG [http-nio-0.0.0.0-8081-exec-1] o.s.w.s.m.m.a.RequestResponseBodyMethodProcessor - Read "application/json;charset=UTF-8" to [com.example.nproject.dto.MetaStdWordDto@5ba77d8d]
2025-12-20 13:53:31.535 DEBUG [http-nio-0.0.0.0-8081-exec-1] o.s.jdbc.datasource.DataSourceUtils - Fetching JDBC Connection from DataSource
2025-12-20 13:53:31.547 DEBUG [http-nio-0.0.0.0-8081-exec-1] c.e.n.m.M.updateStdWord - ==>  Preparing: UPDATE meta_std_word SET std_word_name = ?, eng_abbr_name = ?, eng_full_name = ?, definition = ?, domain_type = ?, use_yn = ? WHERE word_id = ?
2025-12-20 13:53:31.547 DEBUG [http-nio-0.0.0.0-8081-exec-1] c.e.n.m.M.updateStdWord - ==> Parameters: 사랑이별(String), SSSS(String), LOVE(String), TEST 사랑(String), TEST(String), N(String), 766(Integer)
2025-12-20 13:53:31.556 DEBUG [http-nio-0.0.0.0-8081-exec-1] c.e.n.m.M.updateStdWord - <==    Updates: 1
2025-12-20 13:53:31.557 DEBUG [http-nio-0.0.0.0-8081-exec-1] o.s.w.s.m.m.a.RequestResponseBodyMethodProcessor - Using 'text/plain', given [*/*] and supported [text/plain, */*, application/json, application/*+json]
2025-12-20 13:53:31.557 DEBUG [http-nio-0.0.0.0-8081-exec-1] o.s.w.s.m.m.a.RequestResponseBodyMethodProcessor - Writing ["SUCCESS"]
2025-12-20 13:53:31.557 DEBUG [http-nio-0.0.0.0-8081-exec-1] o.s.web.servlet.DispatcherServlet - Completed 200 OK
2025-12-20 13:53:32.672 DEBUG [http-nio-0.0.0.0-8081-exec-4] o.s.web.servlet.DispatcherServlet - GET "/std-word/list?size=10&stdWordName=%EC%82%AC%EB%9E%91", parameters={masked}
2025-12-20 13:53:32.672 DEBUG [http-nio-0.0.0.0-8081-exec-4] o.s.w.s.m.m.a.RequestMappingHandlerMapping - Mapped to com.example.nproject.controller.MetaStdWordController#list(MetaStdWordDto, Model)
2025-12-20 13:53:32.673 DEBUG [http-nio-0.0.0.0-8081-exec-4] o.s.jdbc.datasource.DataSourceUtils - Fetching JDBC Connection from DataSource
2025-12-20 13:53:32.680 DEBUG [http-nio-0.0.0.0-8081-exec-4] c.e.n.m.M.selectStdWordList - ==>  Preparing: SELECT word_id as wordId, std_word_name as stdWordName, eng_abbr_name as engAbbrName, eng_full_name as engFullName, definition, domain_type as domainType, use_yn as useYn FROM meta_std_word WHERE std_word_name LIKE '%' || ? || '%' ORDER BY word_id LIMIT ? OFFSET ?
2025-12-20 13:53:32.680 DEBUG [http-nio-0.0.0.0-8081-exec-4] c.e.n.m.M.selectStdWordList - ==> Parameters: 사랑(String), 10(Integer), 0(Integer)
2025-12-20 13:53:32.691 DEBUG [http-nio-0.0.0.0-8081-exec-4] c.e.n.m.M.selectStdWordList - <==      Total: 1
2025-12-20 13:53:32.692 DEBUG [http-nio-0.0.0.0-8081-exec-4] o.s.jdbc.datasource.DataSourceUtils - Fetching JDBC Connection from DataSource
2025-12-20 13:53:32.692 DEBUG [http-nio-0.0.0.0-8081-exec-4] c.e.n.m.M.countStdWordList - ==>  Preparing: SELECT COUNT(*) FROM meta_std_word WHERE std_word_name LIKE '%' || ? || '%'
2025-12-20 13:53:32.692 DEBUG [http-nio-0.0.0.0-8081-exec-4] c.e.n.m.M.countStdWordList - ==> Parameters: 사랑(String)
2025-12-20 13:53:32.700 DEBUG [http-nio-0.0.0.0-8081-exec-4] c.e.n.m.M.countStdWordList - <==      Total: 1
2025-12-20 13:53:32.701 DEBUG [http-nio-0.0.0.0-8081-exec-4] o.s.w.s.v.ContentNegotiatingViewResolver - Selected 'text/html' given [text/html, application/xhtml+xml, image/avif, image/webp, image/apng, application/xml;q=0.9, */*;q=0.8, application/signed-exchange;v=b3;q=0.7]
2025-12-20 13:53:32.706 DEBUG [http-nio-0.0.0.0-8081-exec-4] o.s.web.servlet.DispatcherServlet - Completed 200 OK
2025-12-20 13:53:32.727 DEBUG [http-nio-0.0.0.0-8081-exec-8] o.s.web.servlet.DispatcherServlet - GET "/css/common.css", parameters={}
2025-12-20 13:53:32.728 DEBUG [http-nio-0.0.0.0-8081-exec-8] o.s.w.s.h.SimpleUrlHandlerMapping - Mapped to ResourceHttpRequestHandler [classpath [META-INF/resources/], classpath [resources/], classpath [static/], classpath [public/], ServletContext [/]]
2025-12-20 13:53:32.728 DEBUG [http-nio-0.0.0.0-8081-exec-7] o.s.web.servlet.DispatcherServlet - GET "/css/std_word_list.css", parameters={}
2025-12-20 13:53:32.728 DEBUG [http-nio-0.0.0.0-8081-exec-2] o.s.web.servlet.DispatcherServlet - GET "/js/std_word_list.js", parameters={}
2025-12-20 13:53:32.728 DEBUG [http-nio-0.0.0.0-8081-exec-7] o.s.w.s.h.SimpleUrlHandlerMapping - Mapped to ResourceHttpRequestHandler [classpath [META-INF/resources/], classpath [resources/], classpath [static/], classpath [public/], ServletContext [/]]
2025-12-20 13:53:32.729 DEBUG [http-nio-0.0.0.0-8081-exec-2] o.s.w.s.h.SimpleUrlHandlerMapping - Mapped to ResourceHttpRequestHandler [classpath [META-INF/resources/], classpath [resources/], classpath [static/], classpath [public/], ServletContext [/]]
2025-12-20 13:53:32.731 DEBUG [http-nio-0.0.0.0-8081-exec-8] o.s.web.servlet.DispatcherServlet - Completed 200 OK
2025-12-20 13:53:32.732 DEBUG [http-nio-0.0.0.0-8081-exec-7] o.s.web.servlet.DispatcherServlet - Completed 200 OK
2025-12-20 13:53:32.732 DEBUG [http-nio-0.0.0.0-8081-exec-2] o.s.web.servlet.DispatcherServlet - Completed 200 OK
2025-12-20 13:54:03.622 DEBUG [http-nio-0.0.0.0-8081-exec-6] o.s.web.servlet.DispatcherServlet - GET "/std-word/insert", parameters={}
2025-12-20 13:54:03.623 DEBUG [http-nio-0.0.0.0-8081-exec-6] o.s.w.s.m.m.a.RequestMappingHandlerMapping - Mapped to com.example.nproject.controller.MetaStdWordController#insertForm(Model)
2025-12-20 13:54:03.623 DEBUG [http-nio-0.0.0.0-8081-exec-6] o.s.w.s.v.ContentNegotiatingViewResolver - Selected 'text/html' given [text/html, application/xhtml+xml, image/avif, image/webp, image/apng, application/xml;q=0.9, */*;q=0.8, application/signed-exchange;v=b3;q=0.7]
2025-12-20 13:54:03.633 DEBUG [http-nio-0.0.0.0-8081-exec-6] o.s.web.servlet.DispatcherServlet - Completed 200 OK
2025-12-20 13:54:03.658 DEBUG [http-nio-0.0.0.0-8081-exec-10] o.s.web.servlet.DispatcherServlet - GET "/css/common.css", parameters={}
2025-12-20 13:54:03.659 DEBUG [http-nio-0.0.0.0-8081-exec-10] o.s.w.s.h.SimpleUrlHandlerMapping - Mapped to ResourceHttpRequestHandler [classpath [META-INF/resources/], classpath [resources/], classpath [static/], classpath [public/], ServletContext [/]]
2025-12-20 13:54:03.662 DEBUG [http-nio-0.0.0.0-8081-exec-10] o.s.web.servlet.DispatcherServlet - Completed 200 OK
2025-12-20 13:54:03.664 DEBUG [http-nio-0.0.0.0-8081-exec-5] o.s.web.servlet.DispatcherServlet - GET "/js/std_word_insert.js", parameters={}
2025-12-20 13:54:03.664 DEBUG [http-nio-0.0.0.0-8081-exec-3] o.s.web.servlet.DispatcherServlet - GET "/css/std_word_insert.css", parameters={}
2025-12-20 13:54:03.664 DEBUG [http-nio-0.0.0.0-8081-exec-5] o.s.w.s.h.SimpleUrlHandlerMapping - Mapped to ResourceHttpRequestHandler [classpath [META-INF/resources/], classpath [resources/], classpath [static/], classpath [public/], ServletContext [/]]
2025-12-20 13:54:03.664 DEBUG [http-nio-0.0.0.0-8081-exec-3] o.s.w.s.h.SimpleUrlHandlerMapping - Mapped to ResourceHttpRequestHandler [classpath [META-INF/resources/], classpath [resources/], classpath [static/], classpath [public/], ServletContext [/]]
2025-12-20 13:54:03.665 DEBUG [http-nio-0.0.0.0-8081-exec-5] o.s.web.servlet.DispatcherServlet - Completed 200 OK
2025-12-20 13:54:03.665 DEBUG [http-nio-0.0.0.0-8081-exec-3] o.s.web.servlet.DispatcherServlet - Completed 200 OK
2025-12-20 13:59:27.406 DEBUG [http-nio-0.0.0.0-8081-exec-2] o.s.web.servlet.DispatcherServlet - GET "/std-word/list", parameters={}
2025-12-20 13:59:27.406 DEBUG [http-nio-0.0.0.0-8081-exec-2] o.s.w.s.m.m.a.RequestMappingHandlerMapping - Mapped to com.example.nproject.controller.MetaStdWordController#list(MetaStdWordDto, Model)
2025-12-20 13:59:27.407 DEBUG [http-nio-0.0.0.0-8081-exec-2] o.s.jdbc.datasource.DataSourceUtils - Fetching JDBC Connection from DataSource
2025-12-20 13:59:27.437 DEBUG [http-nio-0.0.0.0-8081-exec-2] c.e.n.m.M.selectStdWordList - ==>  Preparing: SELECT word_id as wordId, std_word_name as stdWordName, eng_abbr_name as engAbbrName, eng_full_name as engFullName, definition, domain_type as domainType, use_yn as useYn FROM meta_std_word ORDER BY word_id LIMIT ? OFFSET ?
2025-12-20 13:59:27.438 DEBUG [http-nio-0.0.0.0-8081-exec-2] c.e.n.m.M.selectStdWordList - ==> Parameters: 10(Integer), 0(Integer)
2025-12-20 13:59:27.476 DEBUG [http-nio-0.0.0.0-8081-exec-2] c.e.n.m.M.selectStdWordList - <==      Total: 10
2025-12-20 13:59:27.477 DEBUG [http-nio-0.0.0.0-8081-exec-2] o.s.jdbc.datasource.DataSourceUtils - Fetching JDBC Connection from DataSource
2025-12-20 13:59:27.477 DEBUG [http-nio-0.0.0.0-8081-exec-2] c.e.n.m.M.countStdWordList - ==>  Preparing: SELECT COUNT(*) FROM meta_std_word
2025-12-20 13:59:27.477 DEBUG [http-nio-0.0.0.0-8081-exec-2] c.e.n.m.M.countStdWordList - ==> Parameters: 
2025-12-20 13:59:27.494 DEBUG [http-nio-0.0.0.0-8081-exec-2] c.e.n.m.M.countStdWordList - <==      Total: 1
2025-12-20 13:59:27.495 DEBUG [http-nio-0.0.0.0-8081-exec-2] o.s.w.s.v.ContentNegotiatingViewResolver - Selected 'text/html' given [text/html, application/xhtml+xml, image/avif, image/webp, image/apng, application/xml;q=0.9, */*;q=0.8, application/signed-exchange;v=b3;q=0.7]
2025-12-20 13:59:27.500 DEBUG [http-nio-0.0.0.0-8081-exec-2] o.s.web.servlet.DispatcherServlet - Completed 200 OK
2025-12-20 13:59:27.529 DEBUG [http-nio-0.0.0.0-8081-exec-6] o.s.web.servlet.DispatcherServlet - GET "/css/common.css", parameters={}
2025-12-20 13:59:27.530 DEBUG [http-nio-0.0.0.0-8081-exec-6] o.s.w.s.h.SimpleUrlHandlerMapping - Mapped to ResourceHttpRequestHandler [classpath [META-INF/resources/], classpath [resources/], classpath [static/], classpath [public/], ServletContext [/]]
2025-12-20 13:59:27.532 DEBUG [http-nio-0.0.0.0-8081-exec-6] o.s.web.servlet.DispatcherServlet - Completed 200 OK
2025-12-20 13:59:27.536 DEBUG [http-nio-0.0.0.0-8081-exec-10] o.s.web.servlet.DispatcherServlet - GET "/css/std_word_list.css", parameters={}
2025-12-20 13:59:27.536 DEBUG [http-nio-0.0.0.0-8081-exec-5] o.s.web.servlet.DispatcherServlet - GET "/js/std_word_list.js", parameters={}
2025-12-20 13:59:27.536 DEBUG [http-nio-0.0.0.0-8081-exec-5] o.s.w.s.h.SimpleUrlHandlerMapping - Mapped to ResourceHttpRequestHandler [classpath [META-INF/resources/], classpath [resources/], classpath [static/], classpath [public/], ServletContext [/]]
2025-12-20 13:59:27.536 DEBUG [http-nio-0.0.0.0-8081-exec-10] o.s.w.s.h.SimpleUrlHandlerMapping - Mapped to ResourceHttpRequestHandler [classpath [META-INF/resources/], classpath [resources/], classpath [static/], classpath [public/], ServletContext [/]]
2025-12-20 13:59:27.538 DEBUG [http-nio-0.0.0.0-8081-exec-10] o.s.web.servlet.DispatcherServlet - Completed 200 OK
2025-12-20 13:59:27.538 DEBUG [http-nio-0.0.0.0-8081-exec-5] o.s.web.servlet.DispatcherServlet - Completed 200 OK
2025-12-20 13:59:34.644 DEBUG [http-nio-0.0.0.0-8081-exec-3] o.s.web.servlet.DispatcherServlet - GET "/std-word/insert", parameters={}
2025-12-20 13:59:34.644 DEBUG [http-nio-0.0.0.0-8081-exec-3] o.s.w.s.m.m.a.RequestMappingHandlerMapping - Mapped to com.example.nproject.controller.MetaStdWordController#insertForm(Model)
2025-12-20 13:59:34.644 DEBUG [http-nio-0.0.0.0-8081-exec-3] o.s.w.s.v.ContentNegotiatingViewResolver - Selected 'text/html' given [text/html, application/xhtml+xml, image/avif, image/webp, image/apng, application/xml;q=0.9, */*;q=0.8, application/signed-exchange;v=b3;q=0.7]
2025-12-20 13:59:34.648 DEBUG [http-nio-0.0.0.0-8081-exec-3] o.s.web.servlet.DispatcherServlet - Completed 200 OK
2025-12-20 13:59:34.672 DEBUG [http-nio-0.0.0.0-8081-exec-1] o.s.web.servlet.DispatcherServlet - GET "/css/common.css", parameters={}
2025-12-20 13:59:34.672 DEBUG [http-nio-0.0.0.0-8081-exec-1] o.s.w.s.h.SimpleUrlHandlerMapping - Mapped to ResourceHttpRequestHandler [classpath [META-INF/resources/], classpath [resources/], classpath [static/], classpath [public/], ServletContext [/]]
2025-12-20 13:59:34.674 DEBUG [http-nio-0.0.0.0-8081-exec-1] o.s.web.servlet.DispatcherServlet - Completed 200 OK
2025-12-20 13:59:34.676 DEBUG [http-nio-0.0.0.0-8081-exec-9] o.s.web.servlet.DispatcherServlet - GET "/js/std_word_insert.js", parameters={}
2025-12-20 13:59:34.676 DEBUG [http-nio-0.0.0.0-8081-exec-4] o.s.web.servlet.DispatcherServlet - GET "/css/std_word_insert.css", parameters={}
2025-12-20 13:59:34.676 DEBUG [http-nio-0.0.0.0-8081-exec-4] o.s.w.s.h.SimpleUrlHandlerMapping - Mapped to ResourceHttpRequestHandler [classpath [META-INF/resources/], classpath [resources/], classpath [static/], classpath [public/], ServletContext [/]]
2025-12-20 13:59:34.676 DEBUG [http-nio-0.0.0.0-8081-exec-9] o.s.w.s.h.SimpleUrlHandlerMapping - Mapped to ResourceHttpRequestHandler [classpath [META-INF/resources/], classpath [resources/], classpath [static/], classpath [public/], ServletContext [/]]
2025-12-20 13:59:34.678 DEBUG [http-nio-0.0.0.0-8081-exec-4] o.s.web.servlet.DispatcherServlet - Completed 200 OK
2025-12-20 13:59:34.678 DEBUG [http-nio-0.0.0.0-8081-exec-9] o.s.web.servlet.DispatcherServlet - Completed 200 OK
2025-12-20 14:06:20.379 DEBUG [http-nio-0.0.0.0-8081-exec-2] o.s.web.servlet.DispatcherServlet - GET "/std-word/list", parameters={}
2025-12-20 14:06:20.379 DEBUG [http-nio-0.0.0.0-8081-exec-2] o.s.w.s.m.m.a.RequestMappingHandlerMapping - Mapped to com.example.nproject.controller.MetaStdWordController#list(MetaStdWordDto, Model)
2025-12-20 14:06:20.381 DEBUG [http-nio-0.0.0.0-8081-exec-2] o.s.jdbc.datasource.DataSourceUtils - Fetching JDBC Connection from DataSource
2025-12-20 14:06:20.418 DEBUG [http-nio-0.0.0.0-8081-exec-2] c.e.n.m.M.selectStdWordList - ==>  Preparing: SELECT word_id as wordId, std_word_name as stdWordName, eng_abbr_name as engAbbrName, eng_full_name as engFullName, definition, domain_type as domainType, use_yn as useYn FROM meta_std_word ORDER BY word_id LIMIT ? OFFSET ?
2025-12-20 14:06:20.419 DEBUG [http-nio-0.0.0.0-8081-exec-2] c.e.n.m.M.selectStdWordList - ==> Parameters: 10(Integer), 0(Integer)
2025-12-20 14:06:20.458 DEBUG [http-nio-0.0.0.0-8081-exec-2] c.e.n.m.M.selectStdWordList - <==      Total: 10
2025-12-20 14:06:20.458 DEBUG [http-nio-0.0.0.0-8081-exec-2] o.s.jdbc.datasource.DataSourceUtils - Fetching JDBC Connection from DataSource
2025-12-20 14:06:20.459 DEBUG [http-nio-0.0.0.0-8081-exec-2] c.e.n.m.M.countStdWordList - ==>  Preparing: SELECT COUNT(*) FROM meta_std_word
2025-12-20 14:06:20.459 DEBUG [http-nio-0.0.0.0-8081-exec-2] c.e.n.m.M.countStdWordList - ==> Parameters: 
2025-12-20 14:06:20.478 DEBUG [http-nio-0.0.0.0-8081-exec-2] c.e.n.m.M.countStdWordList - <==      Total: 1
2025-12-20 14:06:20.480 DEBUG [http-nio-0.0.0.0-8081-exec-2] o.s.w.s.v.ContentNegotiatingViewResolver - Selected 'text/html' given [text/html, application/xhtml+xml, image/avif, image/webp, image/apng, application/xml;q=0.9, */*;q=0.8, application/signed-exchange;v=b3;q=0.7]
2025-12-20 14:06:20.484 DEBUG [http-nio-0.0.0.0-8081-exec-2] o.s.web.servlet.DispatcherServlet - Completed 200 OK
2025-12-20 14:06:20.517 DEBUG [http-nio-0.0.0.0-8081-exec-6] o.s.web.servlet.DispatcherServlet - GET "/css/common.css", parameters={}
2025-12-20 14:06:20.517 DEBUG [http-nio-0.0.0.0-8081-exec-6] o.s.w.s.h.SimpleUrlHandlerMapping - Mapped to ResourceHttpRequestHandler [classpath [META-INF/resources/], classpath [resources/], classpath [static/], classpath [public/], ServletContext [/]]
2025-12-20 14:06:20.519 DEBUG [http-nio-0.0.0.0-8081-exec-10] o.s.web.servlet.DispatcherServlet - GET "/css/std_word_list.css", parameters={}
2025-12-20 14:06:20.519 DEBUG [http-nio-0.0.0.0-8081-exec-6] o.s.web.servlet.DispatcherServlet - Completed 200 OK
2025-12-20 14:06:20.520 DEBUG [http-nio-0.0.0.0-8081-exec-10] o.s.w.s.h.SimpleUrlHandlerMapping - Mapped to ResourceHttpRequestHandler [classpath [META-INF/resources/], classpath [resources/], classpath [static/], classpath [public/], ServletContext [/]]
2025-12-20 14:06:20.521 DEBUG [http-nio-0.0.0.0-8081-exec-5] o.s.web.servlet.DispatcherServlet - GET "/js/std_word_list.js", parameters={}
2025-12-20 14:06:20.521 DEBUG [http-nio-0.0.0.0-8081-exec-10] o.s.web.servlet.DispatcherServlet - Completed 200 OK
2025-12-20 14:06:20.521 DEBUG [http-nio-0.0.0.0-8081-exec-5] o.s.w.s.h.SimpleUrlHandlerMapping - Mapped to ResourceHttpRequestHandler [classpath [META-INF/resources/], classpath [resources/], classpath [static/], classpath [public/], ServletContext [/]]
2025-12-20 14:06:20.523 DEBUG [http-nio-0.0.0.0-8081-exec-5] o.s.web.servlet.DispatcherServlet - Completed 200 OK
2025-12-20 14:06:30.997 INFO  [RMI TCP Connection(25)-127.0.0.1] o.s.b.a.SpringApplicationAdminMXBeanRegistrar$SpringApplicationAdmin - Application shutdown requested.
2025-12-20 14:06:31.000 INFO  [RMI TCP Connection(25)-127.0.0.1] o.a.coyote.http11.Http11NioProtocol - Stopping ProtocolHandler ["http-nio-0.0.0.0-8081"]
2025-12-20 14:06:31.012 INFO  [RMI TCP Connection(25)-127.0.0.1] com.zaxxer.hikari.HikariDataSource - HikariPool-1 - Shutdown initiated...
2025-12-20 14:06:31.023 INFO  [RMI TCP Connection(25)-127.0.0.1] com.zaxxer.hikari.HikariDataSource - HikariPool-1 - Shutdown completed.
2025-12-20 14:06:32.889 INFO  [restartedMain] c.e.nproject.NprojectApplication - Starting NprojectApplication using Java 17.0.12 with PID 5652 (C:\Dev_antigravity_git\meta_system\nproject\target\classes started by jkljkl in C:\Dev_antigravity_git\meta_system\nproject)
2025-12-20 14:06:32.890 DEBUG [restartedMain] c.e.nproject.NprojectApplication - Running with Spring Boot v3.2.0, Spring v6.1.1
2025-12-20 14:06:32.891 INFO  [restartedMain] c.e.nproject.NprojectApplication - No active profile set, falling back to 1 default profile: "default"
2025-12-20 14:06:32.928 INFO  [restartedMain] o.s.b.d.e.DevToolsPropertyDefaultsPostProcessor - Devtools property defaults active! Set 'spring.devtools.add-properties' to 'false' to disable
2025-12-20 14:06:32.928 INFO  [restartedMain] o.s.b.d.e.DevToolsPropertyDefaultsPostProcessor - For additional web related logging consider setting the 'logging.level.web' property to 'DEBUG'
2025-12-20 14:06:33.469 DEBUG [restartedMain] o.apache.ibatis.logging.LogFactory - Logging initialized using 'class org.apache.ibatis.logging.slf4j.Slf4jImpl' adapter.
2025-12-20 14:06:33.794 INFO  [restartedMain] o.s.b.w.e.tomcat.TomcatWebServer - Tomcat initialized with port 8081 (http)
2025-12-20 14:06:33.801 INFO  [restartedMain] o.a.coyote.http11.Http11NioProtocol - Initializing ProtocolHandler ["http-nio-0.0.0.0-8081"]
2025-12-20 14:06:33.802 INFO  [restartedMain] o.a.catalina.core.StandardService - Starting service [Tomcat]
2025-12-20 14:06:33.803 INFO  [restartedMain] o.a.catalina.core.StandardEngine - Starting Servlet engine: [Apache Tomcat/10.1.16]
2025-12-20 14:06:33.842 INFO  [restartedMain] o.a.c.c.C.[Tomcat].[localhost].[/] - Initializing Spring embedded WebApplicationContext
2025-12-20 14:06:33.842 INFO  [restartedMain] o.s.b.w.s.c.ServletWebServerApplicationContext - Root WebApplicationContext: initialization completed in 914 ms
2025-12-20 14:06:34.152 DEBUG [restartedMain] o.s.w.s.m.m.a.RequestMappingHandlerMapping - 14 mappings in 'requestMappingHandlerMapping'
2025-12-20 14:06:34.207 DEBUG [restartedMain] o.s.w.s.h.SimpleUrlHandlerMapping - Patterns [/webjars/**, /**] in 'resourceHandlerMapping'
2025-12-20 14:06:34.228 DEBUG [restartedMain] o.s.w.s.m.m.a.RequestMappingHandlerAdapter - ControllerAdvice beans: 0 @ModelAttribute, 0 @InitBinder, 1 RequestBodyAdvice, 1 ResponseBodyAdvice
2025-12-20 14:06:34.252 DEBUG [restartedMain] o.s.w.s.m.m.a.ExceptionHandlerExceptionResolver - ControllerAdvice beans: 0 @ExceptionHandler, 1 ResponseBodyAdvice
2025-12-20 14:06:34.346 INFO  [restartedMain] o.s.b.d.a.OptionalLiveReloadServer - LiveReload server is running on port 35729
2025-12-20 14:06:34.363 INFO  [restartedMain] o.a.coyote.http11.Http11NioProtocol - Starting ProtocolHandler ["http-nio-0.0.0.0-8081"]
2025-12-20 14:06:34.380 INFO  [restartedMain] o.s.b.w.e.tomcat.TomcatWebServer - Tomcat started on port 8081 (http) with context path ''
2025-12-20 14:06:34.388 INFO  [restartedMain] c.e.nproject.NprojectApplication - Started NprojectApplication in 1.861 seconds (process running for 2.452)
2025-12-20 14:06:44.809 INFO  [http-nio-0.0.0.0-8081-exec-1] o.a.c.c.C.[Tomcat].[localhost].[/] - Initializing Spring DispatcherServlet 'dispatcherServlet'
2025-12-20 14:06:44.809 INFO  [http-nio-0.0.0.0-8081-exec-1] o.s.web.servlet.DispatcherServlet - Initializing Servlet 'dispatcherServlet'
2025-12-20 14:06:44.810 DEBUG [http-nio-0.0.0.0-8081-exec-1] o.s.web.servlet.DispatcherServlet - Detected StandardServletMultipartResolver
2025-12-20 14:06:44.810 DEBUG [http-nio-0.0.0.0-8081-exec-1] o.s.web.servlet.DispatcherServlet - Detected AcceptHeaderLocaleResolver
2025-12-20 14:06:44.810 DEBUG [http-nio-0.0.0.0-8081-exec-1] o.s.web.servlet.DispatcherServlet - Detected FixedThemeResolver
2025-12-20 14:06:44.811 DEBUG [http-nio-0.0.0.0-8081-exec-1] o.s.web.servlet.DispatcherServlet - Detected org.springframework.web.servlet.view.DefaultRequestToViewNameTranslator@37e93473
2025-12-20 14:06:44.812 DEBUG [http-nio-0.0.0.0-8081-exec-1] o.s.web.servlet.DispatcherServlet - Detected org.springframework.web.servlet.support.SessionFlashMapManager@1f047b31
2025-12-20 14:06:44.812 DEBUG [http-nio-0.0.0.0-8081-exec-1] o.s.web.servlet.DispatcherServlet - enableLoggingRequestDetails='false': request parameters and headers will be masked to prevent unsafe logging of potentially sensitive data
2025-12-20 14:06:44.812 INFO  [http-nio-0.0.0.0-8081-exec-1] o.s.web.servlet.DispatcherServlet - Completed initialization in 2 ms
2025-12-20 14:06:44.820 DEBUG [http-nio-0.0.0.0-8081-exec-1] o.s.web.servlet.DispatcherServlet - GET "/std-word/list", parameters={}
2025-12-20 14:06:44.832 DEBUG [http-nio-0.0.0.0-8081-exec-1] o.s.w.s.m.m.a.RequestMappingHandlerMapping - Mapped to com.example.nproject.controller.MetaStdWordController#list(MetaStdWordDto, Model)
2025-12-20 14:06:44.891 DEBUG [http-nio-0.0.0.0-8081-exec-1] o.s.jdbc.datasource.DataSourceUtils - Fetching JDBC Connection from DataSource
2025-12-20 14:06:44.892 INFO  [http-nio-0.0.0.0-8081-exec-1] com.zaxxer.hikari.HikariDataSource - HikariPool-1 - Starting...
2025-12-20 14:06:45.286 INFO  [http-nio-0.0.0.0-8081-exec-1] com.zaxxer.hikari.pool.HikariPool - HikariPool-1 - Added connection org.postgresql.jdbc.PgConnection@6fe15d31
2025-12-20 14:06:45.287 INFO  [http-nio-0.0.0.0-8081-exec-1] com.zaxxer.hikari.HikariDataSource - HikariPool-1 - Start completed.
2025-12-20 14:06:45.293 DEBUG [http-nio-0.0.0.0-8081-exec-1] c.e.n.m.M.selectStdWordList - ==>  Preparing: SELECT word_id as wordId, std_word_name as stdWordName, eng_abbr_name as engAbbrName, eng_full_name as engFullName, definition, domain_type as domainType, use_yn as useYn FROM meta_std_word ORDER BY word_id LIMIT ? OFFSET ?
2025-12-20 14:06:45.306 DEBUG [http-nio-0.0.0.0-8081-exec-1] c.e.n.m.M.selectStdWordList - ==> Parameters: 10(Integer), 0(Integer)
2025-12-20 14:06:45.327 DEBUG [http-nio-0.0.0.0-8081-exec-1] c.e.n.m.M.selectStdWordList - <==      Total: 10
2025-12-20 14:06:45.334 DEBUG [http-nio-0.0.0.0-8081-exec-1] o.s.jdbc.datasource.DataSourceUtils - Fetching JDBC Connection from DataSource
2025-12-20 14:06:45.334 DEBUG [http-nio-0.0.0.0-8081-exec-1] c.e.n.m.M.countStdWordList - ==>  Preparing: SELECT COUNT(*) FROM meta_std_word
2025-12-20 14:06:45.334 DEBUG [http-nio-0.0.0.0-8081-exec-1] c.e.n.m.M.countStdWordList - ==> Parameters: 
2025-12-20 14:06:45.343 DEBUG [http-nio-0.0.0.0-8081-exec-1] c.e.n.m.M.countStdWordList - <==      Total: 1
2025-12-20 14:06:45.354 DEBUG [http-nio-0.0.0.0-8081-exec-1] o.s.w.s.v.ContentNegotiatingViewResolver - Selected 'text/html' given [text/html, application/xhtml+xml, image/avif, image/webp, image/apng, application/xml;q=0.9, */*;q=0.8, application/signed-exchange;v=b3;q=0.7]
2025-12-20 14:06:45.595 DEBUG [http-nio-0.0.0.0-8081-exec-1] o.s.web.servlet.DispatcherServlet - Completed 200 OK
2025-12-20 14:06:45.617 DEBUG [http-nio-0.0.0.0-8081-exec-2] o.s.web.servlet.DispatcherServlet - GET "/css/common.css", parameters={}
2025-12-20 14:06:45.621 DEBUG [http-nio-0.0.0.0-8081-exec-4] o.s.web.servlet.DispatcherServlet - GET "/js/std_word_list.js", parameters={}
2025-12-20 14:06:45.621 DEBUG [http-nio-0.0.0.0-8081-exec-3] o.s.web.servlet.DispatcherServlet - GET "/css/std_word_list.css", parameters={}
2025-12-20 14:06:45.621 DEBUG [http-nio-0.0.0.0-8081-exec-2] o.s.w.s.h.SimpleUrlHandlerMapping - Mapped to ResourceHttpRequestHandler [classpath [META-INF/resources/], classpath [resources/], classpath [static/], classpath [public/], ServletContext [/]]
2025-12-20 14:06:45.621 DEBUG [http-nio-0.0.0.0-8081-exec-4] o.s.w.s.h.SimpleUrlHandlerMapping - Mapped to ResourceHttpRequestHandler [classpath [META-INF/resources/], classpath [resources/], classpath [static/], classpath [public/], ServletContext [/]]
2025-12-20 14:06:45.621 DEBUG [http-nio-0.0.0.0-8081-exec-3] o.s.w.s.h.SimpleUrlHandlerMapping - Mapped to ResourceHttpRequestHandler [classpath [META-INF/resources/], classpath [resources/], classpath [static/], classpath [public/], ServletContext [/]]
2025-12-20 14:06:45.639 DEBUG [http-nio-0.0.0.0-8081-exec-4] o.s.web.servlet.DispatcherServlet - Completed 200 OK
2025-12-20 14:06:45.639 DEBUG [http-nio-0.0.0.0-8081-exec-3] o.s.web.servlet.DispatcherServlet - Completed 200 OK
2025-12-20 14:06:45.639 DEBUG [http-nio-0.0.0.0-8081-exec-2] o.s.web.servlet.DispatcherServlet - Completed 200 OK
2025-12-20 14:06:47.025 DEBUG [http-nio-0.0.0.0-8081-exec-5] o.s.web.servlet.DispatcherServlet - GET "/std-word/update?wordId=2", parameters={masked}
2025-12-20 14:06:47.026 DEBUG [http-nio-0.0.0.0-8081-exec-5] o.s.w.s.m.m.a.RequestMappingHandlerMapping - Mapped to com.example.nproject.controller.MetaStdWordController#updateForm(Long, Model)
2025-12-20 14:06:47.027 DEBUG [http-nio-0.0.0.0-8081-exec-5] o.s.jdbc.datasource.DataSourceUtils - Fetching JDBC Connection from DataSource
2025-12-20 14:06:47.043 DEBUG [http-nio-0.0.0.0-8081-exec-5] c.e.n.m.M.selectStdWord - ==>  Preparing: SELECT word_id as wordId, std_word_name as stdWordName, eng_abbr_name as engAbbrName, eng_full_name as engFullName, definition, domain_type as domainType, use_yn as useYn FROM meta_std_word WHERE word_id = ?
2025-12-20 14:06:47.043 DEBUG [http-nio-0.0.0.0-8081-exec-5] c.e.n.m.M.selectStdWord - ==> Parameters: 2(Long)
2025-12-20 14:06:47.057 DEBUG [http-nio-0.0.0.0-8081-exec-5] c.e.n.m.M.selectStdWord - <==      Total: 1
2025-12-20 14:06:47.059 DEBUG [http-nio-0.0.0.0-8081-exec-5] o.s.w.s.v.ContentNegotiatingViewResolver - Selected 'text/html' given [text/html, application/xhtml+xml, image/avif, image/webp, image/apng, application/xml;q=0.9, */*;q=0.8, application/signed-exchange;v=b3;q=0.7]
2025-12-20 14:06:47.065 DEBUG [http-nio-0.0.0.0-8081-exec-5] o.s.web.servlet.DispatcherServlet - Completed 200 OK
2025-12-20 14:06:47.075 DEBUG [http-nio-0.0.0.0-8081-exec-6] o.s.web.servlet.DispatcherServlet - GET "/css/common.css", parameters={}
2025-12-20 14:06:47.076 DEBUG [http-nio-0.0.0.0-8081-exec-7] o.s.web.servlet.DispatcherServlet - GET "/css/std_word_insert.css", parameters={}
2025-12-20 14:06:47.076 DEBUG [http-nio-0.0.0.0-8081-exec-6] o.s.w.s.h.SimpleUrlHandlerMapping - Mapped to ResourceHttpRequestHandler [classpath [META-INF/resources/], classpath [resources/], classpath [static/], classpath [public/], ServletContext [/]]
2025-12-20 14:06:47.076 DEBUG [http-nio-0.0.0.0-8081-exec-7] o.s.w.s.h.SimpleUrlHandlerMapping - Mapped to ResourceHttpRequestHandler [classpath [META-INF/resources/], classpath [resources/], classpath [static/], classpath [public/], ServletContext [/]]
2025-12-20 14:06:47.077 DEBUG [http-nio-0.0.0.0-8081-exec-8] o.s.web.servlet.DispatcherServlet - GET "/js/std_update.js", parameters={}
2025-12-20 14:06:47.077 DEBUG [http-nio-0.0.0.0-8081-exec-8] o.s.w.s.h.SimpleUrlHandlerMapping - Mapped to ResourceHttpRequestHandler [classpath [META-INF/resources/], classpath [resources/], classpath [static/], classpath [public/], ServletContext [/]]
2025-12-20 14:06:47.078 DEBUG [http-nio-0.0.0.0-8081-exec-6] o.s.web.servlet.DispatcherServlet - Completed 200 OK
2025-12-20 14:06:47.078 DEBUG [http-nio-0.0.0.0-8081-exec-7] o.s.web.servlet.DispatcherServlet - Completed 200 OK
2025-12-20 14:06:47.081 DEBUG [http-nio-0.0.0.0-8081-exec-8] o.s.web.servlet.DispatcherServlet - Completed 200 OK
2025-12-20 14:08:54.889 INFO  [RMI TCP Connection(11)-127.0.0.1] o.s.b.a.SpringApplicationAdminMXBeanRegistrar$SpringApplicationAdmin - Application shutdown requested.
2025-12-20 14:08:54.893 INFO  [RMI TCP Connection(11)-127.0.0.1] o.a.coyote.http11.Http11NioProtocol - Stopping ProtocolHandler ["http-nio-0.0.0.0-8081"]
2025-12-20 14:08:54.910 INFO  [RMI TCP Connection(11)-127.0.0.1] com.zaxxer.hikari.HikariDataSource - HikariPool-1 - Shutdown initiated...
2025-12-20 14:08:54.917 INFO  [RMI TCP Connection(11)-127.0.0.1] com.zaxxer.hikari.HikariDataSource - HikariPool-1 - Shutdown completed.
2025-12-20 14:08:56.723 INFO  [restartedMain] c.e.nproject.NprojectApplication - Starting NprojectApplication using Java 17.0.12 with PID 6416 (C:\Dev_antigravity_git\meta_system\nproject\target\classes started by jkljkl in C:\Dev_antigravity_git\meta_system\nproject)
2025-12-20 14:08:56.725 DEBUG [restartedMain] c.e.nproject.NprojectApplication - Running with Spring Boot v3.2.0, Spring v6.1.1
2025-12-20 14:08:56.725 INFO  [restartedMain] c.e.nproject.NprojectApplication - No active profile set, falling back to 1 default profile: "default"
2025-12-20 14:08:56.766 INFO  [restartedMain] o.s.b.d.e.DevToolsPropertyDefaultsPostProcessor - Devtools property defaults active! Set 'spring.devtools.add-properties' to 'false' to disable
2025-12-20 14:08:56.766 INFO  [restartedMain] o.s.b.d.e.DevToolsPropertyDefaultsPostProcessor - For additional web related logging consider setting the 'logging.level.web' property to 'DEBUG'
2025-12-20 14:08:57.296 DEBUG [restartedMain] o.apache.ibatis.logging.LogFactory - Logging initialized using 'class org.apache.ibatis.logging.slf4j.Slf4jImpl' adapter.
2025-12-20 14:08:57.604 INFO  [restartedMain] o.s.b.w.e.tomcat.TomcatWebServer - Tomcat initialized with port 8081 (http)
2025-12-20 14:08:57.613 INFO  [restartedMain] o.a.coyote.http11.Http11NioProtocol - Initializing ProtocolHandler ["http-nio-0.0.0.0-8081"]
2025-12-20 14:08:57.614 INFO  [restartedMain] o.a.catalina.core.StandardService - Starting service [Tomcat]
2025-12-20 14:08:57.616 INFO  [restartedMain] o.a.catalina.core.StandardEngine - Starting Servlet engine: [Apache Tomcat/10.1.16]
2025-12-20 14:08:57.657 INFO  [restartedMain] o.a.c.c.C.[Tomcat].[localhost].[/] - Initializing Spring embedded WebApplicationContext
2025-12-20 14:08:57.657 INFO  [restartedMain] o.s.b.w.s.c.ServletWebServerApplicationContext - Root WebApplicationContext: initialization completed in 890 ms
2025-12-20 14:08:57.967 DEBUG [restartedMain] o.s.w.s.m.m.a.RequestMappingHandlerMapping - 14 mappings in 'requestMappingHandlerMapping'
2025-12-20 14:08:58.015 DEBUG [restartedMain] o.s.w.s.h.SimpleUrlHandlerMapping - Patterns [/webjars/**, /**] in 'resourceHandlerMapping'
2025-12-20 14:08:58.034 DEBUG [restartedMain] o.s.w.s.m.m.a.RequestMappingHandlerAdapter - ControllerAdvice beans: 0 @ModelAttribute, 0 @InitBinder, 1 RequestBodyAdvice, 1 ResponseBodyAdvice
2025-12-20 14:08:58.058 DEBUG [restartedMain] o.s.w.s.m.m.a.ExceptionHandlerExceptionResolver - ControllerAdvice beans: 0 @ExceptionHandler, 1 ResponseBodyAdvice
2025-12-20 14:08:58.159 INFO  [restartedMain] o.s.b.d.a.OptionalLiveReloadServer - LiveReload server is running on port 35729
2025-12-20 14:08:58.174 INFO  [restartedMain] o.a.coyote.http11.Http11NioProtocol - Starting ProtocolHandler ["http-nio-0.0.0.0-8081"]
2025-12-20 14:08:58.190 INFO  [restartedMain] o.s.b.w.e.tomcat.TomcatWebServer - Tomcat started on port 8081 (http) with context path ''
2025-12-20 14:08:58.200 INFO  [restartedMain] c.e.nproject.NprojectApplication - Started NprojectApplication in 1.829 seconds (process running for 2.375)
2025-12-20 14:09:24.585 INFO  [http-nio-0.0.0.0-8081-exec-1] o.a.c.c.C.[Tomcat].[localhost].[/] - Initializing Spring DispatcherServlet 'dispatcherServlet'
2025-12-20 14:09:24.586 INFO  [http-nio-0.0.0.0-8081-exec-1] o.s.web.servlet.DispatcherServlet - Initializing Servlet 'dispatcherServlet'
2025-12-20 14:09:24.586 DEBUG [http-nio-0.0.0.0-8081-exec-1] o.s.web.servlet.DispatcherServlet - Detected StandardServletMultipartResolver
2025-12-20 14:09:24.586 DEBUG [http-nio-0.0.0.0-8081-exec-1] o.s.web.servlet.DispatcherServlet - Detected AcceptHeaderLocaleResolver
2025-12-20 14:09:24.586 DEBUG [http-nio-0.0.0.0-8081-exec-1] o.s.web.servlet.DispatcherServlet - Detected FixedThemeResolver
2025-12-20 14:09:24.587 DEBUG [http-nio-0.0.0.0-8081-exec-1] o.s.web.servlet.DispatcherServlet - Detected org.springframework.web.servlet.view.DefaultRequestToViewNameTranslator@7ef2263b
2025-12-20 14:09:24.587 DEBUG [http-nio-0.0.0.0-8081-exec-1] o.s.web.servlet.DispatcherServlet - Detected org.springframework.web.servlet.support.SessionFlashMapManager@2045f2a2
2025-12-20 14:09:24.587 DEBUG [http-nio-0.0.0.0-8081-exec-1] o.s.web.servlet.DispatcherServlet - enableLoggingRequestDetails='false': request parameters and headers will be masked to prevent unsafe logging of potentially sensitive data
2025-12-20 14:09:24.587 INFO  [http-nio-0.0.0.0-8081-exec-1] o.s.web.servlet.DispatcherServlet - Completed initialization in 1 ms
2025-12-20 14:09:24.595 DEBUG [http-nio-0.0.0.0-8081-exec-1] o.s.web.servlet.DispatcherServlet - GET "/std-word/list", parameters={}
2025-12-20 14:09:24.604 DEBUG [http-nio-0.0.0.0-8081-exec-1] o.s.w.s.m.m.a.RequestMappingHandlerMapping - Mapped to com.example.nproject.controller.MetaStdWordController#list(MetaStdWordDto, Model)
2025-12-20 14:09:24.650 DEBUG [http-nio-0.0.0.0-8081-exec-1] o.s.jdbc.datasource.DataSourceUtils - Fetching JDBC Connection from DataSource
2025-12-20 14:09:24.650 INFO  [http-nio-0.0.0.0-8081-exec-1] com.zaxxer.hikari.HikariDataSource - HikariPool-1 - Starting...
2025-12-20 14:09:24.967 INFO  [http-nio-0.0.0.0-8081-exec-1] com.zaxxer.hikari.pool.HikariPool - HikariPool-1 - Added connection org.postgresql.jdbc.PgConnection@55488cd3
2025-12-20 14:09:24.969 INFO  [http-nio-0.0.0.0-8081-exec-1] com.zaxxer.hikari.HikariDataSource - HikariPool-1 - Start completed.
2025-12-20 14:09:24.976 DEBUG [http-nio-0.0.0.0-8081-exec-1] c.e.n.m.M.selectStdWordList - ==>  Preparing: SELECT word_id as wordId, std_word_name as stdWordName, eng_abbr_name as engAbbrName, eng_full_name as engFullName, definition, domain_type as domainType, use_yn as useYn FROM meta_std_word ORDER BY word_id LIMIT ? OFFSET ?
2025-12-20 14:09:24.988 DEBUG [http-nio-0.0.0.0-8081-exec-1] c.e.n.m.M.selectStdWordList - ==> Parameters: 10(Integer), 0(Integer)
2025-12-20 14:09:25.008 DEBUG [http-nio-0.0.0.0-8081-exec-1] c.e.n.m.M.selectStdWordList - <==      Total: 10
2025-12-20 14:09:25.015 DEBUG [http-nio-0.0.0.0-8081-exec-1] o.s.jdbc.datasource.DataSourceUtils - Fetching JDBC Connection from DataSource
2025-12-20 14:09:25.015 DEBUG [http-nio-0.0.0.0-8081-exec-1] c.e.n.m.M.countStdWordList - ==>  Preparing: SELECT COUNT(*) FROM meta_std_word
2025-12-20 14:09:25.015 DEBUG [http-nio-0.0.0.0-8081-exec-1] c.e.n.m.M.countStdWordList - ==> Parameters: 
2025-12-20 14:09:25.024 DEBUG [http-nio-0.0.0.0-8081-exec-1] c.e.n.m.M.countStdWordList - <==      Total: 1
2025-12-20 14:09:25.032 DEBUG [http-nio-0.0.0.0-8081-exec-1] o.s.w.s.v.ContentNegotiatingViewResolver - Selected 'text/html' given [text/html, application/xhtml+xml, image/avif, image/webp, image/apng, application/xml;q=0.9, */*;q=0.8, application/signed-exchange;v=b3;q=0.7]
2025-12-20 14:09:25.271 DEBUG [http-nio-0.0.0.0-8081-exec-1] o.s.web.servlet.DispatcherServlet - Completed 200 OK
2025-12-20 14:09:25.285 DEBUG [http-nio-0.0.0.0-8081-exec-2] o.s.web.servlet.DispatcherServlet - GET "/css/common.css", parameters={}
2025-12-20 14:09:25.289 DEBUG [http-nio-0.0.0.0-8081-exec-2] o.s.w.s.h.SimpleUrlHandlerMapping - Mapped to ResourceHttpRequestHandler [classpath [META-INF/resources/], classpath [resources/], classpath [static/], classpath [public/], ServletContext [/]]
2025-12-20 14:09:25.290 DEBUG [http-nio-0.0.0.0-8081-exec-4] o.s.web.servlet.DispatcherServlet - GET "/js/std_word_list.js", parameters={}
2025-12-20 14:09:25.290 DEBUG [http-nio-0.0.0.0-8081-exec-3] o.s.web.servlet.DispatcherServlet - GET "/css/std_word_list.css", parameters={}
2025-12-20 14:09:25.291 DEBUG [http-nio-0.0.0.0-8081-exec-3] o.s.w.s.h.SimpleUrlHandlerMapping - Mapped to ResourceHttpRequestHandler [classpath [META-INF/resources/], classpath [resources/], classpath [static/], classpath [public/], ServletContext [/]]
2025-12-20 14:09:25.291 DEBUG [http-nio-0.0.0.0-8081-exec-4] o.s.w.s.h.SimpleUrlHandlerMapping - Mapped to ResourceHttpRequestHandler [classpath [META-INF/resources/], classpath [resources/], classpath [static/], classpath [public/], ServletContext [/]]
2025-12-20 14:09:25.299 DEBUG [http-nio-0.0.0.0-8081-exec-4] o.s.web.servlet.DispatcherServlet - Completed 200 OK
2025-12-20 14:09:25.308 DEBUG [http-nio-0.0.0.0-8081-exec-3] o.s.web.servlet.DispatcherServlet - Completed 200 OK
2025-12-20 14:09:25.308 DEBUG [http-nio-0.0.0.0-8081-exec-2] o.s.web.servlet.DispatcherServlet - Completed 200 OK
2025-12-20 14:09:31.479 DEBUG [http-nio-0.0.0.0-8081-exec-5] o.s.web.servlet.DispatcherServlet - GET "/std-word/insert", parameters={}
2025-12-20 14:09:31.481 DEBUG [http-nio-0.0.0.0-8081-exec-5] o.s.w.s.m.m.a.RequestMappingHandlerMapping - Mapped to com.example.nproject.controller.MetaStdWordController#insertForm(Model)
2025-12-20 14:09:31.483 DEBUG [http-nio-0.0.0.0-8081-exec-5] o.s.w.s.v.ContentNegotiatingViewResolver - Selected 'text/html' given [text/html, application/xhtml+xml, image/avif, image/webp, image/apng, application/xml;q=0.9, */*;q=0.8, application/signed-exchange;v=b3;q=0.7]
2025-12-20 14:09:31.496 DEBUG [http-nio-0.0.0.0-8081-exec-5] o.s.web.servlet.DispatcherServlet - Completed 200 OK
2025-12-20 14:09:31.519 DEBUG [http-nio-0.0.0.0-8081-exec-7] o.s.web.servlet.DispatcherServlet - GET "/css/common.css", parameters={}
2025-12-20 14:09:31.522 DEBUG [http-nio-0.0.0.0-8081-exec-7] o.s.w.s.h.SimpleUrlHandlerMapping - Mapped to ResourceHttpRequestHandler [classpath [META-INF/resources/], classpath [resources/], classpath [static/], classpath [public/], ServletContext [/]]
2025-12-20 14:09:31.522 DEBUG [http-nio-0.0.0.0-8081-exec-8] o.s.web.servlet.DispatcherServlet - GET "/js/std_word_insert.js", parameters={}
2025-12-20 14:09:31.523 DEBUG [http-nio-0.0.0.0-8081-exec-6] o.s.web.servlet.DispatcherServlet - GET "/css/std_word_insert.css", parameters={}
2025-12-20 14:09:31.523 DEBUG [http-nio-0.0.0.0-8081-exec-8] o.s.w.s.h.SimpleUrlHandlerMapping - Mapped to ResourceHttpRequestHandler [classpath [META-INF/resources/], classpath [resources/], classpath [static/], classpath [public/], ServletContext [/]]
2025-12-20 14:09:31.524 DEBUG [http-nio-0.0.0.0-8081-exec-6] o.s.w.s.h.SimpleUrlHandlerMapping - Mapped to ResourceHttpRequestHandler [classpath [META-INF/resources/], classpath [resources/], classpath [static/], classpath [public/], ServletContext [/]]
2025-12-20 14:09:31.524 DEBUG [http-nio-0.0.0.0-8081-exec-7] o.s.web.servlet.DispatcherServlet - Completed 200 OK
2025-12-20 14:09:31.526 DEBUG [http-nio-0.0.0.0-8081-exec-8] o.s.web.servlet.DispatcherServlet - Completed 200 OK
2025-12-20 14:09:31.526 DEBUG [http-nio-0.0.0.0-8081-exec-6] o.s.web.servlet.DispatcherServlet - Completed 200 OK
2025-12-20 14:09:34.914 DEBUG [http-nio-0.0.0.0-8081-exec-9] o.s.web.servlet.DispatcherServlet - GET "/std-word/list", parameters={}
2025-12-20 14:09:34.915 DEBUG [http-nio-0.0.0.0-8081-exec-9] o.s.w.s.m.m.a.RequestMappingHandlerMapping - Mapped to com.example.nproject.controller.MetaStdWordController#list(MetaStdWordDto, Model)
2025-12-20 14:09:34.915 DEBUG [http-nio-0.0.0.0-8081-exec-9] o.s.jdbc.datasource.DataSourceUtils - Fetching JDBC Connection from DataSource
2025-12-20 14:09:34.925 DEBUG [http-nio-0.0.0.0-8081-exec-9] c.e.n.m.M.selectStdWordList - ==>  Preparing: SELECT word_id as wordId, std_word_name as stdWordName, eng_abbr_name as engAbbrName, eng_full_name as engFullName, definition, domain_type as domainType, use_yn as useYn FROM meta_std_word ORDER BY word_id LIMIT ? OFFSET ?
2025-12-20 14:09:34.925 DEBUG [http-nio-0.0.0.0-8081-exec-9] c.e.n.m.M.selectStdWordList - ==> Parameters: 10(Integer), 0(Integer)
2025-12-20 14:09:34.937 DEBUG [http-nio-0.0.0.0-8081-exec-9] c.e.n.m.M.selectStdWordList - <==      Total: 10
2025-12-20 14:09:34.937 DEBUG [http-nio-0.0.0.0-8081-exec-9] o.s.jdbc.datasource.DataSourceUtils - Fetching JDBC Connection from DataSource
2025-12-20 14:09:34.938 DEBUG [http-nio-0.0.0.0-8081-exec-9] c.e.n.m.M.countStdWordList - ==>  Preparing: SELECT COUNT(*) FROM meta_std_word
2025-12-20 14:09:34.938 DEBUG [http-nio-0.0.0.0-8081-exec-9] c.e.n.m.M.countStdWordList - ==> Parameters: 
2025-12-20 14:09:34.948 DEBUG [http-nio-0.0.0.0-8081-exec-9] c.e.n.m.M.countStdWordList - <==      Total: 1
2025-12-20 14:09:34.949 DEBUG [http-nio-0.0.0.0-8081-exec-9] o.s.w.s.v.ContentNegotiatingViewResolver - Selected 'text/html' given [text/html, application/xhtml+xml, image/avif, image/webp, image/apng, application/xml;q=0.9, */*;q=0.8, application/signed-exchange;v=b3;q=0.7]
2025-12-20 14:09:34.962 DEBUG [http-nio-0.0.0.0-8081-exec-9] o.s.web.servlet.DispatcherServlet - Completed 200 OK
2025-12-20 14:09:34.978 DEBUG [http-nio-0.0.0.0-8081-exec-10] o.s.web.servlet.DispatcherServlet - GET "/css/common.css", parameters={}
2025-12-20 14:09:34.979 DEBUG [http-nio-0.0.0.0-8081-exec-10] o.s.w.s.h.SimpleUrlHandlerMapping - Mapped to ResourceHttpRequestHandler [classpath [META-INF/resources/], classpath [resources/], classpath [static/], classpath [public/], ServletContext [/]]
2025-12-20 14:09:34.980 DEBUG [http-nio-0.0.0.0-8081-exec-10] o.s.web.servlet.DispatcherServlet - Completed 200 OK
2025-12-20 14:09:34.981 DEBUG [http-nio-0.0.0.0-8081-exec-1] o.s.web.servlet.DispatcherServlet - GET "/css/std_word_list.css", parameters={}
2025-12-20 14:09:34.982 DEBUG [http-nio-0.0.0.0-8081-exec-4] o.s.web.servlet.DispatcherServlet - GET "/js/std_word_list.js", parameters={}
2025-12-20 14:09:34.982 DEBUG [http-nio-0.0.0.0-8081-exec-1] o.s.w.s.h.SimpleUrlHandlerMapping - Mapped to ResourceHttpRequestHandler [classpath [META-INF/resources/], classpath [resources/], classpath [static/], classpath [public/], ServletContext [/]]
2025-12-20 14:09:34.982 DEBUG [http-nio-0.0.0.0-8081-exec-4] o.s.w.s.h.SimpleUrlHandlerMapping - Mapped to ResourceHttpRequestHandler [classpath [META-INF/resources/], classpath [resources/], classpath [static/], classpath [public/], ServletContext [/]]
2025-12-20 14:09:34.984 DEBUG [http-nio-0.0.0.0-8081-exec-1] o.s.web.servlet.DispatcherServlet - Completed 200 OK
2025-12-20 14:09:34.984 DEBUG [http-nio-0.0.0.0-8081-exec-4] o.s.web.servlet.DispatcherServlet - Completed 200 OK
2025-12-20 14:09:35.228 DEBUG [http-nio-0.0.0.0-8081-exec-2] o.s.web.servlet.DispatcherServlet - GET "/std-word/insert", parameters={}
2025-12-20 14:09:35.228 DEBUG [http-nio-0.0.0.0-8081-exec-2] o.s.w.s.m.m.a.RequestMappingHandlerMapping - Mapped to com.example.nproject.controller.MetaStdWordController#insertForm(Model)
2025-12-20 14:09:35.229 DEBUG [http-nio-0.0.0.0-8081-exec-2] o.s.w.s.v.ContentNegotiatingViewResolver - Selected 'text/html' given [text/html, application/xhtml+xml, image/avif, image/webp, image/apng, application/xml;q=0.9, */*;q=0.8, application/signed-exchange;v=b3;q=0.7]
2025-12-20 14:09:35.237 DEBUG [http-nio-0.0.0.0-8081-exec-2] o.s.web.servlet.DispatcherServlet - Completed 200 OK
2025-12-20 14:09:35.253 DEBUG [http-nio-0.0.0.0-8081-exec-3] o.s.web.servlet.DispatcherServlet - GET "/css/common.css", parameters={}
2025-12-20 14:09:35.254 DEBUG [http-nio-0.0.0.0-8081-exec-7] o.s.web.servlet.DispatcherServlet - GET "/js/std_word_insert.js", parameters={}
2025-12-20 14:09:35.254 DEBUG [http-nio-0.0.0.0-8081-exec-5] o.s.web.servlet.DispatcherServlet - GET "/css/std_word_insert.css", parameters={}
2025-12-20 14:09:35.254 DEBUG [http-nio-0.0.0.0-8081-exec-3] o.s.w.s.h.SimpleUrlHandlerMapping - Mapped to ResourceHttpRequestHandler [classpath [META-INF/resources/], classpath [resources/], classpath [static/], classpath [public/], ServletContext [/]]
2025-12-20 14:09:35.255 DEBUG [http-nio-0.0.0.0-8081-exec-7] o.s.w.s.h.SimpleUrlHandlerMapping - Mapped to ResourceHttpRequestHandler [classpath [META-INF/resources/], classpath [resources/], classpath [static/], classpath [public/], ServletContext [/]]
2025-12-20 14:09:35.255 DEBUG [http-nio-0.0.0.0-8081-exec-5] o.s.w.s.h.SimpleUrlHandlerMapping - Mapped to ResourceHttpRequestHandler [classpath [META-INF/resources/], classpath [resources/], classpath [static/], classpath [public/], ServletContext [/]]
2025-12-20 14:09:35.257 DEBUG [http-nio-0.0.0.0-8081-exec-5] o.s.web.servlet.DispatcherServlet - Completed 200 OK
2025-12-20 14:09:35.257 DEBUG [http-nio-0.0.0.0-8081-exec-7] o.s.web.servlet.DispatcherServlet - Completed 200 OK
2025-12-20 14:09:35.257 DEBUG [http-nio-0.0.0.0-8081-exec-3] o.s.web.servlet.DispatcherServlet - Completed 200 OK
2025-12-20 14:09:36.065 DEBUG [http-nio-0.0.0.0-8081-exec-8] o.s.web.servlet.DispatcherServlet - GET "/std-word/insert", parameters={}
2025-12-20 14:09:36.067 DEBUG [http-nio-0.0.0.0-8081-exec-8] o.s.w.s.m.m.a.RequestMappingHandlerMapping - Mapped to com.example.nproject.controller.MetaStdWordController#insertForm(Model)
2025-12-20 14:09:36.068 DEBUG [http-nio-0.0.0.0-8081-exec-8] o.s.w.s.v.ContentNegotiatingViewResolver - Selected 'text/html' given [text/html, application/xhtml+xml, image/avif, image/webp, image/apng, application/xml;q=0.9, */*;q=0.8, application/signed-exchange;v=b3;q=0.7]
2025-12-20 14:09:36.073 DEBUG [http-nio-0.0.0.0-8081-exec-8] o.s.web.servlet.DispatcherServlet - Completed 200 OK
2025-12-20 14:09:36.092 DEBUG [http-nio-0.0.0.0-8081-exec-6] o.s.web.servlet.DispatcherServlet - GET "/css/common.css", parameters={}
2025-12-20 14:09:36.093 DEBUG [http-nio-0.0.0.0-8081-exec-6] o.s.w.s.h.SimpleUrlHandlerMapping - Mapped to ResourceHttpRequestHandler [classpath [META-INF/resources/], classpath [resources/], classpath [static/], classpath [public/], ServletContext [/]]
2025-12-20 14:09:36.095 DEBUG [http-nio-0.0.0.0-8081-exec-9] o.s.web.servlet.DispatcherServlet - GET "/css/std_word_insert.css", parameters={}
2025-12-20 14:09:36.095 DEBUG [http-nio-0.0.0.0-8081-exec-10] o.s.web.servlet.DispatcherServlet - GET "/js/std_word_insert.js", parameters={}
2025-12-20 14:09:36.095 DEBUG [http-nio-0.0.0.0-8081-exec-10] o.s.w.s.h.SimpleUrlHandlerMapping - Mapped to ResourceHttpRequestHandler [classpath [META-INF/resources/], classpath [resources/], classpath [static/], classpath [public/], ServletContext [/]]
2025-12-20 14:09:36.095 DEBUG [http-nio-0.0.0.0-8081-exec-9] o.s.w.s.h.SimpleUrlHandlerMapping - Mapped to ResourceHttpRequestHandler [classpath [META-INF/resources/], classpath [resources/], classpath [static/], classpath [public/], ServletContext [/]]
2025-12-20 14:09:36.096 DEBUG [http-nio-0.0.0.0-8081-exec-6] o.s.web.servlet.DispatcherServlet - Completed 200 OK
2025-12-20 14:09:36.097 DEBUG [http-nio-0.0.0.0-8081-exec-9] o.s.web.servlet.DispatcherServlet - Completed 200 OK
2025-12-20 14:09:36.097 DEBUG [http-nio-0.0.0.0-8081-exec-10] o.s.web.servlet.DispatcherServlet - Completed 200 OK
2025-12-20 14:09:36.826 DEBUG [http-nio-0.0.0.0-8081-exec-1] o.s.web.servlet.DispatcherServlet - GET "/std-word/insert", parameters={}
2025-12-20 14:09:36.828 DEBUG [http-nio-0.0.0.0-8081-exec-1] o.s.w.s.m.m.a.RequestMappingHandlerMapping - Mapped to com.example.nproject.controller.MetaStdWordController#insertForm(Model)
2025-12-20 14:09:36.829 DEBUG [http-nio-0.0.0.0-8081-exec-1] o.s.w.s.v.ContentNegotiatingViewResolver - Selected 'text/html' given [text/html, application/xhtml+xml, image/avif, image/webp, image/apng, application/xml;q=0.9, */*;q=0.8, application/signed-exchange;v=b3;q=0.7]
2025-12-20 14:09:36.834 DEBUG [http-nio-0.0.0.0-8081-exec-1] o.s.web.servlet.DispatcherServlet - Completed 200 OK
2025-12-20 14:09:36.854 DEBUG [http-nio-0.0.0.0-8081-exec-4] o.s.web.servlet.DispatcherServlet - GET "/css/common.css", parameters={}
2025-12-20 14:09:36.854 DEBUG [http-nio-0.0.0.0-8081-exec-2] o.s.web.servlet.DispatcherServlet - GET "/css/std_word_insert.css", parameters={}
2025-12-20 14:09:36.854 DEBUG [http-nio-0.0.0.0-8081-exec-7] o.s.web.servlet.DispatcherServlet - GET "/js/std_word_insert.js", parameters={}
2025-12-20 14:09:36.855 DEBUG [http-nio-0.0.0.0-8081-exec-4] o.s.w.s.h.SimpleUrlHandlerMapping - Mapped to ResourceHttpRequestHandler [classpath [META-INF/resources/], classpath [resources/], classpath [static/], classpath [public/], ServletContext [/]]
2025-12-20 14:09:36.855 DEBUG [http-nio-0.0.0.0-8081-exec-7] o.s.w.s.h.SimpleUrlHandlerMapping - Mapped to ResourceHttpRequestHandler [classpath [META-INF/resources/], classpath [resources/], classpath [static/], classpath [public/], ServletContext [/]]
2025-12-20 14:09:36.855 DEBUG [http-nio-0.0.0.0-8081-exec-2] o.s.w.s.h.SimpleUrlHandlerMapping - Mapped to ResourceHttpRequestHandler [classpath [META-INF/resources/], classpath [resources/], classpath [static/], classpath [public/], ServletContext [/]]
2025-12-20 14:09:36.858 DEBUG [http-nio-0.0.0.0-8081-exec-4] o.s.web.servlet.DispatcherServlet - Completed 200 OK
2025-12-20 14:09:36.858 DEBUG [http-nio-0.0.0.0-8081-exec-2] o.s.web.servlet.DispatcherServlet - Completed 200 OK
2025-12-20 14:09:36.858 DEBUG [http-nio-0.0.0.0-8081-exec-7] o.s.web.servlet.DispatcherServlet - Completed 200 OK
2025-12-20 14:09:37.222 DEBUG [http-nio-0.0.0.0-8081-exec-3] o.s.web.servlet.DispatcherServlet - GET "/std-word/insert", parameters={}
2025-12-20 14:09:37.223 DEBUG [http-nio-0.0.0.0-8081-exec-3] o.s.w.s.m.m.a.RequestMappingHandlerMapping - Mapped to com.example.nproject.controller.MetaStdWordController#insertForm(Model)
2025-12-20 14:09:37.224 DEBUG [http-nio-0.0.0.0-8081-exec-3] o.s.w.s.v.ContentNegotiatingViewResolver - Selected 'text/html' given [text/html, application/xhtml+xml, image/avif, image/webp, image/apng, application/xml;q=0.9, */*;q=0.8, application/signed-exchange;v=b3;q=0.7]
2025-12-20 14:09:37.230 DEBUG [http-nio-0.0.0.0-8081-exec-3] o.s.web.servlet.DispatcherServlet - Completed 200 OK
2025-12-20 14:09:37.250 DEBUG [http-nio-0.0.0.0-8081-exec-5] o.s.web.servlet.DispatcherServlet - GET "/css/common.css", parameters={}
2025-12-20 14:09:37.250 DEBUG [http-nio-0.0.0.0-8081-exec-5] o.s.w.s.h.SimpleUrlHandlerMapping - Mapped to ResourceHttpRequestHandler [classpath [META-INF/resources/], classpath [resources/], classpath [static/], classpath [public/], ServletContext [/]]
2025-12-20 14:09:37.252 DEBUG [http-nio-0.0.0.0-8081-exec-8] o.s.web.servlet.DispatcherServlet - GET "/css/std_word_insert.css", parameters={}
2025-12-20 14:09:37.253 DEBUG [http-nio-0.0.0.0-8081-exec-6] o.s.web.servlet.DispatcherServlet - GET "/js/std_word_insert.js", parameters={}
2025-12-20 14:09:37.253 DEBUG [http-nio-0.0.0.0-8081-exec-8] o.s.w.s.h.SimpleUrlHandlerMapping - Mapped to ResourceHttpRequestHandler [classpath [META-INF/resources/], classpath [resources/], classpath [static/], classpath [public/], ServletContext [/]]
2025-12-20 14:09:37.254 DEBUG [http-nio-0.0.0.0-8081-exec-6] o.s.w.s.h.SimpleUrlHandlerMapping - Mapped to ResourceHttpRequestHandler [classpath [META-INF/resources/], classpath [resources/], classpath [static/], classpath [public/], ServletContext [/]]
2025-12-20 14:09:37.255 DEBUG [http-nio-0.0.0.0-8081-exec-5] o.s.web.servlet.DispatcherServlet - Completed 200 OK
2025-12-20 14:09:37.255 DEBUG [http-nio-0.0.0.0-8081-exec-8] o.s.web.servlet.DispatcherServlet - Completed 200 OK
2025-12-20 14:09:37.256 DEBUG [http-nio-0.0.0.0-8081-exec-6] o.s.web.servlet.DispatcherServlet - Completed 200 OK
2025-12-20 14:09:37.559 DEBUG [http-nio-0.0.0.0-8081-exec-10] o.s.web.servlet.DispatcherServlet - GET "/std-word/list", parameters={}
2025-12-20 14:09:37.559 DEBUG [http-nio-0.0.0.0-8081-exec-10] o.s.w.s.m.m.a.RequestMappingHandlerMapping - Mapped to com.example.nproject.controller.MetaStdWordController#list(MetaStdWordDto, Model)
2025-12-20 14:09:37.560 DEBUG [http-nio-0.0.0.0-8081-exec-10] o.s.jdbc.datasource.DataSourceUtils - Fetching JDBC Connection from DataSource
2025-12-20 14:09:37.568 DEBUG [http-nio-0.0.0.0-8081-exec-10] c.e.n.m.M.selectStdWordList - ==>  Preparing: SELECT word_id as wordId, std_word_name as stdWordName, eng_abbr_name as engAbbrName, eng_full_name as engFullName, definition, domain_type as domainType, use_yn as useYn FROM meta_std_word ORDER BY word_id LIMIT ? OFFSET ?
2025-12-20 14:09:37.569 DEBUG [http-nio-0.0.0.0-8081-exec-10] c.e.n.m.M.selectStdWordList - ==> Parameters: 10(Integer), 0(Integer)
2025-12-20 14:09:37.581 DEBUG [http-nio-0.0.0.0-8081-exec-10] c.e.n.m.M.selectStdWordList - <==      Total: 10
2025-12-20 14:09:37.581 DEBUG [http-nio-0.0.0.0-8081-exec-10] o.s.jdbc.datasource.DataSourceUtils - Fetching JDBC Connection from DataSource
2025-12-20 14:09:37.581 DEBUG [http-nio-0.0.0.0-8081-exec-10] c.e.n.m.M.countStdWordList - ==>  Preparing: SELECT COUNT(*) FROM meta_std_word
2025-12-20 14:09:37.581 DEBUG [http-nio-0.0.0.0-8081-exec-10] c.e.n.m.M.countStdWordList - ==> Parameters: 
2025-12-20 14:09:37.590 DEBUG [http-nio-0.0.0.0-8081-exec-10] c.e.n.m.M.countStdWordList - <==      Total: 1
2025-12-20 14:09:37.592 DEBUG [http-nio-0.0.0.0-8081-exec-10] o.s.w.s.v.ContentNegotiatingViewResolver - Selected 'text/html' given [text/html, application/xhtml+xml, image/avif, image/webp, image/apng, application/xml;q=0.9, */*;q=0.8, application/signed-exchange;v=b3;q=0.7]
2025-12-20 14:09:37.602 DEBUG [http-nio-0.0.0.0-8081-exec-10] o.s.web.servlet.DispatcherServlet - Completed 200 OK
2025-12-20 14:09:37.616 DEBUG [http-nio-0.0.0.0-8081-exec-9] o.s.web.servlet.DispatcherServlet - GET "/css/common.css", parameters={}
2025-12-20 14:09:37.616 DEBUG [http-nio-0.0.0.0-8081-exec-9] o.s.w.s.h.SimpleUrlHandlerMapping - Mapped to ResourceHttpRequestHandler [classpath [META-INF/resources/], classpath [resources/], classpath [static/], classpath [public/], ServletContext [/]]
2025-12-20 14:09:37.618 DEBUG [http-nio-0.0.0.0-8081-exec-2] o.s.web.servlet.DispatcherServlet - GET "/js/std_word_list.js", parameters={}
2025-12-20 14:09:37.619 DEBUG [http-nio-0.0.0.0-8081-exec-2] o.s.w.s.h.SimpleUrlHandlerMapping - Mapped to ResourceHttpRequestHandler [classpath [META-INF/resources/], classpath [resources/], classpath [static/], classpath [public/], ServletContext [/]]
2025-12-20 14:09:37.619 DEBUG [http-nio-0.0.0.0-8081-exec-1] o.s.web.servlet.DispatcherServlet - GET "/css/std_word_list.css", parameters={}
2025-12-20 14:09:37.619 DEBUG [http-nio-0.0.0.0-8081-exec-9] o.s.web.servlet.DispatcherServlet - Completed 200 OK
2025-12-20 14:09:37.620 DEBUG [http-nio-0.0.0.0-8081-exec-1] o.s.w.s.h.SimpleUrlHandlerMapping - Mapped to ResourceHttpRequestHandler [classpath [META-INF/resources/], classpath [resources/], classpath [static/], classpath [public/], ServletContext [/]]
2025-12-20 14:09:37.622 DEBUG [http-nio-0.0.0.0-8081-exec-2] o.s.web.servlet.DispatcherServlet - Completed 200 OK
2025-12-20 14:09:37.623 DEBUG [http-nio-0.0.0.0-8081-exec-1] o.s.web.servlet.DispatcherServlet - Completed 200 OK
2025-12-20 14:09:58.636 DEBUG [http-nio-0.0.0.0-8081-exec-7] o.s.web.servlet.DispatcherServlet - GET "/std-word/list", parameters={}
2025-12-20 14:09:58.636 DEBUG [http-nio-0.0.0.0-8081-exec-7] o.s.w.s.m.m.a.RequestMappingHandlerMapping - Mapped to com.example.nproject.controller.MetaStdWordController#list(MetaStdWordDto, Model)
2025-12-20 14:09:58.636 DEBUG [http-nio-0.0.0.0-8081-exec-7] o.s.jdbc.datasource.DataSourceUtils - Fetching JDBC Connection from DataSource
2025-12-20 14:09:58.645 DEBUG [http-nio-0.0.0.0-8081-exec-7] c.e.n.m.M.selectStdWordList - ==>  Preparing: SELECT word_id as wordId, std_word_name as stdWordName, eng_abbr_name as engAbbrName, eng_full_name as engFullName, definition, domain_type as domainType, use_yn as useYn FROM meta_std_word ORDER BY word_id LIMIT ? OFFSET ?
2025-12-20 14:09:58.646 DEBUG [http-nio-0.0.0.0-8081-exec-7] c.e.n.m.M.selectStdWordList - ==> Parameters: 10(Integer), 0(Integer)
2025-12-20 14:09:58.655 DEBUG [http-nio-0.0.0.0-8081-exec-7] c.e.n.m.M.selectStdWordList - <==      Total: 10
2025-12-20 14:09:58.657 DEBUG [http-nio-0.0.0.0-8081-exec-7] o.s.jdbc.datasource.DataSourceUtils - Fetching JDBC Connection from DataSource
2025-12-20 14:09:58.657 DEBUG [http-nio-0.0.0.0-8081-exec-7] c.e.n.m.M.countStdWordList - ==>  Preparing: SELECT COUNT(*) FROM meta_std_word
2025-12-20 14:09:58.657 DEBUG [http-nio-0.0.0.0-8081-exec-7] c.e.n.m.M.countStdWordList - ==> Parameters: 
2025-12-20 14:09:58.667 DEBUG [http-nio-0.0.0.0-8081-exec-7] c.e.n.m.M.countStdWordList - <==      Total: 1
2025-12-20 14:09:58.668 DEBUG [http-nio-0.0.0.0-8081-exec-7] o.s.w.s.v.ContentNegotiatingViewResolver - Selected 'text/html' given [text/html, application/xhtml+xml, image/avif, image/webp, image/apng, application/xml;q=0.9, */*;q=0.8, application/signed-exchange;v=b3;q=0.7]
2025-12-20 14:09:58.669 DEBUG [http-nio-0.0.0.0-8081-exec-7] o.s.web.servlet.DispatcherServlet - Completed 200 OK
2025-12-20 14:09:58.680 DEBUG [http-nio-0.0.0.0-8081-exec-4] o.s.web.servlet.DispatcherServlet - GET "/css/common.css", parameters={}
2025-12-20 14:09:58.681 DEBUG [http-nio-0.0.0.0-8081-exec-3] o.s.web.servlet.DispatcherServlet - GET "/css/std_word_list.css", parameters={}
2025-12-20 14:09:58.681 DEBUG [http-nio-0.0.0.0-8081-exec-5] o.s.web.servlet.DispatcherServlet - GET "/js/std_word_list.js", parameters={}
2025-12-20 14:09:58.681 DEBUG [http-nio-0.0.0.0-8081-exec-4] o.s.w.s.h.SimpleUrlHandlerMapping - Mapped to ResourceHttpRequestHandler [classpath [META-INF/resources/], classpath [resources/], classpath [static/], classpath [public/], ServletContext [/]]
2025-12-20 14:09:58.681 DEBUG [http-nio-0.0.0.0-8081-exec-5] o.s.w.s.h.SimpleUrlHandlerMapping - Mapped to ResourceHttpRequestHandler [classpath [META-INF/resources/], classpath [resources/], classpath [static/], classpath [public/], ServletContext [/]]
2025-12-20 14:09:58.681 DEBUG [http-nio-0.0.0.0-8081-exec-3] o.s.w.s.h.SimpleUrlHandlerMapping - Mapped to ResourceHttpRequestHandler [classpath [META-INF/resources/], classpath [resources/], classpath [static/], classpath [public/], ServletContext [/]]
2025-12-20 14:09:58.683 DEBUG [http-nio-0.0.0.0-8081-exec-4] o.s.web.servlet.DispatcherServlet - Completed 200 OK
2025-12-20 14:09:58.683 DEBUG [http-nio-0.0.0.0-8081-exec-3] o.s.web.servlet.DispatcherServlet - Completed 200 OK
2025-12-20 14:09:58.714 DEBUG [http-nio-0.0.0.0-8081-exec-5] o.s.web.servlet.DispatcherServlet - Completed 200 OK
2025-12-20 14:10:01.102 DEBUG [http-nio-0.0.0.0-8081-exec-8] o.s.web.servlet.DispatcherServlet - GET "/std-word/insert", parameters={}
2025-12-20 14:10:01.102 DEBUG [http-nio-0.0.0.0-8081-exec-8] o.s.w.s.m.m.a.RequestMappingHandlerMapping - Mapped to com.example.nproject.controller.MetaStdWordController#insertForm(Model)
2025-12-20 14:10:01.103 DEBUG [http-nio-0.0.0.0-8081-exec-8] o.s.w.s.v.ContentNegotiatingViewResolver - Selected 'text/html' given [text/html, application/xhtml+xml, image/avif, image/webp, image/apng, application/xml;q=0.9, */*;q=0.8, application/signed-exchange;v=b3;q=0.7]
2025-12-20 14:10:01.106 DEBUG [http-nio-0.0.0.0-8081-exec-8] o.s.web.servlet.DispatcherServlet - Completed 200 OK
2025-12-20 14:10:01.126 DEBUG [http-nio-0.0.0.0-8081-exec-6] o.s.web.servlet.DispatcherServlet - GET "/css/common.css", parameters={}
2025-12-20 14:10:01.126 DEBUG [http-nio-0.0.0.0-8081-exec-6] o.s.w.s.h.SimpleUrlHandlerMapping - Mapped to ResourceHttpRequestHandler [classpath [META-INF/resources/], classpath [resources/], classpath [static/], classpath [public/], ServletContext [/]]
2025-12-20 14:10:01.128 DEBUG [http-nio-0.0.0.0-8081-exec-9] o.s.web.servlet.DispatcherServlet - GET "/js/std_word_insert.js", parameters={}
2025-12-20 14:10:01.128 DEBUG [http-nio-0.0.0.0-8081-exec-6] o.s.web.servlet.DispatcherServlet - Completed 200 OK
2025-12-20 14:10:01.128 DEBUG [http-nio-0.0.0.0-8081-exec-10] o.s.web.servlet.DispatcherServlet - GET "/css/std_word_insert.css", parameters={}
2025-12-20 14:10:01.128 DEBUG [http-nio-0.0.0.0-8081-exec-10] o.s.w.s.h.SimpleUrlHandlerMapping - Mapped to ResourceHttpRequestHandler [classpath [META-INF/resources/], classpath [resources/], classpath [static/], classpath [public/], ServletContext [/]]
2025-12-20 14:10:01.128 DEBUG [http-nio-0.0.0.0-8081-exec-9] o.s.w.s.h.SimpleUrlHandlerMapping - Mapped to ResourceHttpRequestHandler [classpath [META-INF/resources/], classpath [resources/], classpath [static/], classpath [public/], ServletContext [/]]
2025-12-20 14:10:01.136 DEBUG [http-nio-0.0.0.0-8081-exec-9] o.s.web.servlet.DispatcherServlet - Completed 200 OK
2025-12-20 14:10:01.136 DEBUG [http-nio-0.0.0.0-8081-exec-10] o.s.web.servlet.DispatcherServlet - Completed 200 OK
2025-12-20 14:10:03.365 DEBUG [http-nio-0.0.0.0-8081-exec-2] o.s.web.servlet.DispatcherServlet - GET "/std-word/list", parameters={}
2025-12-20 14:10:03.365 DEBUG [http-nio-0.0.0.0-8081-exec-2] o.s.w.s.m.m.a.RequestMappingHandlerMapping - Mapped to com.example.nproject.controller.MetaStdWordController#list(MetaStdWordDto, Model)
2025-12-20 14:10:03.365 DEBUG [http-nio-0.0.0.0-8081-exec-2] o.s.jdbc.datasource.DataSourceUtils - Fetching JDBC Connection from DataSource
2025-12-20 14:10:03.375 DEBUG [http-nio-0.0.0.0-8081-exec-2] c.e.n.m.M.selectStdWordList - ==>  Preparing: SELECT word_id as wordId, std_word_name as stdWordName, eng_abbr_name as engAbbrName, eng_full_name as engFullName, definition, domain_type as domainType, use_yn as useYn FROM meta_std_word ORDER BY word_id LIMIT ? OFFSET ?
2025-12-20 14:10:03.375 DEBUG [http-nio-0.0.0.0-8081-exec-2] c.e.n.m.M.selectStdWordList - ==> Parameters: 10(Integer), 0(Integer)
2025-12-20 14:10:03.388 DEBUG [http-nio-0.0.0.0-8081-exec-2] c.e.n.m.M.selectStdWordList - <==      Total: 10
2025-12-20 14:10:03.388 DEBUG [http-nio-0.0.0.0-8081-exec-2] o.s.jdbc.datasource.DataSourceUtils - Fetching JDBC Connection from DataSource
2025-12-20 14:10:03.388 DEBUG [http-nio-0.0.0.0-8081-exec-2] c.e.n.m.M.countStdWordList - ==>  Preparing: SELECT COUNT(*) FROM meta_std_word
2025-12-20 14:10:03.388 DEBUG [http-nio-0.0.0.0-8081-exec-2] c.e.n.m.M.countStdWordList - ==> Parameters: 
2025-12-20 14:10:03.402 DEBUG [http-nio-0.0.0.0-8081-exec-2] c.e.n.m.M.countStdWordList - <==      Total: 1
2025-12-20 14:10:03.403 DEBUG [http-nio-0.0.0.0-8081-exec-2] o.s.w.s.v.ContentNegotiatingViewResolver - Selected 'text/html' given [text/html, application/xhtml+xml, image/avif, image/webp, image/apng, application/xml;q=0.9, */*;q=0.8, application/signed-exchange;v=b3;q=0.7]
2025-12-20 14:10:03.409 DEBUG [http-nio-0.0.0.0-8081-exec-2] o.s.web.servlet.DispatcherServlet - Completed 200 OK
2025-12-20 14:10:03.424 DEBUG [http-nio-0.0.0.0-8081-exec-1] o.s.web.servlet.DispatcherServlet - GET "/css/common.css", parameters={}
2025-12-20 14:10:03.425 DEBUG [http-nio-0.0.0.0-8081-exec-7] o.s.web.servlet.DispatcherServlet - GET "/css/std_word_list.css", parameters={}
2025-12-20 14:10:03.425 DEBUG [http-nio-0.0.0.0-8081-exec-3] o.s.web.servlet.DispatcherServlet - GET "/js/std_word_list.js", parameters={}
2025-12-20 14:10:03.425 DEBUG [http-nio-0.0.0.0-8081-exec-1] o.s.w.s.h.SimpleUrlHandlerMapping - Mapped to ResourceHttpRequestHandler [classpath [META-INF/resources/], classpath [resources/], classpath [static/], classpath [public/], ServletContext [/]]
2025-12-20 14:10:03.425 DEBUG [http-nio-0.0.0.0-8081-exec-3] o.s.w.s.h.SimpleUrlHandlerMapping - Mapped to ResourceHttpRequestHandler [classpath [META-INF/resources/], classpath [resources/], classpath [static/], classpath [public/], ServletContext [/]]
2025-12-20 14:10:03.425 DEBUG [http-nio-0.0.0.0-8081-exec-7] o.s.w.s.h.SimpleUrlHandlerMapping - Mapped to ResourceHttpRequestHandler [classpath [META-INF/resources/], classpath [resources/], classpath [static/], classpath [public/], ServletContext [/]]
2025-12-20 14:10:03.427 DEBUG [http-nio-0.0.0.0-8081-exec-7] o.s.web.servlet.DispatcherServlet - Completed 200 OK
2025-12-20 14:10:03.427 DEBUG [http-nio-0.0.0.0-8081-exec-1] o.s.web.servlet.DispatcherServlet - Completed 200 OK
2025-12-20 14:10:03.427 DEBUG [http-nio-0.0.0.0-8081-exec-3] o.s.web.servlet.DispatcherServlet - Completed 200 OK
2025-12-20 14:11:49.228 DEBUG [http-nio-0.0.0.0-8081-exec-6] o.s.web.servlet.DispatcherServlet - GET "/std-word/list", parameters={}
2025-12-20 14:11:49.229 DEBUG [http-nio-0.0.0.0-8081-exec-6] o.s.w.s.m.m.a.RequestMappingHandlerMapping - Mapped to com.example.nproject.controller.MetaStdWordController#list(MetaStdWordDto, Model)
2025-12-20 14:11:49.230 DEBUG [http-nio-0.0.0.0-8081-exec-6] o.s.jdbc.datasource.DataSourceUtils - Fetching JDBC Connection from DataSource
2025-12-20 14:11:49.240 DEBUG [http-nio-0.0.0.0-8081-exec-6] c.e.n.m.M.selectStdWordList - ==>  Preparing: SELECT word_id as wordId, std_word_name as stdWordName, eng_abbr_name as engAbbrName, eng_full_name as engFullName, definition, domain_type as domainType, use_yn as useYn FROM meta_std_word ORDER BY word_id LIMIT ? OFFSET ?
2025-12-20 14:11:49.240 DEBUG [http-nio-0.0.0.0-8081-exec-6] c.e.n.m.M.selectStdWordList - ==> Parameters: 10(Integer), 0(Integer)
2025-12-20 14:11:49.252 DEBUG [http-nio-0.0.0.0-8081-exec-6] c.e.n.m.M.selectStdWordList - <==      Total: 10
2025-12-20 14:11:49.252 DEBUG [http-nio-0.0.0.0-8081-exec-6] o.s.jdbc.datasource.DataSourceUtils - Fetching JDBC Connection from DataSource
2025-12-20 14:11:49.252 DEBUG [http-nio-0.0.0.0-8081-exec-6] c.e.n.m.M.countStdWordList - ==>  Preparing: SELECT COUNT(*) FROM meta_std_word
2025-12-20 14:11:49.252 DEBUG [http-nio-0.0.0.0-8081-exec-6] c.e.n.m.M.countStdWordList - ==> Parameters: 
2025-12-20 14:11:49.285 DEBUG [http-nio-0.0.0.0-8081-exec-6] c.e.n.m.M.countStdWordList - <==      Total: 1
2025-12-20 14:11:49.285 DEBUG [http-nio-0.0.0.0-8081-exec-6] o.s.w.s.v.ContentNegotiatingViewResolver - Selected 'text/html' given [text/html, application/xhtml+xml, image/avif, image/webp, image/apng, application/xml;q=0.9, */*;q=0.8, application/signed-exchange;v=b3;q=0.7]
2025-12-20 14:11:49.291 DEBUG [http-nio-0.0.0.0-8081-exec-6] o.s.web.servlet.DispatcherServlet - Completed 200 OK
2025-12-20 14:11:49.298 DEBUG [http-nio-0.0.0.0-8081-exec-9] o.s.web.servlet.DispatcherServlet - GET "/css/common.css", parameters={}
2025-12-20 14:11:49.299 DEBUG [http-nio-0.0.0.0-8081-exec-9] o.s.w.s.h.SimpleUrlHandlerMapping - Mapped to ResourceHttpRequestHandler [classpath [META-INF/resources/], classpath [resources/], classpath [static/], classpath [public/], ServletContext [/]]
2025-12-20 14:11:49.300 DEBUG [http-nio-0.0.0.0-8081-exec-2] o.s.web.servlet.DispatcherServlet - GET "/js/std_word_list.js", parameters={}
2025-12-20 14:11:49.300 DEBUG [http-nio-0.0.0.0-8081-exec-10] o.s.web.servlet.DispatcherServlet - GET "/css/std_word_list.css", parameters={}
2025-12-20 14:11:49.300 DEBUG [http-nio-0.0.0.0-8081-exec-2] o.s.w.s.h.SimpleUrlHandlerMapping - Mapped to ResourceHttpRequestHandler [classpath [META-INF/resources/], classpath [resources/], classpath [static/], classpath [public/], ServletContext [/]]
2025-12-20 14:11:49.300 DEBUG [http-nio-0.0.0.0-8081-exec-10] o.s.w.s.h.SimpleUrlHandlerMapping - Mapped to ResourceHttpRequestHandler [classpath [META-INF/resources/], classpath [resources/], classpath [static/], classpath [public/], ServletContext [/]]
2025-12-20 14:11:49.302 DEBUG [http-nio-0.0.0.0-8081-exec-9] o.s.web.servlet.DispatcherServlet - Completed 200 OK
2025-12-20 14:11:49.302 DEBUG [http-nio-0.0.0.0-8081-exec-2] o.s.web.servlet.DispatcherServlet - Completed 200 OK
2025-12-20 14:11:49.304 DEBUG [http-nio-0.0.0.0-8081-exec-10] o.s.web.servlet.DispatcherServlet - Completed 200 OK
2025-12-20 14:11:58.688 INFO  [RMI TCP Connection(11)-127.0.0.1] o.s.b.a.SpringApplicationAdminMXBeanRegistrar$SpringApplicationAdmin - Application shutdown requested.
2025-12-20 14:11:58.691 INFO  [RMI TCP Connection(11)-127.0.0.1] o.a.coyote.http11.Http11NioProtocol - Stopping ProtocolHandler ["http-nio-0.0.0.0-8081"]
2025-12-20 14:11:58.705 INFO  [RMI TCP Connection(11)-127.0.0.1] com.zaxxer.hikari.HikariDataSource - HikariPool-1 - Shutdown initiated...
2025-12-20 14:11:58.717 INFO  [RMI TCP Connection(11)-127.0.0.1] com.zaxxer.hikari.HikariDataSource - HikariPool-1 - Shutdown completed.
2025-12-20 14:12:00.660 INFO  [restartedMain] c.e.nproject.NprojectApplication - Starting NprojectApplication using Java 17.0.12 with PID 23848 (C:\Dev_antigravity_git\meta_system\nproject\target\classes started by jkljkl in C:\Dev_antigravity_git\meta_system\nproject)
2025-12-20 14:12:00.661 DEBUG [restartedMain] c.e.nproject.NprojectApplication - Running with Spring Boot v3.2.0, Spring v6.1.1
2025-12-20 14:12:00.662 INFO  [restartedMain] c.e.nproject.NprojectApplication - No active profile set, falling back to 1 default profile: "default"
2025-12-20 14:12:00.701 INFO  [restartedMain] o.s.b.d.e.DevToolsPropertyDefaultsPostProcessor - Devtools property defaults active! Set 'spring.devtools.add-properties' to 'false' to disable
2025-12-20 14:12:00.701 INFO  [restartedMain] o.s.b.d.e.DevToolsPropertyDefaultsPostProcessor - For additional web related logging consider setting the 'logging.level.web' property to 'DEBUG'
2025-12-20 14:12:01.240 DEBUG [restartedMain] o.apache.ibatis.logging.LogFactory - Logging initialized using 'class org.apache.ibatis.logging.slf4j.Slf4jImpl' adapter.
2025-12-20 14:12:01.540 INFO  [restartedMain] o.s.b.w.e.tomcat.TomcatWebServer - Tomcat initialized with port 8081 (http)
2025-12-20 14:12:01.547 INFO  [restartedMain] o.a.coyote.http11.Http11NioProtocol - Initializing ProtocolHandler ["http-nio-0.0.0.0-8081"]
2025-12-20 14:12:01.548 INFO  [restartedMain] o.a.catalina.core.StandardService - Starting service [Tomcat]
2025-12-20 14:12:01.549 INFO  [restartedMain] o.a.catalina.core.StandardEngine - Starting Servlet engine: [Apache Tomcat/10.1.16]
2025-12-20 14:12:01.586 INFO  [restartedMain] o.a.c.c.C.[Tomcat].[localhost].[/] - Initializing Spring embedded WebApplicationContext
2025-12-20 14:12:01.586 INFO  [restartedMain] o.s.b.w.s.c.ServletWebServerApplicationContext - Root WebApplicationContext: initialization completed in 884 ms
2025-12-20 14:12:01.893 DEBUG [restartedMain] o.s.w.s.m.m.a.RequestMappingHandlerMapping - 14 mappings in 'requestMappingHandlerMapping'
2025-12-20 14:12:01.943 DEBUG [restartedMain] o.s.w.s.h.SimpleUrlHandlerMapping - Patterns [/webjars/**, /**] in 'resourceHandlerMapping'
2025-12-20 14:12:01.962 DEBUG [restartedMain] o.s.w.s.m.m.a.RequestMappingHandlerAdapter - ControllerAdvice beans: 0 @ModelAttribute, 0 @InitBinder, 1 RequestBodyAdvice, 1 ResponseBodyAdvice
2025-12-20 14:12:01.988 DEBUG [restartedMain] o.s.w.s.m.m.a.ExceptionHandlerExceptionResolver - ControllerAdvice beans: 0 @ExceptionHandler, 1 ResponseBodyAdvice
2025-12-20 14:12:02.082 INFO  [restartedMain] o.s.b.d.a.OptionalLiveReloadServer - LiveReload server is running on port 35729
2025-12-20 14:12:02.097 INFO  [restartedMain] o.a.coyote.http11.Http11NioProtocol - Starting ProtocolHandler ["http-nio-0.0.0.0-8081"]
2025-12-20 14:12:02.114 INFO  [restartedMain] o.s.b.w.e.tomcat.TomcatWebServer - Tomcat started on port 8081 (http) with context path ''
2025-12-20 14:12:02.122 INFO  [restartedMain] c.e.nproject.NprojectApplication - Started NprojectApplication in 1.826 seconds (process running for 2.413)
2025-12-20 14:12:09.207 INFO  [http-nio-0.0.0.0-8081-exec-1] o.a.c.c.C.[Tomcat].[localhost].[/] - Initializing Spring DispatcherServlet 'dispatcherServlet'
2025-12-20 14:12:09.208 INFO  [http-nio-0.0.0.0-8081-exec-1] o.s.web.servlet.DispatcherServlet - Initializing Servlet 'dispatcherServlet'
2025-12-20 14:12:09.208 DEBUG [http-nio-0.0.0.0-8081-exec-1] o.s.web.servlet.DispatcherServlet - Detected StandardServletMultipartResolver
2025-12-20 14:12:09.208 DEBUG [http-nio-0.0.0.0-8081-exec-1] o.s.web.servlet.DispatcherServlet - Detected AcceptHeaderLocaleResolver
2025-12-20 14:12:09.208 DEBUG [http-nio-0.0.0.0-8081-exec-1] o.s.web.servlet.DispatcherServlet - Detected FixedThemeResolver
2025-12-20 14:12:09.209 DEBUG [http-nio-0.0.0.0-8081-exec-1] o.s.web.servlet.DispatcherServlet - Detected org.springframework.web.servlet.view.DefaultRequestToViewNameTranslator@37e93473
2025-12-20 14:12:09.209 DEBUG [http-nio-0.0.0.0-8081-exec-1] o.s.web.servlet.DispatcherServlet - Detected org.springframework.web.servlet.support.SessionFlashMapManager@1f047b31
2025-12-20 14:12:09.209 DEBUG [http-nio-0.0.0.0-8081-exec-1] o.s.web.servlet.DispatcherServlet - enableLoggingRequestDetails='false': request parameters and headers will be masked to prevent unsafe logging of potentially sensitive data
2025-12-20 14:12:09.209 INFO  [http-nio-0.0.0.0-8081-exec-1] o.s.web.servlet.DispatcherServlet - Completed initialization in 1 ms
2025-12-20 14:12:09.215 DEBUG [http-nio-0.0.0.0-8081-exec-1] o.s.web.servlet.DispatcherServlet - GET "/std-word/list", parameters={}
2025-12-20 14:12:09.227 DEBUG [http-nio-0.0.0.0-8081-exec-1] o.s.w.s.m.m.a.RequestMappingHandlerMapping - Mapped to com.example.nproject.controller.MetaStdWordController#list(MetaStdWordDto, Model)
2025-12-20 14:12:09.271 DEBUG [http-nio-0.0.0.0-8081-exec-1] o.s.jdbc.datasource.DataSourceUtils - Fetching JDBC Connection from DataSource
2025-12-20 14:12:09.271 INFO  [http-nio-0.0.0.0-8081-exec-1] com.zaxxer.hikari.HikariDataSource - HikariPool-1 - Starting...
2025-12-20 14:12:09.625 INFO  [http-nio-0.0.0.0-8081-exec-1] com.zaxxer.hikari.pool.HikariPool - HikariPool-1 - Added connection org.postgresql.jdbc.PgConnection@6fe15d31
2025-12-20 14:12:09.627 INFO  [http-nio-0.0.0.0-8081-exec-1] com.zaxxer.hikari.HikariDataSource - HikariPool-1 - Start completed.
2025-12-20 14:12:09.633 DEBUG [http-nio-0.0.0.0-8081-exec-1] c.e.n.m.M.selectStdWordList - ==>  Preparing: SELECT word_id as wordId, std_word_name as stdWordName, eng_abbr_name as engAbbrName, eng_full_name as engFullName, definition, domain_type as domainType, use_yn as useYn FROM meta_std_word ORDER BY word_id LIMIT ? OFFSET ?
2025-12-20 14:12:09.646 DEBUG [http-nio-0.0.0.0-8081-exec-1] c.e.n.m.M.selectStdWordList - ==> Parameters: 10(Integer), 0(Integer)
2025-12-20 14:12:09.669 DEBUG [http-nio-0.0.0.0-8081-exec-1] c.e.n.m.M.selectStdWordList - <==      Total: 10
2025-12-20 14:12:09.675 DEBUG [http-nio-0.0.0.0-8081-exec-1] o.s.jdbc.datasource.DataSourceUtils - Fetching JDBC Connection from DataSource
2025-12-20 14:12:09.676 DEBUG [http-nio-0.0.0.0-8081-exec-1] c.e.n.m.M.countStdWordList - ==>  Preparing: SELECT COUNT(*) FROM meta_std_word
2025-12-20 14:12:09.676 DEBUG [http-nio-0.0.0.0-8081-exec-1] c.e.n.m.M.countStdWordList - ==> Parameters: 
2025-12-20 14:12:09.689 DEBUG [http-nio-0.0.0.0-8081-exec-1] c.e.n.m.M.countStdWordList - <==      Total: 1
2025-12-20 14:12:09.696 DEBUG [http-nio-0.0.0.0-8081-exec-1] o.s.w.s.v.ContentNegotiatingViewResolver - Selected 'text/html' given [text/html, application/xhtml+xml, image/avif, image/webp, image/apng, application/xml;q=0.9, */*;q=0.8, application/signed-exchange;v=b3;q=0.7]
2025-12-20 14:12:09.925 DEBUG [http-nio-0.0.0.0-8081-exec-1] o.s.web.servlet.DispatcherServlet - Completed 200 OK
2025-12-20 14:12:09.942 DEBUG [http-nio-0.0.0.0-8081-exec-2] o.s.web.servlet.DispatcherServlet - GET "/css/common.css", parameters={}
2025-12-20 14:12:09.946 DEBUG [http-nio-0.0.0.0-8081-exec-3] o.s.web.servlet.DispatcherServlet - GET "/css/std_word_list.css", parameters={}
2025-12-20 14:12:09.946 DEBUG [http-nio-0.0.0.0-8081-exec-2] o.s.w.s.h.SimpleUrlHandlerMapping - Mapped to ResourceHttpRequestHandler [classpath [META-INF/resources/], classpath [resources/], classpath [static/], classpath [public/], ServletContext [/]]
2025-12-20 14:12:09.947 DEBUG [http-nio-0.0.0.0-8081-exec-3] o.s.w.s.h.SimpleUrlHandlerMapping - Mapped to ResourceHttpRequestHandler [classpath [META-INF/resources/], classpath [resources/], classpath [static/], classpath [public/], ServletContext [/]]
2025-12-20 14:12:09.947 DEBUG [http-nio-0.0.0.0-8081-exec-4] o.s.web.servlet.DispatcherServlet - GET "/js/std_word_list.js", parameters={}
2025-12-20 14:12:09.947 DEBUG [http-nio-0.0.0.0-8081-exec-4] o.s.w.s.h.SimpleUrlHandlerMapping - Mapped to ResourceHttpRequestHandler [classpath [META-INF/resources/], classpath [resources/], classpath [static/], classpath [public/], ServletContext [/]]
2025-12-20 14:12:09.958 DEBUG [http-nio-0.0.0.0-8081-exec-4] o.s.web.servlet.DispatcherServlet - Completed 200 OK
2025-12-20 14:12:09.958 DEBUG [http-nio-0.0.0.0-8081-exec-3] o.s.web.servlet.DispatcherServlet - Completed 200 OK
2025-12-20 14:12:09.958 DEBUG [http-nio-0.0.0.0-8081-exec-2] o.s.web.servlet.DispatcherServlet - Completed 200 OK
2025-12-20 14:16:29.459 INFO  [RMI TCP Connection(14)-127.0.0.1] o.s.b.a.SpringApplicationAdminMXBeanRegistrar$SpringApplicationAdmin - Application shutdown requested.
2025-12-20 14:16:29.463 INFO  [RMI TCP Connection(14)-127.0.0.1] o.a.coyote.http11.Http11NioProtocol - Stopping ProtocolHandler ["http-nio-0.0.0.0-8081"]
2025-12-20 14:16:29.475 INFO  [RMI TCP Connection(14)-127.0.0.1] com.zaxxer.hikari.HikariDataSource - HikariPool-1 - Shutdown initiated...
2025-12-20 14:16:29.482 INFO  [RMI TCP Connection(14)-127.0.0.1] com.zaxxer.hikari.HikariDataSource - HikariPool-1 - Shutdown completed.
2025-12-20 14:16:31.241 INFO  [restartedMain] c.e.nproject.NprojectApplication - Starting NprojectApplication using Java 17.0.12 with PID 13656 (C:\Dev_antigravity_git\meta_system\nproject\target\classes started by jkljkl in C:\Dev_antigravity_git\meta_system\nproject)
2025-12-20 14:16:31.243 DEBUG [restartedMain] c.e.nproject.NprojectApplication - Running with Spring Boot v3.2.0, Spring v6.1.1
2025-12-20 14:16:31.243 INFO  [restartedMain] c.e.nproject.NprojectApplication - No active profile set, falling back to 1 default profile: "default"
2025-12-20 14:16:31.285 INFO  [restartedMain] o.s.b.d.e.DevToolsPropertyDefaultsPostProcessor - Devtools property defaults active! Set 'spring.devtools.add-properties' to 'false' to disable
2025-12-20 14:16:31.285 INFO  [restartedMain] o.s.b.d.e.DevToolsPropertyDefaultsPostProcessor - For additional web related logging consider setting the 'logging.level.web' property to 'DEBUG'
2025-12-20 14:16:31.843 DEBUG [restartedMain] o.apache.ibatis.logging.LogFactory - Logging initialized using 'class org.apache.ibatis.logging.slf4j.Slf4jImpl' adapter.
2025-12-20 14:16:32.164 INFO  [restartedMain] o.s.b.w.e.tomcat.TomcatWebServer - Tomcat initialized with port 8081 (http)
2025-12-20 14:16:32.174 INFO  [restartedMain] o.a.coyote.http11.Http11NioProtocol - Initializing ProtocolHandler ["http-nio-0.0.0.0-8081"]
2025-12-20 14:16:32.176 INFO  [restartedMain] o.a.catalina.core.StandardService - Starting service [Tomcat]
2025-12-20 14:16:32.176 INFO  [restartedMain] o.a.catalina.core.StandardEngine - Starting Servlet engine: [Apache Tomcat/10.1.16]
2025-12-20 14:16:32.219 INFO  [restartedMain] o.a.c.c.C.[Tomcat].[localhost].[/] - Initializing Spring embedded WebApplicationContext
2025-12-20 14:16:32.219 INFO  [restartedMain] o.s.b.w.s.c.ServletWebServerApplicationContext - Root WebApplicationContext: initialization completed in 934 ms
2025-12-20 14:16:32.550 DEBUG [restartedMain] o.s.w.s.m.m.a.RequestMappingHandlerMapping - 14 mappings in 'requestMappingHandlerMapping'
2025-12-20 14:16:32.601 DEBUG [restartedMain] o.s.w.s.h.SimpleUrlHandlerMapping - Patterns [/webjars/**, /**] in 'resourceHandlerMapping'
2025-12-20 14:16:32.623 DEBUG [restartedMain] o.s.w.s.m.m.a.RequestMappingHandlerAdapter - ControllerAdvice beans: 0 @ModelAttribute, 0 @InitBinder, 1 RequestBodyAdvice, 1 ResponseBodyAdvice
2025-12-20 14:16:32.648 DEBUG [restartedMain] o.s.w.s.m.m.a.ExceptionHandlerExceptionResolver - ControllerAdvice beans: 0 @ExceptionHandler, 1 ResponseBodyAdvice
2025-12-20 14:16:32.743 INFO  [restartedMain] o.s.b.d.a.OptionalLiveReloadServer - LiveReload server is running on port 35729
2025-12-20 14:16:32.760 INFO  [restartedMain] o.a.coyote.http11.Http11NioProtocol - Starting ProtocolHandler ["http-nio-0.0.0.0-8081"]
2025-12-20 14:16:32.778 INFO  [restartedMain] o.s.b.w.e.tomcat.TomcatWebServer - Tomcat started on port 8081 (http) with context path ''
2025-12-20 14:16:32.786 INFO  [restartedMain] c.e.nproject.NprojectApplication - Started NprojectApplication in 1.896 seconds (process running for 2.438)
2025-12-20 14:16:44.673 INFO  [http-nio-0.0.0.0-8081-exec-1] o.a.c.c.C.[Tomcat].[localhost].[/] - Initializing Spring DispatcherServlet 'dispatcherServlet'
2025-12-20 14:16:44.674 INFO  [http-nio-0.0.0.0-8081-exec-1] o.s.web.servlet.DispatcherServlet - Initializing Servlet 'dispatcherServlet'
2025-12-20 14:16:44.674 DEBUG [http-nio-0.0.0.0-8081-exec-1] o.s.web.servlet.DispatcherServlet - Detected StandardServletMultipartResolver
2025-12-20 14:16:44.674 DEBUG [http-nio-0.0.0.0-8081-exec-1] o.s.web.servlet.DispatcherServlet - Detected AcceptHeaderLocaleResolver
2025-12-20 14:16:44.674 DEBUG [http-nio-0.0.0.0-8081-exec-1] o.s.web.servlet.DispatcherServlet - Detected FixedThemeResolver
2025-12-20 14:16:44.675 DEBUG [http-nio-0.0.0.0-8081-exec-1] o.s.web.servlet.DispatcherServlet - Detected org.springframework.web.servlet.view.DefaultRequestToViewNameTranslator@7ef2263b
2025-12-20 14:16:44.675 DEBUG [http-nio-0.0.0.0-8081-exec-1] o.s.web.servlet.DispatcherServlet - Detected org.springframework.web.servlet.support.SessionFlashMapManager@2045f2a2
2025-12-20 14:16:44.676 DEBUG [http-nio-0.0.0.0-8081-exec-1] o.s.web.servlet.DispatcherServlet - enableLoggingRequestDetails='false': request parameters and headers will be masked to prevent unsafe logging of potentially sensitive data
2025-12-20 14:16:44.676 INFO  [http-nio-0.0.0.0-8081-exec-1] o.s.web.servlet.DispatcherServlet - Completed initialization in 2 ms
2025-12-20 14:16:44.684 DEBUG [http-nio-0.0.0.0-8081-exec-1] o.s.web.servlet.DispatcherServlet - GET "/std-word/list", parameters={}
2025-12-20 14:16:44.695 DEBUG [http-nio-0.0.0.0-8081-exec-1] o.s.w.s.m.m.a.RequestMappingHandlerMapping - Mapped to com.example.nproject.controller.MetaStdWordController#list(MetaStdWordDto, Model)
2025-12-20 14:16:44.748 DEBUG [http-nio-0.0.0.0-8081-exec-1] o.s.jdbc.datasource.DataSourceUtils - Fetching JDBC Connection from DataSource
2025-12-20 14:16:44.749 INFO  [http-nio-0.0.0.0-8081-exec-1] com.zaxxer.hikari.HikariDataSource - HikariPool-1 - Starting...
2025-12-20 14:16:45.121 INFO  [http-nio-0.0.0.0-8081-exec-1] com.zaxxer.hikari.pool.HikariPool - HikariPool-1 - Added connection org.postgresql.jdbc.PgConnection@55488cd3
2025-12-20 14:16:45.123 INFO  [http-nio-0.0.0.0-8081-exec-1] com.zaxxer.hikari.HikariDataSource - HikariPool-1 - Start completed.
2025-12-20 14:16:45.131 DEBUG [http-nio-0.0.0.0-8081-exec-1] c.e.n.m.M.selectStdWordList - ==>  Preparing: SELECT word_id as wordId, std_word_name as stdWordName, eng_abbr_name as engAbbrName, eng_full_name as engFullName, definition, domain_type as domainType, use_yn as useYn FROM meta_std_word ORDER BY word_id LIMIT ? OFFSET ?
2025-12-20 14:16:45.147 DEBUG [http-nio-0.0.0.0-8081-exec-1] c.e.n.m.M.selectStdWordList - ==> Parameters: 10(Integer), 0(Integer)
2025-12-20 14:16:45.171 DEBUG [http-nio-0.0.0.0-8081-exec-1] c.e.n.m.M.selectStdWordList - <==      Total: 10
2025-12-20 14:16:45.178 DEBUG [http-nio-0.0.0.0-8081-exec-1] o.s.jdbc.datasource.DataSourceUtils - Fetching JDBC Connection from DataSource
2025-12-20 14:16:45.178 DEBUG [http-nio-0.0.0.0-8081-exec-1] c.e.n.m.M.countStdWordList - ==>  Preparing: SELECT COUNT(*) FROM meta_std_word
2025-12-20 14:16:45.178 DEBUG [http-nio-0.0.0.0-8081-exec-1] c.e.n.m.M.countStdWordList - ==> Parameters: 
2025-12-20 14:16:45.189 DEBUG [http-nio-0.0.0.0-8081-exec-1] c.e.n.m.M.countStdWordList - <==      Total: 1
2025-12-20 14:16:45.196 DEBUG [http-nio-0.0.0.0-8081-exec-1] o.s.w.s.v.ContentNegotiatingViewResolver - Selected 'text/html' given [text/html, application/xhtml+xml, image/avif, image/webp, image/apng, application/xml;q=0.9, */*;q=0.8, application/signed-exchange;v=b3;q=0.7]
2025-12-20 14:16:45.443 DEBUG [http-nio-0.0.0.0-8081-exec-1] o.s.web.servlet.DispatcherServlet - Completed 200 OK
2025-12-20 14:16:45.464 DEBUG [http-nio-0.0.0.0-8081-exec-2] o.s.web.servlet.DispatcherServlet - GET "/css/common.css", parameters={}
2025-12-20 14:16:45.465 DEBUG [http-nio-0.0.0.0-8081-exec-4] o.s.web.servlet.DispatcherServlet - GET "/js/std_word_list.js", parameters={}
2025-12-20 14:16:45.465 DEBUG [http-nio-0.0.0.0-8081-exec-3] o.s.web.servlet.DispatcherServlet - GET "/css/std_word_list.css", parameters={}
2025-12-20 14:16:45.468 DEBUG [http-nio-0.0.0.0-8081-exec-3] o.s.w.s.h.SimpleUrlHandlerMapping - Mapped to ResourceHttpRequestHandler [classpath [META-INF/resources/], classpath [resources/], classpath [static/], classpath [public/], ServletContext [/]]
2025-12-20 14:16:45.468 DEBUG [http-nio-0.0.0.0-8081-exec-4] o.s.w.s.h.SimpleUrlHandlerMapping - Mapped to ResourceHttpRequestHandler [classpath [META-INF/resources/], classpath [resources/], classpath [static/], classpath [public/], ServletContext [/]]
2025-12-20 14:16:45.468 DEBUG [http-nio-0.0.0.0-8081-exec-2] o.s.w.s.h.SimpleUrlHandlerMapping - Mapped to ResourceHttpRequestHandler [classpath [META-INF/resources/], classpath [resources/], classpath [static/], classpath [public/], ServletContext [/]]
2025-12-20 14:16:45.478 DEBUG [http-nio-0.0.0.0-8081-exec-4] o.s.web.servlet.DispatcherServlet - Completed 200 OK
2025-12-20 14:16:45.487 DEBUG [http-nio-0.0.0.0-8081-exec-2] o.s.web.servlet.DispatcherServlet - Completed 200 OK
2025-12-20 14:16:45.487 DEBUG [http-nio-0.0.0.0-8081-exec-3] o.s.web.servlet.DispatcherServlet - Completed 200 OK
2025-12-20 14:17:04.965 INFO  [RMI TCP Connection(10)-127.0.0.1] o.s.b.a.SpringApplicationAdminMXBeanRegistrar$SpringApplicationAdmin - Application shutdown requested.
2025-12-20 14:17:04.967 INFO  [RMI TCP Connection(10)-127.0.0.1] o.a.coyote.http11.Http11NioProtocol - Stopping ProtocolHandler ["http-nio-0.0.0.0-8081"]
2025-12-20 14:17:04.980 INFO  [RMI TCP Connection(10)-127.0.0.1] com.zaxxer.hikari.HikariDataSource - HikariPool-1 - Shutdown initiated...
2025-12-20 14:17:05.049 INFO  [RMI TCP Connection(10)-127.0.0.1] com.zaxxer.hikari.HikariDataSource - HikariPool-1 - Shutdown completed.
2025-12-20 14:17:06.917 INFO  [restartedMain] c.e.nproject.NprojectApplication - Starting NprojectApplication using Java 17.0.12 with PID 23136 (C:\Dev_antigravity_git\meta_system\nproject\target\classes started by jkljkl in C:\Dev_antigravity_git\meta_system\nproject)
2025-12-20 14:17:06.919 DEBUG [restartedMain] c.e.nproject.NprojectApplication - Running with Spring Boot v3.2.0, Spring v6.1.1
2025-12-20 14:17:06.919 INFO  [restartedMain] c.e.nproject.NprojectApplication - No active profile set, falling back to 1 default profile: "default"
2025-12-20 14:17:06.958 INFO  [restartedMain] o.s.b.d.e.DevToolsPropertyDefaultsPostProcessor - Devtools property defaults active! Set 'spring.devtools.add-properties' to 'false' to disable
2025-12-20 14:17:06.958 INFO  [restartedMain] o.s.b.d.e.DevToolsPropertyDefaultsPostProcessor - For additional web related logging consider setting the 'logging.level.web' property to 'DEBUG'
2025-12-20 14:17:07.484 DEBUG [restartedMain] o.apache.ibatis.logging.LogFactory - Logging initialized using 'class org.apache.ibatis.logging.slf4j.Slf4jImpl' adapter.
2025-12-20 14:17:07.804 INFO  [restartedMain] o.s.b.w.e.tomcat.TomcatWebServer - Tomcat initialized with port 8081 (http)
2025-12-20 14:17:07.809 INFO  [restartedMain] o.a.coyote.http11.Http11NioProtocol - Initializing ProtocolHandler ["http-nio-0.0.0.0-8081"]
2025-12-20 14:17:07.812 INFO  [restartedMain] o.a.catalina.core.StandardService - Starting service [Tomcat]
2025-12-20 14:17:07.812 INFO  [restartedMain] o.a.catalina.core.StandardEngine - Starting Servlet engine: [Apache Tomcat/10.1.16]
2025-12-20 14:17:07.849 INFO  [restartedMain] o.a.c.c.C.[Tomcat].[localhost].[/] - Initializing Spring embedded WebApplicationContext
2025-12-20 14:17:07.849 INFO  [restartedMain] o.s.b.w.s.c.ServletWebServerApplicationContext - Root WebApplicationContext: initialization completed in 891 ms
2025-12-20 14:17:08.162 DEBUG [restartedMain] o.s.w.s.m.m.a.RequestMappingHandlerMapping - 14 mappings in 'requestMappingHandlerMapping'
2025-12-20 14:17:08.212 DEBUG [restartedMain] o.s.w.s.h.SimpleUrlHandlerMapping - Patterns [/webjars/**, /**] in 'resourceHandlerMapping'
2025-12-20 14:17:08.231 DEBUG [restartedMain] o.s.w.s.m.m.a.RequestMappingHandlerAdapter - ControllerAdvice beans: 0 @ModelAttribute, 0 @InitBinder, 1 RequestBodyAdvice, 1 ResponseBodyAdvice
2025-12-20 14:17:08.255 DEBUG [restartedMain] o.s.w.s.m.m.a.ExceptionHandlerExceptionResolver - ControllerAdvice beans: 0 @ExceptionHandler, 1 ResponseBodyAdvice
2025-12-20 14:17:08.348 INFO  [restartedMain] o.s.b.d.a.OptionalLiveReloadServer - LiveReload server is running on port 35729
2025-12-20 14:17:08.370 INFO  [restartedMain] o.a.coyote.http11.Http11NioProtocol - Starting ProtocolHandler ["http-nio-0.0.0.0-8081"]
2025-12-20 14:17:08.387 INFO  [restartedMain] o.s.b.w.e.tomcat.TomcatWebServer - Tomcat started on port 8081 (http) with context path ''
2025-12-20 14:17:08.396 INFO  [restartedMain] c.e.nproject.NprojectApplication - Started NprojectApplication in 1.837 seconds (process running for 2.429)
2025-12-20 14:17:15.018 INFO  [http-nio-0.0.0.0-8081-exec-1] o.a.c.c.C.[Tomcat].[localhost].[/] - Initializing Spring DispatcherServlet 'dispatcherServlet'
2025-12-20 14:17:15.018 INFO  [http-nio-0.0.0.0-8081-exec-1] o.s.web.servlet.DispatcherServlet - Initializing Servlet 'dispatcherServlet'
2025-12-20 14:17:15.018 DEBUG [http-nio-0.0.0.0-8081-exec-1] o.s.web.servlet.DispatcherServlet - Detected StandardServletMultipartResolver
2025-12-20 14:17:15.019 DEBUG [http-nio-0.0.0.0-8081-exec-1] o.s.web.servlet.DispatcherServlet - Detected AcceptHeaderLocaleResolver
2025-12-20 14:17:15.019 DEBUG [http-nio-0.0.0.0-8081-exec-1] o.s.web.servlet.DispatcherServlet - Detected FixedThemeResolver
2025-12-20 14:17:15.019 DEBUG [http-nio-0.0.0.0-8081-exec-1] o.s.web.servlet.DispatcherServlet - Detected org.springframework.web.servlet.view.DefaultRequestToViewNameTranslator@7ef2263b
2025-12-20 14:17:15.020 DEBUG [http-nio-0.0.0.0-8081-exec-1] o.s.web.servlet.DispatcherServlet - Detected org.springframework.web.servlet.support.SessionFlashMapManager@2045f2a2
2025-12-20 14:17:15.020 DEBUG [http-nio-0.0.0.0-8081-exec-1] o.s.web.servlet.DispatcherServlet - enableLoggingRequestDetails='false': request parameters and headers will be masked to prevent unsafe logging of potentially sensitive data
2025-12-20 14:17:15.021 INFO  [http-nio-0.0.0.0-8081-exec-1] o.s.web.servlet.DispatcherServlet - Completed initialization in 3 ms
2025-12-20 14:17:15.028 DEBUG [http-nio-0.0.0.0-8081-exec-1] o.s.web.servlet.DispatcherServlet - GET "/std-word/list", parameters={}
2025-12-20 14:17:15.039 DEBUG [http-nio-0.0.0.0-8081-exec-1] o.s.w.s.m.m.a.RequestMappingHandlerMapping - Mapped to com.example.nproject.controller.MetaStdWordController#list(MetaStdWordDto, Model)
2025-12-20 14:17:15.087 DEBUG [http-nio-0.0.0.0-8081-exec-1] o.s.jdbc.datasource.DataSourceUtils - Fetching JDBC Connection from DataSource
2025-12-20 14:17:15.088 INFO  [http-nio-0.0.0.0-8081-exec-1] com.zaxxer.hikari.HikariDataSource - HikariPool-1 - Starting...
2025-12-20 14:17:15.391 INFO  [http-nio-0.0.0.0-8081-exec-1] com.zaxxer.hikari.pool.HikariPool - HikariPool-1 - Added connection org.postgresql.jdbc.PgConnection@55488cd3
2025-12-20 14:17:15.392 INFO  [http-nio-0.0.0.0-8081-exec-1] com.zaxxer.hikari.HikariDataSource - HikariPool-1 - Start completed.
2025-12-20 14:17:15.399 DEBUG [http-nio-0.0.0.0-8081-exec-1] c.e.n.m.M.selectStdWordList - ==>  Preparing: SELECT word_id as wordId, std_word_name as stdWordName, eng_abbr_name as engAbbrName, eng_full_name as engFullName, definition, domain_type as domainType, use_yn as useYn FROM meta_std_word ORDER BY word_id LIMIT ? OFFSET ?
2025-12-20 14:17:15.412 DEBUG [http-nio-0.0.0.0-8081-exec-1] c.e.n.m.M.selectStdWordList - ==> Parameters: 10(Integer), 0(Integer)
2025-12-20 14:17:15.436 DEBUG [http-nio-0.0.0.0-8081-exec-1] c.e.n.m.M.selectStdWordList - <==      Total: 10
2025-12-20 14:17:15.442 DEBUG [http-nio-0.0.0.0-8081-exec-1] o.s.jdbc.datasource.DataSourceUtils - Fetching JDBC Connection from DataSource
2025-12-20 14:17:15.442 DEBUG [http-nio-0.0.0.0-8081-exec-1] c.e.n.m.M.countStdWordList - ==>  Preparing: SELECT COUNT(*) FROM meta_std_word
2025-12-20 14:17:15.443 DEBUG [http-nio-0.0.0.0-8081-exec-1] c.e.n.m.M.countStdWordList - ==> Parameters: 
2025-12-20 14:17:15.453 DEBUG [http-nio-0.0.0.0-8081-exec-1] c.e.n.m.M.countStdWordList - <==      Total: 1
2025-12-20 14:17:15.461 DEBUG [http-nio-0.0.0.0-8081-exec-1] o.s.w.s.v.ContentNegotiatingViewResolver - Selected 'text/html' given [text/html, application/xhtml+xml, image/avif, image/webp, image/apng, application/xml;q=0.9, */*;q=0.8, application/signed-exchange;v=b3;q=0.7]
2025-12-20 14:17:15.692 DEBUG [http-nio-0.0.0.0-8081-exec-1] o.s.web.servlet.DispatcherServlet - Completed 200 OK
2025-12-20 14:17:15.712 DEBUG [http-nio-0.0.0.0-8081-exec-2] o.s.web.servlet.DispatcherServlet - GET "/css/common.css", parameters={}
2025-12-20 14:17:15.716 DEBUG [http-nio-0.0.0.0-8081-exec-2] o.s.w.s.h.SimpleUrlHandlerMapping - Mapped to ResourceHttpRequestHandler [classpath [META-INF/resources/], classpath [resources/], classpath [static/], classpath [public/], ServletContext [/]]
2025-12-20 14:17:15.718 DEBUG [http-nio-0.0.0.0-8081-exec-3] o.s.web.servlet.DispatcherServlet - GET "/css/std_word_list.css", parameters={}
2025-12-20 14:17:15.718 DEBUG [http-nio-0.0.0.0-8081-exec-3] o.s.w.s.h.SimpleUrlHandlerMapping - Mapped to ResourceHttpRequestHandler [classpath [META-INF/resources/], classpath [resources/], classpath [static/], classpath [public/], ServletContext [/]]
2025-12-20 14:17:15.718 DEBUG [http-nio-0.0.0.0-8081-exec-4] o.s.web.servlet.DispatcherServlet - GET "/js/std_word_list.js", parameters={}
2025-12-20 14:17:15.718 DEBUG [http-nio-0.0.0.0-8081-exec-4] o.s.w.s.h.SimpleUrlHandlerMapping - Mapped to ResourceHttpRequestHandler [classpath [META-INF/resources/], classpath [resources/], classpath [static/], classpath [public/], ServletContext [/]]
2025-12-20 14:17:15.727 DEBUG [http-nio-0.0.0.0-8081-exec-4] o.s.web.servlet.DispatcherServlet - Completed 200 OK
2025-12-20 14:17:15.727 DEBUG [http-nio-0.0.0.0-8081-exec-2] o.s.web.servlet.DispatcherServlet - Completed 200 OK
2025-12-20 14:17:15.727 DEBUG [http-nio-0.0.0.0-8081-exec-3] o.s.web.servlet.DispatcherServlet - Completed 200 OK
2025-12-20 14:17:19.446 DEBUG [http-nio-0.0.0.0-8081-exec-5] o.s.web.servlet.DispatcherServlet - GET "/std-word/update?wordId=1", parameters={masked}
2025-12-20 14:17:19.446 DEBUG [http-nio-0.0.0.0-8081-exec-5] o.s.w.s.m.m.a.RequestMappingHandlerMapping - Mapped to com.example.nproject.controller.MetaStdWordController#updateForm(Long, Model)
2025-12-20 14:17:19.448 DEBUG [http-nio-0.0.0.0-8081-exec-5] o.s.jdbc.datasource.DataSourceUtils - Fetching JDBC Connection from DataSource
2025-12-20 14:17:19.457 DEBUG [http-nio-0.0.0.0-8081-exec-5] c.e.n.m.M.selectStdWord - ==>  Preparing: SELECT word_id as wordId, std_word_name as stdWordName, eng_abbr_name as engAbbrName, eng_full_name as engFullName, definition, domain_type as domainType, use_yn as useYn FROM meta_std_word WHERE word_id = ?
2025-12-20 14:17:19.458 DEBUG [http-nio-0.0.0.0-8081-exec-5] c.e.n.m.M.selectStdWord - ==> Parameters: 1(Long)
2025-12-20 14:17:19.468 DEBUG [http-nio-0.0.0.0-8081-exec-5] c.e.n.m.M.selectStdWord - <==      Total: 1
2025-12-20 14:17:19.469 DEBUG [http-nio-0.0.0.0-8081-exec-5] o.s.w.s.v.ContentNegotiatingViewResolver - Selected 'text/html' given [text/html, application/xhtml+xml, image/avif, image/webp, image/apng, application/xml;q=0.9, */*;q=0.8, application/signed-exchange;v=b3;q=0.7]
2025-12-20 14:17:19.493 DEBUG [http-nio-0.0.0.0-8081-exec-5] o.s.web.servlet.DispatcherServlet - Completed 200 OK
2025-12-20 14:17:19.498 DEBUG [http-nio-0.0.0.0-8081-exec-6] o.s.web.servlet.DispatcherServlet - GET "/css/common.css", parameters={}
2025-12-20 14:17:19.499 DEBUG [http-nio-0.0.0.0-8081-exec-8] o.s.web.servlet.DispatcherServlet - GET "/js/std_update.js", parameters={}
2025-12-20 14:17:19.498 DEBUG [http-nio-0.0.0.0-8081-exec-7] o.s.web.servlet.DispatcherServlet - GET "/css/std_word_insert.css", parameters={}
2025-12-20 14:17:19.499 DEBUG [http-nio-0.0.0.0-8081-exec-7] o.s.w.s.h.SimpleUrlHandlerMapping - Mapped to ResourceHttpRequestHandler [classpath [META-INF/resources/], classpath [resources/], classpath [static/], classpath [public/], ServletContext [/]]
2025-12-20 14:17:19.499 DEBUG [http-nio-0.0.0.0-8081-exec-8] o.s.w.s.h.SimpleUrlHandlerMapping - Mapped to ResourceHttpRequestHandler [classpath [META-INF/resources/], classpath [resources/], classpath [static/], classpath [public/], ServletContext [/]]
2025-12-20 14:17:19.499 DEBUG [http-nio-0.0.0.0-8081-exec-6] o.s.w.s.h.SimpleUrlHandlerMapping - Mapped to ResourceHttpRequestHandler [classpath [META-INF/resources/], classpath [resources/], classpath [static/], classpath [public/], ServletContext [/]]
2025-12-20 14:17:19.501 DEBUG [http-nio-0.0.0.0-8081-exec-6] o.s.web.servlet.DispatcherServlet - Completed 200 OK
2025-12-20 14:17:19.513 DEBUG [http-nio-0.0.0.0-8081-exec-7] o.s.web.servlet.DispatcherServlet - Completed 200 OK
2025-12-20 14:17:19.523 DEBUG [http-nio-0.0.0.0-8081-exec-8] o.s.web.servlet.DispatcherServlet - Completed 200 OK
2025-12-20 14:17:25.465 DEBUG [http-nio-0.0.0.0-8081-exec-9] o.s.web.servlet.DispatcherServlet - GET "/std-word/update?wordId=6", parameters={masked}
2025-12-20 14:17:25.465 DEBUG [http-nio-0.0.0.0-8081-exec-9] o.s.w.s.m.m.a.RequestMappingHandlerMapping - Mapped to com.example.nproject.controller.MetaStdWordController#updateForm(Long, Model)
2025-12-20 14:17:25.465 DEBUG [http-nio-0.0.0.0-8081-exec-9] o.s.jdbc.datasource.DataSourceUtils - Fetching JDBC Connection from DataSource
2025-12-20 14:17:25.476 DEBUG [http-nio-0.0.0.0-8081-exec-9] c.e.n.m.M.selectStdWord - ==>  Preparing: SELECT word_id as wordId, std_word_name as stdWordName, eng_abbr_name as engAbbrName, eng_full_name as engFullName, definition, domain_type as domainType, use_yn as useYn FROM meta_std_word WHERE word_id = ?
2025-12-20 14:17:25.476 DEBUG [http-nio-0.0.0.0-8081-exec-9] c.e.n.m.M.selectStdWord - ==> Parameters: 6(Long)
2025-12-20 14:17:25.487 DEBUG [http-nio-0.0.0.0-8081-exec-9] c.e.n.m.M.selectStdWord - <==      Total: 1
2025-12-20 14:17:25.488 DEBUG [http-nio-0.0.0.0-8081-exec-9] o.s.w.s.v.ContentNegotiatingViewResolver - Selected 'text/html' given [text/html, application/xhtml+xml, image/avif, image/webp, image/apng, application/xml;q=0.9, */*;q=0.8, application/signed-exchange;v=b3;q=0.7]
2025-12-20 14:17:25.494 DEBUG [http-nio-0.0.0.0-8081-exec-9] o.s.web.servlet.DispatcherServlet - Completed 200 OK
2025-12-20 14:17:25.500 DEBUG [http-nio-0.0.0.0-8081-exec-10] o.s.web.servlet.DispatcherServlet - GET "/css/common.css", parameters={}
2025-12-20 14:17:25.501 DEBUG [http-nio-0.0.0.0-8081-exec-10] o.s.w.s.h.SimpleUrlHandlerMapping - Mapped to ResourceHttpRequestHandler [classpath [META-INF/resources/], classpath [resources/], classpath [static/], classpath [public/], ServletContext [/]]
2025-12-20 14:17:25.502 DEBUG [http-nio-0.0.0.0-8081-exec-2] o.s.web.servlet.DispatcherServlet - GET "/js/std_update.js", parameters={}
2025-12-20 14:17:25.502 DEBUG [http-nio-0.0.0.0-8081-exec-1] o.s.web.servlet.DispatcherServlet - GET "/css/std_word_insert.css", parameters={}
2025-12-20 14:17:25.503 DEBUG [http-nio-0.0.0.0-8081-exec-1] o.s.w.s.h.SimpleUrlHandlerMapping - Mapped to ResourceHttpRequestHandler [classpath [META-INF/resources/], classpath [resources/], classpath [static/], classpath [public/], ServletContext [/]]
2025-12-20 14:17:25.503 DEBUG [http-nio-0.0.0.0-8081-exec-2] o.s.w.s.h.SimpleUrlHandlerMapping - Mapped to ResourceHttpRequestHandler [classpath [META-INF/resources/], classpath [resources/], classpath [static/], classpath [public/], ServletContext [/]]
2025-12-20 14:17:25.503 DEBUG [http-nio-0.0.0.0-8081-exec-10] o.s.web.servlet.DispatcherServlet - Completed 200 OK
2025-12-20 14:17:25.506 DEBUG [http-nio-0.0.0.0-8081-exec-2] o.s.web.servlet.DispatcherServlet - Completed 200 OK
2025-12-20 14:17:25.506 DEBUG [http-nio-0.0.0.0-8081-exec-1] o.s.web.servlet.DispatcherServlet - Completed 200 OK
2025-12-20 14:17:28.144 DEBUG [http-nio-0.0.0.0-8081-exec-3] o.s.web.servlet.DispatcherServlet - GET "/std-word/update?wordId=2", parameters={masked}
2025-12-20 14:17:28.145 DEBUG [http-nio-0.0.0.0-8081-exec-3] o.s.w.s.m.m.a.RequestMappingHandlerMapping - Mapped to com.example.nproject.controller.MetaStdWordController#updateForm(Long, Model)
2025-12-20 14:17:28.146 DEBUG [http-nio-0.0.0.0-8081-exec-3] o.s.jdbc.datasource.DataSourceUtils - Fetching JDBC Connection from DataSource
2025-12-20 14:17:28.154 DEBUG [http-nio-0.0.0.0-8081-exec-3] c.e.n.m.M.selectStdWord - ==>  Preparing: SELECT word_id as wordId, std_word_name as stdWordName, eng_abbr_name as engAbbrName, eng_full_name as engFullName, definition, domain_type as domainType, use_yn as useYn FROM meta_std_word WHERE word_id = ?
2025-12-20 14:17:28.156 DEBUG [http-nio-0.0.0.0-8081-exec-3] c.e.n.m.M.selectStdWord - ==> Parameters: 2(Long)
2025-12-20 14:17:28.167 DEBUG [http-nio-0.0.0.0-8081-exec-3] c.e.n.m.M.selectStdWord - <==      Total: 1
2025-12-20 14:17:28.169 DEBUG [http-nio-0.0.0.0-8081-exec-3] o.s.w.s.v.ContentNegotiatingViewResolver - Selected 'text/html' given [text/html, application/xhtml+xml, image/avif, image/webp, image/apng, application/xml;q=0.9, */*;q=0.8, application/signed-exchange;v=b3;q=0.7]
2025-12-20 14:17:28.174 DEBUG [http-nio-0.0.0.0-8081-exec-3] o.s.web.servlet.DispatcherServlet - Completed 200 OK
2025-12-20 14:17:28.180 DEBUG [http-nio-0.0.0.0-8081-exec-4] o.s.web.servlet.DispatcherServlet - GET "/css/common.css", parameters={}
2025-12-20 14:17:28.181 DEBUG [http-nio-0.0.0.0-8081-exec-4] o.s.w.s.h.SimpleUrlHandlerMapping - Mapped to ResourceHttpRequestHandler [classpath [META-INF/resources/], classpath [resources/], classpath [static/], classpath [public/], ServletContext [/]]
2025-12-20 14:17:28.183 DEBUG [http-nio-0.0.0.0-8081-exec-6] o.s.web.servlet.DispatcherServlet - GET "/js/std_update.js", parameters={}
2025-12-20 14:17:28.183 DEBUG [http-nio-0.0.0.0-8081-exec-5] o.s.web.servlet.DispatcherServlet - GET "/css/std_word_insert.css", parameters={}
2025-12-20 14:17:28.183 DEBUG [http-nio-0.0.0.0-8081-exec-6] o.s.w.s.h.SimpleUrlHandlerMapping - Mapped to ResourceHttpRequestHandler [classpath [META-INF/resources/], classpath [resources/], classpath [static/], classpath [public/], ServletContext [/]]
2025-12-20 14:17:28.183 DEBUG [http-nio-0.0.0.0-8081-exec-4] o.s.web.servlet.DispatcherServlet - Completed 200 OK
2025-12-20 14:17:28.185 DEBUG [http-nio-0.0.0.0-8081-exec-5] o.s.w.s.h.SimpleUrlHandlerMapping - Mapped to ResourceHttpRequestHandler [classpath [META-INF/resources/], classpath [resources/], classpath [static/], classpath [public/], ServletContext [/]]
2025-12-20 14:17:28.189 DEBUG [http-nio-0.0.0.0-8081-exec-6] o.s.web.servlet.DispatcherServlet - Completed 200 OK
2025-12-20 14:17:28.189 DEBUG [http-nio-0.0.0.0-8081-exec-5] o.s.web.servlet.DispatcherServlet - Completed 200 OK
2025-12-20 14:17:59.339 DEBUG [http-nio-0.0.0.0-8081-exec-7] o.s.web.servlet.DispatcherServlet - GET "/std-word/list", parameters={}
2025-12-20 14:17:59.340 DEBUG [http-nio-0.0.0.0-8081-exec-7] o.s.w.s.m.m.a.RequestMappingHandlerMapping - Mapped to com.example.nproject.controller.MetaStdWordController#list(MetaStdWordDto, Model)
2025-12-20 14:17:59.340 DEBUG [http-nio-0.0.0.0-8081-exec-7] o.s.jdbc.datasource.DataSourceUtils - Fetching JDBC Connection from DataSource
2025-12-20 14:17:59.349 DEBUG [http-nio-0.0.0.0-8081-exec-7] c.e.n.m.M.selectStdWordList - ==>  Preparing: SELECT word_id as wordId, std_word_name as stdWordName, eng_abbr_name as engAbbrName, eng_full_name as engFullName, definition, domain_type as domainType, use_yn as useYn FROM meta_std_word ORDER BY word_id LIMIT ? OFFSET ?
2025-12-20 14:17:59.349 DEBUG [http-nio-0.0.0.0-8081-exec-7] c.e.n.m.M.selectStdWordList - ==> Parameters: 10(Integer), 0(Integer)
2025-12-20 14:17:59.362 DEBUG [http-nio-0.0.0.0-8081-exec-7] c.e.n.m.M.selectStdWordList - <==      Total: 10
2025-12-20 14:17:59.362 DEBUG [http-nio-0.0.0.0-8081-exec-7] o.s.jdbc.datasource.DataSourceUtils - Fetching JDBC Connection from DataSource
2025-12-20 14:17:59.363 DEBUG [http-nio-0.0.0.0-8081-exec-7] c.e.n.m.M.countStdWordList - ==>  Preparing: SELECT COUNT(*) FROM meta_std_word
2025-12-20 14:17:59.363 DEBUG [http-nio-0.0.0.0-8081-exec-7] c.e.n.m.M.countStdWordList - ==> Parameters: 
2025-12-20 14:17:59.385 DEBUG [http-nio-0.0.0.0-8081-exec-7] c.e.n.m.M.countStdWordList - <==      Total: 1
2025-12-20 14:17:59.386 DEBUG [http-nio-0.0.0.0-8081-exec-7] o.s.w.s.v.ContentNegotiatingViewResolver - Selected 'text/html' given [text/html, application/xhtml+xml, image/avif, image/webp, image/apng, application/xml;q=0.9, */*;q=0.8, application/signed-exchange;v=b3;q=0.7]
2025-12-20 14:17:59.401 DEBUG [http-nio-0.0.0.0-8081-exec-7] o.s.web.servlet.DispatcherServlet - Completed 200 OK
2025-12-20 14:17:59.422 DEBUG [http-nio-0.0.0.0-8081-exec-8] o.s.web.servlet.DispatcherServlet - GET "/css/common.css", parameters={}
2025-12-20 14:17:59.423 DEBUG [http-nio-0.0.0.0-8081-exec-8] o.s.w.s.h.SimpleUrlHandlerMapping - Mapped to ResourceHttpRequestHandler [classpath [META-INF/resources/], classpath [resources/], classpath [static/], classpath [public/], ServletContext [/]]
2025-12-20 14:17:59.425 DEBUG [http-nio-0.0.0.0-8081-exec-8] o.s.web.servlet.DispatcherServlet - Completed 200 OK
2025-12-20 14:17:59.428 DEBUG [http-nio-0.0.0.0-8081-exec-9] o.s.web.servlet.DispatcherServlet - GET "/css/std_word_list.css", parameters={}
2025-12-20 14:17:59.429 DEBUG [http-nio-0.0.0.0-8081-exec-10] o.s.web.servlet.DispatcherServlet - GET "/js/std_word_list.js", parameters={}
2025-12-20 14:17:59.429 DEBUG [http-nio-0.0.0.0-8081-exec-10] o.s.w.s.h.SimpleUrlHandlerMapping - Mapped to ResourceHttpRequestHandler [classpath [META-INF/resources/], classpath [resources/], classpath [static/], classpath [public/], ServletContext [/]]
2025-12-20 14:17:59.429 DEBUG [http-nio-0.0.0.0-8081-exec-9] o.s.w.s.h.SimpleUrlHandlerMapping - Mapped to ResourceHttpRequestHandler [classpath [META-INF/resources/], classpath [resources/], classpath [static/], classpath [public/], ServletContext [/]]
2025-12-20 14:17:59.431 DEBUG [http-nio-0.0.0.0-8081-exec-9] o.s.web.servlet.DispatcherServlet - Completed 200 OK
2025-12-20 14:17:59.431 DEBUG [http-nio-0.0.0.0-8081-exec-10] o.s.web.servlet.DispatcherServlet - Completed 200 OK
2025-12-20 14:19:56.469 DEBUG [http-nio-0.0.0.0-8081-exec-5] o.s.web.servlet.DispatcherServlet - GET "/std-word/list", parameters={}
2025-12-20 14:19:56.471 DEBUG [http-nio-0.0.0.0-8081-exec-5] o.s.w.s.m.m.a.RequestMappingHandlerMapping - Mapped to com.example.nproject.controller.MetaStdWordController#list(MetaStdWordDto, Model)
2025-12-20 14:19:56.471 DEBUG [http-nio-0.0.0.0-8081-exec-5] o.s.jdbc.datasource.DataSourceUtils - Fetching JDBC Connection from DataSource
2025-12-20 14:19:56.480 DEBUG [http-nio-0.0.0.0-8081-exec-5] c.e.n.m.M.selectStdWordList - ==>  Preparing: SELECT word_id as wordId, std_word_name as stdWordName, eng_abbr_name as engAbbrName, eng_full_name as engFullName, definition, domain_type as domainType, use_yn as useYn FROM meta_std_word ORDER BY word_id LIMIT ? OFFSET ?
2025-12-20 14:19:56.481 DEBUG [http-nio-0.0.0.0-8081-exec-5] c.e.n.m.M.selectStdWordList - ==> Parameters: 10(Integer), 0(Integer)
2025-12-20 14:19:56.493 DEBUG [http-nio-0.0.0.0-8081-exec-5] c.e.n.m.M.selectStdWordList - <==      Total: 10
2025-12-20 14:19:56.495 DEBUG [http-nio-0.0.0.0-8081-exec-5] o.s.jdbc.datasource.DataSourceUtils - Fetching JDBC Connection from DataSource
2025-12-20 14:19:56.495 DEBUG [http-nio-0.0.0.0-8081-exec-5] c.e.n.m.M.countStdWordList - ==>  Preparing: SELECT COUNT(*) FROM meta_std_word
2025-12-20 14:19:56.495 DEBUG [http-nio-0.0.0.0-8081-exec-5] c.e.n.m.M.countStdWordList - ==> Parameters: 
2025-12-20 14:19:56.506 DEBUG [http-nio-0.0.0.0-8081-exec-5] c.e.n.m.M.countStdWordList - <==      Total: 1
2025-12-20 14:19:56.507 DEBUG [http-nio-0.0.0.0-8081-exec-5] o.s.w.s.v.ContentNegotiatingViewResolver - Selected 'text/html' given [text/html, application/xhtml+xml, image/avif, image/webp, image/apng, application/xml;q=0.9, */*;q=0.8, application/signed-exchange;v=b3;q=0.7]
2025-12-20 14:19:56.518 DEBUG [http-nio-0.0.0.0-8081-exec-5] o.s.web.servlet.DispatcherServlet - Completed 200 OK
2025-12-20 14:19:56.538 DEBUG [http-nio-0.0.0.0-8081-exec-7] o.s.web.servlet.DispatcherServlet - GET "/css/common.css", parameters={}
2025-12-20 14:19:56.538 DEBUG [http-nio-0.0.0.0-8081-exec-7] o.s.w.s.h.SimpleUrlHandlerMapping - Mapped to ResourceHttpRequestHandler [classpath [META-INF/resources/], classpath [resources/], classpath [static/], classpath [public/], ServletContext [/]]
2025-12-20 14:19:56.540 DEBUG [http-nio-0.0.0.0-8081-exec-8] o.s.web.servlet.DispatcherServlet - GET "/css/std_word_list.css", parameters={}
2025-12-20 14:19:56.540 DEBUG [http-nio-0.0.0.0-8081-exec-9] o.s.web.servlet.DispatcherServlet - GET "/js/std_word_list.js", parameters={}
2025-12-20 14:19:56.541 DEBUG [http-nio-0.0.0.0-8081-exec-9] o.s.w.s.h.SimpleUrlHandlerMapping - Mapped to ResourceHttpRequestHandler [classpath [META-INF/resources/], classpath [resources/], classpath [static/], classpath [public/], ServletContext [/]]
2025-12-20 14:19:56.541 DEBUG [http-nio-0.0.0.0-8081-exec-8] o.s.w.s.h.SimpleUrlHandlerMapping - Mapped to ResourceHttpRequestHandler [classpath [META-INF/resources/], classpath [resources/], classpath [static/], classpath [public/], ServletContext [/]]
2025-12-20 14:19:56.541 DEBUG [http-nio-0.0.0.0-8081-exec-7] o.s.web.servlet.DispatcherServlet - Completed 200 OK
2025-12-20 14:19:56.543 DEBUG [http-nio-0.0.0.0-8081-exec-9] o.s.web.servlet.DispatcherServlet - Completed 200 OK
2025-12-20 14:19:56.543 DEBUG [http-nio-0.0.0.0-8081-exec-8] o.s.web.servlet.DispatcherServlet - Completed 200 OK
2025-12-20 14:20:00.172 DEBUG [http-nio-0.0.0.0-8081-exec-10] o.s.web.servlet.DispatcherServlet - GET "/std-word/list", parameters={}
2025-12-20 14:20:00.172 DEBUG [http-nio-0.0.0.0-8081-exec-10] o.s.w.s.m.m.a.RequestMappingHandlerMapping - Mapped to com.example.nproject.controller.MetaStdWordController#list(MetaStdWordDto, Model)
2025-12-20 14:20:00.173 DEBUG [http-nio-0.0.0.0-8081-exec-10] o.s.jdbc.datasource.DataSourceUtils - Fetching JDBC Connection from DataSource
2025-12-20 14:20:00.181 DEBUG [http-nio-0.0.0.0-8081-exec-10] c.e.n.m.M.selectStdWordList - ==>  Preparing: SELECT word_id as wordId, std_word_name as stdWordName, eng_abbr_name as engAbbrName, eng_full_name as engFullName, definition, domain_type as domainType, use_yn as useYn FROM meta_std_word ORDER BY word_id LIMIT ? OFFSET ?
2025-12-20 14:20:00.181 DEBUG [http-nio-0.0.0.0-8081-exec-10] c.e.n.m.M.selectStdWordList - ==> Parameters: 10(Integer), 0(Integer)
2025-12-20 14:20:00.194 DEBUG [http-nio-0.0.0.0-8081-exec-10] c.e.n.m.M.selectStdWordList - <==      Total: 10
2025-12-20 14:20:00.194 DEBUG [http-nio-0.0.0.0-8081-exec-10] o.s.jdbc.datasource.DataSourceUtils - Fetching JDBC Connection from DataSource
2025-12-20 14:20:00.194 DEBUG [http-nio-0.0.0.0-8081-exec-10] c.e.n.m.M.countStdWordList - ==>  Preparing: SELECT COUNT(*) FROM meta_std_word
2025-12-20 14:20:00.194 DEBUG [http-nio-0.0.0.0-8081-exec-10] c.e.n.m.M.countStdWordList - ==> Parameters: 
2025-12-20 14:20:00.205 DEBUG [http-nio-0.0.0.0-8081-exec-10] c.e.n.m.M.countStdWordList - <==      Total: 1
2025-12-20 14:20:00.206 DEBUG [http-nio-0.0.0.0-8081-exec-10] o.s.w.s.v.ContentNegotiatingViewResolver - Selected 'text/html' given [text/html, application/xhtml+xml, image/avif, image/webp, image/apng, application/xml;q=0.9, */*;q=0.8, application/signed-exchange;v=b3;q=0.7]
2025-12-20 14:20:00.214 DEBUG [http-nio-0.0.0.0-8081-exec-10] o.s.web.servlet.DispatcherServlet - Completed 200 OK
2025-12-20 14:20:00.231 DEBUG [http-nio-0.0.0.0-8081-exec-3] o.s.web.servlet.DispatcherServlet - GET "/css/common.css", parameters={}
2025-12-20 14:20:00.232 DEBUG [http-nio-0.0.0.0-8081-exec-3] o.s.w.s.h.SimpleUrlHandlerMapping - Mapped to ResourceHttpRequestHandler [classpath [META-INF/resources/], classpath [resources/], classpath [static/], classpath [public/], ServletContext [/]]
2025-12-20 14:20:00.234 DEBUG [http-nio-0.0.0.0-8081-exec-2] o.s.web.servlet.DispatcherServlet - GET "/css/std_word_list.css", parameters={}
2025-12-20 14:20:00.234 DEBUG [http-nio-0.0.0.0-8081-exec-1] o.s.web.servlet.DispatcherServlet - GET "/js/std_word_list.js", parameters={}
2025-12-20 14:20:00.234 DEBUG [http-nio-0.0.0.0-8081-exec-1] o.s.w.s.h.SimpleUrlHandlerMapping - Mapped to ResourceHttpRequestHandler [classpath [META-INF/resources/], classpath [resources/], classpath [static/], classpath [public/], ServletContext [/]]
2025-12-20 14:20:00.234 DEBUG [http-nio-0.0.0.0-8081-exec-2] o.s.w.s.h.SimpleUrlHandlerMapping - Mapped to ResourceHttpRequestHandler [classpath [META-INF/resources/], classpath [resources/], classpath [static/], classpath [public/], ServletContext [/]]
2025-12-20 14:20:00.235 DEBUG [http-nio-0.0.0.0-8081-exec-3] o.s.web.servlet.DispatcherServlet - Completed 200 OK
2025-12-20 14:20:00.236 DEBUG [http-nio-0.0.0.0-8081-exec-1] o.s.web.servlet.DispatcherServlet - Completed 200 OK
2025-12-20 14:20:00.236 DEBUG [http-nio-0.0.0.0-8081-exec-2] o.s.web.servlet.DispatcherServlet - Completed 200 OK
2025-12-20 14:20:05.280 INFO  [RMI TCP Connection(12)-127.0.0.1] o.s.b.a.SpringApplicationAdminMXBeanRegistrar$SpringApplicationAdmin - Application shutdown requested.
2025-12-20 14:20:05.284 INFO  [RMI TCP Connection(12)-127.0.0.1] o.a.coyote.http11.Http11NioProtocol - Stopping ProtocolHandler ["http-nio-0.0.0.0-8081"]
2025-12-20 14:20:05.299 INFO  [RMI TCP Connection(12)-127.0.0.1] com.zaxxer.hikari.HikariDataSource - HikariPool-1 - Shutdown initiated...
2025-12-20 14:20:05.311 INFO  [RMI TCP Connection(12)-127.0.0.1] com.zaxxer.hikari.HikariDataSource - HikariPool-1 - Shutdown completed.
2025-12-20 14:20:06.998 INFO  [restartedMain] c.e.nproject.NprojectApplication - Starting NprojectApplication using Java 17.0.12 with PID 2032 (C:\Dev_antigravity_git\meta_system\nproject\target\classes started by jkljkl in C:\Dev_antigravity_git\meta_system\nproject)
2025-12-20 14:20:06.999 DEBUG [restartedMain] c.e.nproject.NprojectApplication - Running with Spring Boot v3.2.0, Spring v6.1.1
2025-12-20 14:20:07.001 INFO  [restartedMain] c.e.nproject.NprojectApplication - No active profile set, falling back to 1 default profile: "default"
2025-12-20 14:20:07.040 INFO  [restartedMain] o.s.b.d.e.DevToolsPropertyDefaultsPostProcessor - Devtools property defaults active! Set 'spring.devtools.add-properties' to 'false' to disable
2025-12-20 14:20:07.041 INFO  [restartedMain] o.s.b.d.e.DevToolsPropertyDefaultsPostProcessor - For additional web related logging consider setting the 'logging.level.web' property to 'DEBUG'
2025-12-20 14:20:07.569 DEBUG [restartedMain] o.apache.ibatis.logging.LogFactory - Logging initialized using 'class org.apache.ibatis.logging.slf4j.Slf4jImpl' adapter.
2025-12-20 14:20:07.886 INFO  [restartedMain] o.s.b.w.e.tomcat.TomcatWebServer - Tomcat initialized with port 8081 (http)
2025-12-20 14:20:07.895 INFO  [restartedMain] o.a.coyote.http11.Http11NioProtocol - Initializing ProtocolHandler ["http-nio-0.0.0.0-8081"]
2025-12-20 14:20:07.896 INFO  [restartedMain] o.a.catalina.core.StandardService - Starting service [Tomcat]
2025-12-20 14:20:07.896 INFO  [restartedMain] o.a.catalina.core.StandardEngine - Starting Servlet engine: [Apache Tomcat/10.1.16]
2025-12-20 14:20:07.937 INFO  [restartedMain] o.a.c.c.C.[Tomcat].[localhost].[/] - Initializing Spring embedded WebApplicationContext
2025-12-20 14:20:07.937 INFO  [restartedMain] o.s.b.w.s.c.ServletWebServerApplicationContext - Root WebApplicationContext: initialization completed in 895 ms
2025-12-20 14:20:08.263 DEBUG [restartedMain] o.s.w.s.m.m.a.RequestMappingHandlerMapping - 14 mappings in 'requestMappingHandlerMapping'
2025-12-20 14:20:08.324 DEBUG [restartedMain] o.s.w.s.h.SimpleUrlHandlerMapping - Patterns [/webjars/**, /**] in 'resourceHandlerMapping'
2025-12-20 14:20:08.345 DEBUG [restartedMain] o.s.w.s.m.m.a.RequestMappingHandlerAdapter - ControllerAdvice beans: 0 @ModelAttribute, 0 @InitBinder, 1 RequestBodyAdvice, 1 ResponseBodyAdvice
2025-12-20 14:20:08.372 DEBUG [restartedMain] o.s.w.s.m.m.a.ExceptionHandlerExceptionResolver - ControllerAdvice beans: 0 @ExceptionHandler, 1 ResponseBodyAdvice
2025-12-20 14:20:08.540 INFO  [restartedMain] o.s.b.d.a.OptionalLiveReloadServer - LiveReload server is running on port 35729
2025-12-20 14:20:08.562 INFO  [restartedMain] o.a.coyote.http11.Http11NioProtocol - Starting ProtocolHandler ["http-nio-0.0.0.0-8081"]
2025-12-20 14:20:08.579 INFO  [restartedMain] o.s.b.w.e.tomcat.TomcatWebServer - Tomcat started on port 8081 (http) with context path ''
2025-12-20 14:20:08.588 INFO  [restartedMain] c.e.nproject.NprojectApplication - Started NprojectApplication in 1.968 seconds (process running for 2.548)
2025-12-20 14:20:14.313 INFO  [http-nio-0.0.0.0-8081-exec-1] o.a.c.c.C.[Tomcat].[localhost].[/] - Initializing Spring DispatcherServlet 'dispatcherServlet'
2025-12-20 14:20:14.313 INFO  [http-nio-0.0.0.0-8081-exec-1] o.s.web.servlet.DispatcherServlet - Initializing Servlet 'dispatcherServlet'
2025-12-20 14:20:14.315 DEBUG [http-nio-0.0.0.0-8081-exec-1] o.s.web.servlet.DispatcherServlet - Detected StandardServletMultipartResolver
2025-12-20 14:20:14.315 DEBUG [http-nio-0.0.0.0-8081-exec-1] o.s.web.servlet.DispatcherServlet - Detected AcceptHeaderLocaleResolver
2025-12-20 14:20:14.315 DEBUG [http-nio-0.0.0.0-8081-exec-1] o.s.web.servlet.DispatcherServlet - Detected FixedThemeResolver
2025-12-20 14:20:14.315 DEBUG [http-nio-0.0.0.0-8081-exec-1] o.s.web.servlet.DispatcherServlet - Detected org.springframework.web.servlet.view.DefaultRequestToViewNameTranslator@7ef2263b
2025-12-20 14:20:14.316 DEBUG [http-nio-0.0.0.0-8081-exec-1] o.s.web.servlet.DispatcherServlet - Detected org.springframework.web.servlet.support.SessionFlashMapManager@2045f2a2
2025-12-20 14:20:14.316 DEBUG [http-nio-0.0.0.0-8081-exec-1] o.s.web.servlet.DispatcherServlet - enableLoggingRequestDetails='false': request parameters and headers will be masked to prevent unsafe logging of potentially sensitive data
2025-12-20 14:20:14.316 INFO  [http-nio-0.0.0.0-8081-exec-1] o.s.web.servlet.DispatcherServlet - Completed initialization in 3 ms
2025-12-20 14:20:14.324 DEBUG [http-nio-0.0.0.0-8081-exec-1] o.s.web.servlet.DispatcherServlet - GET "/std-word/list", parameters={}
2025-12-20 14:20:14.335 DEBUG [http-nio-0.0.0.0-8081-exec-1] o.s.w.s.m.m.a.RequestMappingHandlerMapping - Mapped to com.example.nproject.controller.MetaStdWordController#list(MetaStdWordDto, Model)
2025-12-20 14:20:14.386 DEBUG [http-nio-0.0.0.0-8081-exec-1] o.s.jdbc.datasource.DataSourceUtils - Fetching JDBC Connection from DataSource
2025-12-20 14:20:14.387 INFO  [http-nio-0.0.0.0-8081-exec-1] com.zaxxer.hikari.HikariDataSource - HikariPool-1 - Starting...
2025-12-20 14:20:14.701 INFO  [http-nio-0.0.0.0-8081-exec-1] com.zaxxer.hikari.pool.HikariPool - HikariPool-1 - Added connection org.postgresql.jdbc.PgConnection@55488cd3
2025-12-20 14:20:14.702 INFO  [http-nio-0.0.0.0-8081-exec-1] com.zaxxer.hikari.HikariDataSource - HikariPool-1 - Start completed.
2025-12-20 14:20:14.709 DEBUG [http-nio-0.0.0.0-8081-exec-1] c.e.n.m.M.selectStdWordList - ==>  Preparing: SELECT word_id as wordId, std_word_name as stdWordName, eng_abbr_name as engAbbrName, eng_full_name as engFullName, definition, domain_type as domainType, use_yn as useYn FROM meta_std_word ORDER BY word_id LIMIT ? OFFSET ?
2025-12-20 14:20:14.723 DEBUG [http-nio-0.0.0.0-8081-exec-1] c.e.n.m.M.selectStdWordList - ==> Parameters: 10(Integer), 0(Integer)
2025-12-20 14:20:14.745 DEBUG [http-nio-0.0.0.0-8081-exec-1] c.e.n.m.M.selectStdWordList - <==      Total: 10
2025-12-20 14:20:14.752 DEBUG [http-nio-0.0.0.0-8081-exec-1] o.s.jdbc.datasource.DataSourceUtils - Fetching JDBC Connection from DataSource
2025-12-20 14:20:14.753 DEBUG [http-nio-0.0.0.0-8081-exec-1] c.e.n.m.M.countStdWordList - ==>  Preparing: SELECT COUNT(*) FROM meta_std_word
2025-12-20 14:20:14.753 DEBUG [http-nio-0.0.0.0-8081-exec-1] c.e.n.m.M.countStdWordList - ==> Parameters: 
2025-12-20 14:20:14.763 DEBUG [http-nio-0.0.0.0-8081-exec-1] c.e.n.m.M.countStdWordList - <==      Total: 1
2025-12-20 14:20:14.770 DEBUG [http-nio-0.0.0.0-8081-exec-1] o.s.w.s.v.ContentNegotiatingViewResolver - Selected 'text/html' given [text/html, application/xhtml+xml, image/avif, image/webp, image/apng, application/xml;q=0.9, */*;q=0.8, application/signed-exchange;v=b3;q=0.7]
2025-12-20 14:20:15.019 DEBUG [http-nio-0.0.0.0-8081-exec-1] o.s.web.servlet.DispatcherServlet - Completed 200 OK
2025-12-20 14:20:15.036 DEBUG [http-nio-0.0.0.0-8081-exec-2] o.s.web.servlet.DispatcherServlet - GET "/css/common.css", parameters={}
2025-12-20 14:20:15.037 DEBUG [http-nio-0.0.0.0-8081-exec-4] o.s.web.servlet.DispatcherServlet - GET "/js/std_word_list.js", parameters={}
2025-12-20 14:20:15.037 DEBUG [http-nio-0.0.0.0-8081-exec-3] o.s.web.servlet.DispatcherServlet - GET "/css/std_word_list.css", parameters={}
2025-12-20 14:20:15.041 DEBUG [http-nio-0.0.0.0-8081-exec-4] o.s.w.s.h.SimpleUrlHandlerMapping - Mapped to ResourceHttpRequestHandler [classpath [META-INF/resources/], classpath [resources/], classpath [static/], classpath [public/], ServletContext [/]]
2025-12-20 14:20:15.041 DEBUG [http-nio-0.0.0.0-8081-exec-2] o.s.w.s.h.SimpleUrlHandlerMapping - Mapped to ResourceHttpRequestHandler [classpath [META-INF/resources/], classpath [resources/], classpath [static/], classpath [public/], ServletContext [/]]
2025-12-20 14:20:15.041 DEBUG [http-nio-0.0.0.0-8081-exec-3] o.s.w.s.h.SimpleUrlHandlerMapping - Mapped to ResourceHttpRequestHandler [classpath [META-INF/resources/], classpath [resources/], classpath [static/], classpath [public/], ServletContext [/]]
2025-12-20 14:20:15.051 DEBUG [http-nio-0.0.0.0-8081-exec-2] o.s.web.servlet.DispatcherServlet - Completed 200 OK
2025-12-20 14:20:15.051 DEBUG [http-nio-0.0.0.0-8081-exec-4] o.s.web.servlet.DispatcherServlet - Completed 200 OK
2025-12-20 14:20:15.051 DEBUG [http-nio-0.0.0.0-8081-exec-3] o.s.web.servlet.DispatcherServlet - Completed 200 OK
2025-12-20 14:20:24.423 DEBUG [http-nio-0.0.0.0-8081-exec-5] o.s.web.servlet.DispatcherServlet - GET "/std-word/update?wordId=3", parameters={masked}
2025-12-20 14:20:24.424 DEBUG [http-nio-0.0.0.0-8081-exec-5] o.s.w.s.m.m.a.RequestMappingHandlerMapping - Mapped to com.example.nproject.controller.MetaStdWordController#updateForm(Long, Model)
2025-12-20 14:20:24.425 DEBUG [http-nio-0.0.0.0-8081-exec-5] o.s.jdbc.datasource.DataSourceUtils - Fetching JDBC Connection from DataSource
2025-12-20 14:20:24.434 DEBUG [http-nio-0.0.0.0-8081-exec-5] c.e.n.m.M.selectStdWord - ==>  Preparing: SELECT word_id as wordId, std_word_name as stdWordName, eng_abbr_name as engAbbrName, eng_full_name as engFullName, definition, domain_type as domainType, use_yn as useYn FROM meta_std_word WHERE word_id = ?
2025-12-20 14:20:24.435 DEBUG [http-nio-0.0.0.0-8081-exec-5] c.e.n.m.M.selectStdWord - ==> Parameters: 3(Long)
2025-12-20 14:20:24.445 DEBUG [http-nio-0.0.0.0-8081-exec-5] c.e.n.m.M.selectStdWord - <==      Total: 1
2025-12-20 14:20:24.446 DEBUG [http-nio-0.0.0.0-8081-exec-5] o.s.w.s.v.ContentNegotiatingViewResolver - Selected 'text/html' given [text/html, application/xhtml+xml, image/avif, image/webp, image/apng, application/xml;q=0.9, */*;q=0.8, application/signed-exchange;v=b3;q=0.7]
2025-12-20 14:20:24.452 DEBUG [http-nio-0.0.0.0-8081-exec-5] o.s.web.servlet.DispatcherServlet - Completed 200 OK
2025-12-20 14:20:24.457 DEBUG [http-nio-0.0.0.0-8081-exec-7] o.s.web.servlet.DispatcherServlet - GET "/css/std_word_insert.css", parameters={}
2025-12-20 14:20:24.457 DEBUG [http-nio-0.0.0.0-8081-exec-8] o.s.web.servlet.DispatcherServlet - GET "/js/std_update.js", parameters={}
2025-12-20 14:20:24.457 DEBUG [http-nio-0.0.0.0-8081-exec-6] o.s.web.servlet.DispatcherServlet - GET "/css/common.css", parameters={}
2025-12-20 14:20:24.458 DEBUG [http-nio-0.0.0.0-8081-exec-8] o.s.w.s.h.SimpleUrlHandlerMapping - Mapped to ResourceHttpRequestHandler [classpath [META-INF/resources/], classpath [resources/], classpath [static/], classpath [public/], ServletContext [/]]
2025-12-20 14:20:24.458 DEBUG [http-nio-0.0.0.0-8081-exec-6] o.s.w.s.h.SimpleUrlHandlerMapping - Mapped to ResourceHttpRequestHandler [classpath [META-INF/resources/], classpath [resources/], classpath [static/], classpath [public/], ServletContext [/]]
2025-12-20 14:20:24.458 DEBUG [http-nio-0.0.0.0-8081-exec-7] o.s.w.s.h.SimpleUrlHandlerMapping - Mapped to ResourceHttpRequestHandler [classpath [META-INF/resources/], classpath [resources/], classpath [static/], classpath [public/], ServletContext [/]]
2025-12-20 14:20:24.461 DEBUG [http-nio-0.0.0.0-8081-exec-7] o.s.web.servlet.DispatcherServlet - Completed 200 OK
2025-12-20 14:20:24.461 DEBUG [http-nio-0.0.0.0-8081-exec-8] o.s.web.servlet.DispatcherServlet - Completed 200 OK
2025-12-20 14:20:24.461 DEBUG [http-nio-0.0.0.0-8081-exec-6] o.s.web.servlet.DispatcherServlet - Completed 200 OK
2025-12-20 14:22:58.775 INFO  [RMI TCP Connection(12)-127.0.0.1] o.s.b.a.SpringApplicationAdminMXBeanRegistrar$SpringApplicationAdmin - Application shutdown requested.
2025-12-20 14:22:58.779 INFO  [RMI TCP Connection(12)-127.0.0.1] o.a.coyote.http11.Http11NioProtocol - Stopping ProtocolHandler ["http-nio-0.0.0.0-8081"]
2025-12-20 14:22:58.791 INFO  [RMI TCP Connection(12)-127.0.0.1] com.zaxxer.hikari.HikariDataSource - HikariPool-1 - Shutdown initiated...
2025-12-20 14:22:58.797 INFO  [RMI TCP Connection(12)-127.0.0.1] com.zaxxer.hikari.HikariDataSource - HikariPool-1 - Shutdown completed.
2025-12-20 14:23:00.709 INFO  [restartedMain] c.e.nproject.NprojectApplication - Starting NprojectApplication using Java 17.0.12 with PID 9740 (C:\Dev_antigravity_git\meta_system\nproject\target\classes started by jkljkl in C:\Dev_antigravity_git\meta_system\nproject)
2025-12-20 14:23:00.711 DEBUG [restartedMain] c.e.nproject.NprojectApplication - Running with Spring Boot v3.2.0, Spring v6.1.1
2025-12-20 14:23:00.712 INFO  [restartedMain] c.e.nproject.NprojectApplication - No active profile set, falling back to 1 default profile: "default"
2025-12-20 14:23:00.753 INFO  [restartedMain] o.s.b.d.e.DevToolsPropertyDefaultsPostProcessor - Devtools property defaults active! Set 'spring.devtools.add-properties' to 'false' to disable
2025-12-20 14:23:00.753 INFO  [restartedMain] o.s.b.d.e.DevToolsPropertyDefaultsPostProcessor - For additional web related logging consider setting the 'logging.level.web' property to 'DEBUG'
2025-12-20 14:23:01.282 DEBUG [restartedMain] o.apache.ibatis.logging.LogFactory - Logging initialized using 'class org.apache.ibatis.logging.slf4j.Slf4jImpl' adapter.
2025-12-20 14:23:01.600 INFO  [restartedMain] o.s.b.w.e.tomcat.TomcatWebServer - Tomcat initialized with port 8081 (http)
2025-12-20 14:23:01.607 INFO  [restartedMain] o.a.coyote.http11.Http11NioProtocol - Initializing ProtocolHandler ["http-nio-0.0.0.0-8081"]
2025-12-20 14:23:01.608 INFO  [restartedMain] o.a.catalina.core.StandardService - Starting service [Tomcat]
2025-12-20 14:23:01.609 INFO  [restartedMain] o.a.catalina.core.StandardEngine - Starting Servlet engine: [Apache Tomcat/10.1.16]
2025-12-20 14:23:01.645 INFO  [restartedMain] o.a.c.c.C.[Tomcat].[localhost].[/] - Initializing Spring embedded WebApplicationContext
2025-12-20 14:23:01.646 INFO  [restartedMain] o.s.b.w.s.c.ServletWebServerApplicationContext - Root WebApplicationContext: initialization completed in 891 ms
2025-12-20 14:23:01.951 DEBUG [restartedMain] o.s.w.s.m.m.a.RequestMappingHandlerMapping - 14 mappings in 'requestMappingHandlerMapping'
2025-12-20 14:23:02.001 DEBUG [restartedMain] o.s.w.s.h.SimpleUrlHandlerMapping - Patterns [/webjars/**, /**] in 'resourceHandlerMapping'
2025-12-20 14:23:02.021 DEBUG [restartedMain] o.s.w.s.m.m.a.RequestMappingHandlerAdapter - ControllerAdvice beans: 0 @ModelAttribute, 0 @InitBinder, 1 RequestBodyAdvice, 1 ResponseBodyAdvice
2025-12-20 14:23:02.047 DEBUG [restartedMain] o.s.w.s.m.m.a.ExceptionHandlerExceptionResolver - ControllerAdvice beans: 0 @ExceptionHandler, 1 ResponseBodyAdvice
2025-12-20 14:23:02.142 INFO  [restartedMain] o.s.b.d.a.OptionalLiveReloadServer - LiveReload server is running on port 35729
2025-12-20 14:23:02.158 INFO  [restartedMain] o.a.coyote.http11.Http11NioProtocol - Starting ProtocolHandler ["http-nio-0.0.0.0-8081"]
2025-12-20 14:23:02.176 INFO  [restartedMain] o.s.b.w.e.tomcat.TomcatWebServer - Tomcat started on port 8081 (http) with context path ''
2025-12-20 14:23:02.186 INFO  [restartedMain] c.e.nproject.NprojectApplication - Started NprojectApplication in 1.851 seconds (process running for 2.464)
2025-12-20 14:23:06.255 INFO  [http-nio-0.0.0.0-8081-exec-1] o.a.c.c.C.[Tomcat].[localhost].[/] - Initializing Spring DispatcherServlet 'dispatcherServlet'
2025-12-20 14:23:06.256 INFO  [http-nio-0.0.0.0-8081-exec-1] o.s.web.servlet.DispatcherServlet - Initializing Servlet 'dispatcherServlet'
2025-12-20 14:23:06.256 DEBUG [http-nio-0.0.0.0-8081-exec-1] o.s.web.servlet.DispatcherServlet - Detected StandardServletMultipartResolver
2025-12-20 14:23:06.256 DEBUG [http-nio-0.0.0.0-8081-exec-1] o.s.web.servlet.DispatcherServlet - Detected AcceptHeaderLocaleResolver
2025-12-20 14:23:06.256 DEBUG [http-nio-0.0.0.0-8081-exec-1] o.s.web.servlet.DispatcherServlet - Detected FixedThemeResolver
2025-12-20 14:23:06.256 DEBUG [http-nio-0.0.0.0-8081-exec-1] o.s.web.servlet.DispatcherServlet - Detected org.springframework.web.servlet.view.DefaultRequestToViewNameTranslator@5bb52a51
2025-12-20 14:23:06.257 DEBUG [http-nio-0.0.0.0-8081-exec-1] o.s.web.servlet.DispatcherServlet - Detected org.springframework.web.servlet.support.SessionFlashMapManager@7b188ff7
2025-12-20 14:23:06.257 DEBUG [http-nio-0.0.0.0-8081-exec-1] o.s.web.servlet.DispatcherServlet - enableLoggingRequestDetails='false': request parameters and headers will be masked to prevent unsafe logging of potentially sensitive data
2025-12-20 14:23:06.257 INFO  [http-nio-0.0.0.0-8081-exec-1] o.s.web.servlet.DispatcherServlet - Completed initialization in 1 ms
2025-12-20 14:23:06.265 DEBUG [http-nio-0.0.0.0-8081-exec-1] o.s.web.servlet.DispatcherServlet - GET "/std-word/list", parameters={}
2025-12-20 14:23:06.274 DEBUG [http-nio-0.0.0.0-8081-exec-1] o.s.w.s.m.m.a.RequestMappingHandlerMapping - Mapped to com.example.nproject.controller.MetaStdWordController#list(MetaStdWordDto, Model)
2025-12-20 14:23:06.322 DEBUG [http-nio-0.0.0.0-8081-exec-1] o.s.jdbc.datasource.DataSourceUtils - Fetching JDBC Connection from DataSource
2025-12-20 14:23:06.323 INFO  [http-nio-0.0.0.0-8081-exec-1] com.zaxxer.hikari.HikariDataSource - HikariPool-1 - Starting...
2025-12-20 14:23:06.654 INFO  [http-nio-0.0.0.0-8081-exec-1] com.zaxxer.hikari.pool.HikariPool - HikariPool-1 - Added connection org.postgresql.jdbc.PgConnection@568127d4
2025-12-20 14:23:06.656 INFO  [http-nio-0.0.0.0-8081-exec-1] com.zaxxer.hikari.HikariDataSource - HikariPool-1 - Start completed.
2025-12-20 14:23:06.664 DEBUG [http-nio-0.0.0.0-8081-exec-1] c.e.n.m.M.selectStdWordList - ==>  Preparing: SELECT word_id as wordId, std_word_name as stdWordName, eng_abbr_name as engAbbrName, eng_full_name as engFullName, definition, domain_type as domainType, use_yn as useYn FROM meta_std_word ORDER BY word_id LIMIT ? OFFSET ?
2025-12-20 14:23:06.676 DEBUG [http-nio-0.0.0.0-8081-exec-1] c.e.n.m.M.selectStdWordList - ==> Parameters: 10(Integer), 0(Integer)
2025-12-20 14:23:06.703 DEBUG [http-nio-0.0.0.0-8081-exec-1] c.e.n.m.M.selectStdWordList - <==      Total: 10
2025-12-20 14:23:06.709 DEBUG [http-nio-0.0.0.0-8081-exec-1] o.s.jdbc.datasource.DataSourceUtils - Fetching JDBC Connection from DataSource
2025-12-20 14:23:06.709 DEBUG [http-nio-0.0.0.0-8081-exec-1] c.e.n.m.M.countStdWordList - ==>  Preparing: SELECT COUNT(*) FROM meta_std_word
2025-12-20 14:23:06.709 DEBUG [http-nio-0.0.0.0-8081-exec-1] c.e.n.m.M.countStdWordList - ==> Parameters: 
2025-12-20 14:23:06.724 DEBUG [http-nio-0.0.0.0-8081-exec-1] c.e.n.m.M.countStdWordList - <==      Total: 1
2025-12-20 14:23:06.731 DEBUG [http-nio-0.0.0.0-8081-exec-1] o.s.w.s.v.ContentNegotiatingViewResolver - Selected 'text/html' given [text/html, application/xhtml+xml, image/avif, image/webp, image/apng, application/xml;q=0.9, */*;q=0.8, application/signed-exchange;v=b3;q=0.7]
2025-12-20 14:23:06.968 DEBUG [http-nio-0.0.0.0-8081-exec-1] o.s.web.servlet.DispatcherServlet - Completed 200 OK
2025-12-20 14:23:06.988 DEBUG [http-nio-0.0.0.0-8081-exec-2] o.s.web.servlet.DispatcherServlet - GET "/css/common.css", parameters={}
2025-12-20 14:23:06.991 DEBUG [http-nio-0.0.0.0-8081-exec-4] o.s.web.servlet.DispatcherServlet - GET "/js/std_word_list.js", parameters={}
2025-12-20 14:23:06.991 DEBUG [http-nio-0.0.0.0-8081-exec-3] o.s.web.servlet.DispatcherServlet - GET "/css/std_word_list.css", parameters={}
2025-12-20 14:23:06.993 DEBUG [http-nio-0.0.0.0-8081-exec-4] o.s.w.s.h.SimpleUrlHandlerMapping - Mapped to ResourceHttpRequestHandler [classpath [META-INF/resources/], classpath [resources/], classpath [static/], classpath [public/], ServletContext [/]]
2025-12-20 14:23:06.993 DEBUG [http-nio-0.0.0.0-8081-exec-2] o.s.w.s.h.SimpleUrlHandlerMapping - Mapped to ResourceHttpRequestHandler [classpath [META-INF/resources/], classpath [resources/], classpath [static/], classpath [public/], ServletContext [/]]
2025-12-20 14:23:06.993 DEBUG [http-nio-0.0.0.0-8081-exec-3] o.s.w.s.h.SimpleUrlHandlerMapping - Mapped to ResourceHttpRequestHandler [classpath [META-INF/resources/], classpath [resources/], classpath [static/], classpath [public/], ServletContext [/]]
2025-12-20 14:23:07.004 DEBUG [http-nio-0.0.0.0-8081-exec-4] o.s.web.servlet.DispatcherServlet - Completed 200 OK
2025-12-20 14:23:07.014 DEBUG [http-nio-0.0.0.0-8081-exec-2] o.s.web.servlet.DispatcherServlet - Completed 200 OK
2025-12-20 14:23:07.014 DEBUG [http-nio-0.0.0.0-8081-exec-3] o.s.web.servlet.DispatcherServlet - Completed 200 OK
2025-12-20 14:23:11.315 DEBUG [http-nio-0.0.0.0-8081-exec-5] o.s.web.servlet.DispatcherServlet - GET "/std-word/update?wordId=4", parameters={masked}
2025-12-20 14:23:11.315 DEBUG [http-nio-0.0.0.0-8081-exec-5] o.s.w.s.m.m.a.RequestMappingHandlerMapping - Mapped to com.example.nproject.controller.MetaStdWordController#updateForm(Long, Model)
2025-12-20 14:23:11.317 DEBUG [http-nio-0.0.0.0-8081-exec-5] o.s.jdbc.datasource.DataSourceUtils - Fetching JDBC Connection from DataSource
2025-12-20 14:23:11.327 DEBUG [http-nio-0.0.0.0-8081-exec-5] c.e.n.m.M.selectStdWord - ==>  Preparing: SELECT word_id as wordId, std_word_name as stdWordName, eng_abbr_name as engAbbrName, eng_full_name as engFullName, definition, domain_type as domainType, use_yn as useYn FROM meta_std_word WHERE word_id = ?
2025-12-20 14:23:11.327 DEBUG [http-nio-0.0.0.0-8081-exec-5] c.e.n.m.M.selectStdWord - ==> Parameters: 4(Long)
2025-12-20 14:23:11.339 DEBUG [http-nio-0.0.0.0-8081-exec-5] c.e.n.m.M.selectStdWord - <==      Total: 1
2025-12-20 14:23:11.340 DEBUG [http-nio-0.0.0.0-8081-exec-5] o.s.w.s.v.ContentNegotiatingViewResolver - Selected 'text/html' given [text/html, application/xhtml+xml, image/avif, image/webp, image/apng, application/xml;q=0.9, */*;q=0.8, application/signed-exchange;v=b3;q=0.7]
2025-12-20 14:23:11.347 DEBUG [http-nio-0.0.0.0-8081-exec-5] o.s.web.servlet.DispatcherServlet - Completed 200 OK
2025-12-20 14:23:11.352 DEBUG [http-nio-0.0.0.0-8081-exec-6] o.s.web.servlet.DispatcherServlet - GET "/css/common.css", parameters={}
2025-12-20 14:23:11.352 DEBUG [http-nio-0.0.0.0-8081-exec-8] o.s.web.servlet.DispatcherServlet - GET "/js/std_update.js", parameters={}
2025-12-20 14:23:11.352 DEBUG [http-nio-0.0.0.0-8081-exec-7] o.s.web.servlet.DispatcherServlet - GET "/css/std_word_insert.css", parameters={}
2025-12-20 14:23:11.353 DEBUG [http-nio-0.0.0.0-8081-exec-6] o.s.w.s.h.SimpleUrlHandlerMapping - Mapped to ResourceHttpRequestHandler [classpath [META-INF/resources/], classpath [resources/], classpath [static/], classpath [public/], ServletContext [/]]
2025-12-20 14:23:11.353 DEBUG [http-nio-0.0.0.0-8081-exec-7] o.s.w.s.h.SimpleUrlHandlerMapping - Mapped to ResourceHttpRequestHandler [classpath [META-INF/resources/], classpath [resources/], classpath [static/], classpath [public/], ServletContext [/]]
2025-12-20 14:23:11.353 DEBUG [http-nio-0.0.0.0-8081-exec-8] o.s.w.s.h.SimpleUrlHandlerMapping - Mapped to ResourceHttpRequestHandler [classpath [META-INF/resources/], classpath [resources/], classpath [static/], classpath [public/], ServletContext [/]]
2025-12-20 14:23:11.354 DEBUG [http-nio-0.0.0.0-8081-exec-8] o.s.web.servlet.DispatcherServlet - Completed 200 OK
2025-12-20 14:23:11.354 DEBUG [http-nio-0.0.0.0-8081-exec-6] o.s.web.servlet.DispatcherServlet - Completed 200 OK
2025-12-20 14:23:11.365 DEBUG [http-nio-0.0.0.0-8081-exec-7] o.s.web.servlet.DispatcherServlet - Completed 200 OK
2025-12-20 14:23:25.670 DEBUG [http-nio-0.0.0.0-8081-exec-9] o.s.web.servlet.DispatcherServlet - GET "/std-word/insert", parameters={}
2025-12-20 14:23:25.670 DEBUG [http-nio-0.0.0.0-8081-exec-9] o.s.w.s.m.m.a.RequestMappingHandlerMapping - Mapped to com.example.nproject.controller.MetaStdWordController#insertForm(Model)
2025-12-20 14:23:25.672 DEBUG [http-nio-0.0.0.0-8081-exec-9] o.s.w.s.v.ContentNegotiatingViewResolver - Selected 'text/html' given [text/html, application/xhtml+xml, image/avif, image/webp, image/apng, application/xml;q=0.9, */*;q=0.8, application/signed-exchange;v=b3;q=0.7]
2025-12-20 14:23:25.683 DEBUG [http-nio-0.0.0.0-8081-exec-9] o.s.web.servlet.DispatcherServlet - Completed 200 OK
2025-12-20 14:23:25.701 DEBUG [http-nio-0.0.0.0-8081-exec-10] o.s.web.servlet.DispatcherServlet - GET "/css/common.css", parameters={}
2025-12-20 14:23:25.701 DEBUG [http-nio-0.0.0.0-8081-exec-1] o.s.web.servlet.DispatcherServlet - GET "/css/std_word_insert.css", parameters={}
2025-12-20 14:23:25.701 DEBUG [http-nio-0.0.0.0-8081-exec-4] o.s.web.servlet.DispatcherServlet - GET "/js/std_word_insert.js", parameters={}
2025-12-20 14:23:25.701 DEBUG [http-nio-0.0.0.0-8081-exec-4] o.s.w.s.h.SimpleUrlHandlerMapping - Mapped to ResourceHttpRequestHandler [classpath [META-INF/resources/], classpath [resources/], classpath [static/], classpath [public/], ServletContext [/]]
2025-12-20 14:23:25.701 DEBUG [http-nio-0.0.0.0-8081-exec-1] o.s.w.s.h.SimpleUrlHandlerMapping - Mapped to ResourceHttpRequestHandler [classpath [META-INF/resources/], classpath [resources/], classpath [static/], classpath [public/], ServletContext [/]]
2025-12-20 14:23:25.701 DEBUG [http-nio-0.0.0.0-8081-exec-10] o.s.w.s.h.SimpleUrlHandlerMapping - Mapped to ResourceHttpRequestHandler [classpath [META-INF/resources/], classpath [resources/], classpath [static/], classpath [public/], ServletContext [/]]
2025-12-20 14:23:25.704 DEBUG [http-nio-0.0.0.0-8081-exec-10] o.s.web.servlet.DispatcherServlet - Completed 200 OK
2025-12-20 14:23:25.704 DEBUG [http-nio-0.0.0.0-8081-exec-1] o.s.web.servlet.DispatcherServlet - Completed 200 OK
2025-12-20 14:23:25.704 DEBUG [http-nio-0.0.0.0-8081-exec-4] o.s.web.servlet.DispatcherServlet - Completed 200 OK
2025-12-20 14:23:27.029 DEBUG [http-nio-0.0.0.0-8081-exec-3] o.s.web.servlet.DispatcherServlet - GET "/std-word/insert", parameters={}
2025-12-20 14:23:27.029 DEBUG [http-nio-0.0.0.0-8081-exec-3] o.s.w.s.m.m.a.RequestMappingHandlerMapping - Mapped to com.example.nproject.controller.MetaStdWordController#insertForm(Model)
2025-12-20 14:23:27.030 DEBUG [http-nio-0.0.0.0-8081-exec-3] o.s.w.s.v.ContentNegotiatingViewResolver - Selected 'text/html' given [text/html, application/xhtml+xml, image/avif, image/webp, image/apng, application/xml;q=0.9, */*;q=0.8, application/signed-exchange;v=b3;q=0.7]
2025-12-20 14:23:27.039 DEBUG [http-nio-0.0.0.0-8081-exec-3] o.s.web.servlet.DispatcherServlet - Completed 200 OK
2025-12-20 14:23:27.060 DEBUG [http-nio-0.0.0.0-8081-exec-2] o.s.web.servlet.DispatcherServlet - GET "/css/common.css", parameters={}
2025-12-20 14:23:27.061 DEBUG [http-nio-0.0.0.0-8081-exec-2] o.s.w.s.h.SimpleUrlHandlerMapping - Mapped to ResourceHttpRequestHandler [classpath [META-INF/resources/], classpath [resources/], classpath [static/], classpath [public/], ServletContext [/]]
2025-12-20 14:23:27.063 DEBUG [http-nio-0.0.0.0-8081-exec-6] o.s.web.servlet.DispatcherServlet - GET "/js/std_word_insert.js", parameters={}
2025-12-20 14:23:27.063 DEBUG [http-nio-0.0.0.0-8081-exec-5] o.s.web.servlet.DispatcherServlet - GET "/css/std_word_insert.css", parameters={}
2025-12-20 14:23:27.064 DEBUG [http-nio-0.0.0.0-8081-exec-6] o.s.w.s.h.SimpleUrlHandlerMapping - Mapped to ResourceHttpRequestHandler [classpath [META-INF/resources/], classpath [resources/], classpath [static/], classpath [public/], ServletContext [/]]
2025-12-20 14:23:27.064 DEBUG [http-nio-0.0.0.0-8081-exec-5] o.s.w.s.h.SimpleUrlHandlerMapping - Mapped to ResourceHttpRequestHandler [classpath [META-INF/resources/], classpath [resources/], classpath [static/], classpath [public/], ServletContext [/]]
2025-12-20 14:23:27.064 DEBUG [http-nio-0.0.0.0-8081-exec-2] o.s.web.servlet.DispatcherServlet - Completed 200 OK
2025-12-20 14:23:27.065 DEBUG [http-nio-0.0.0.0-8081-exec-5] o.s.web.servlet.DispatcherServlet - Completed 200 OK
2025-12-20 14:23:27.065 DEBUG [http-nio-0.0.0.0-8081-exec-6] o.s.web.servlet.DispatcherServlet - Completed 200 OK
2025-12-20 14:23:28.286 DEBUG [http-nio-0.0.0.0-8081-exec-8] o.s.web.servlet.DispatcherServlet - GET "/std-word/list", parameters={}
2025-12-20 14:23:28.286 DEBUG [http-nio-0.0.0.0-8081-exec-8] o.s.w.s.m.m.a.RequestMappingHandlerMapping - Mapped to com.example.nproject.controller.MetaStdWordController#list(MetaStdWordDto, Model)
2025-12-20 14:23:28.288 DEBUG [http-nio-0.0.0.0-8081-exec-8] o.s.jdbc.datasource.DataSourceUtils - Fetching JDBC Connection from DataSource
2025-12-20 14:23:28.297 DEBUG [http-nio-0.0.0.0-8081-exec-8] c.e.n.m.M.selectStdWordList - ==>  Preparing: SELECT word_id as wordId, std_word_name as stdWordName, eng_abbr_name as engAbbrName, eng_full_name as engFullName, definition, domain_type as domainType, use_yn as useYn FROM meta_std_word ORDER BY word_id LIMIT ? OFFSET ?
2025-12-20 14:23:28.297 DEBUG [http-nio-0.0.0.0-8081-exec-8] c.e.n.m.M.selectStdWordList - ==> Parameters: 10(Integer), 0(Integer)
2025-12-20 14:23:28.310 DEBUG [http-nio-0.0.0.0-8081-exec-8] c.e.n.m.M.selectStdWordList - <==      Total: 10
2025-12-20 14:23:28.310 DEBUG [http-nio-0.0.0.0-8081-exec-8] o.s.jdbc.datasource.DataSourceUtils - Fetching JDBC Connection from DataSource
2025-12-20 14:23:28.311 DEBUG [http-nio-0.0.0.0-8081-exec-8] c.e.n.m.M.countStdWordList - ==>  Preparing: SELECT COUNT(*) FROM meta_std_word
2025-12-20 14:23:28.311 DEBUG [http-nio-0.0.0.0-8081-exec-8] c.e.n.m.M.countStdWordList - ==> Parameters: 
2025-12-20 14:23:28.322 DEBUG [http-nio-0.0.0.0-8081-exec-8] c.e.n.m.M.countStdWordList - <==      Total: 1
2025-12-20 14:23:28.323 DEBUG [http-nio-0.0.0.0-8081-exec-8] o.s.w.s.v.ContentNegotiatingViewResolver - Selected 'text/html' given [text/html, application/xhtml+xml, image/avif, image/webp, image/apng, application/xml;q=0.9, */*;q=0.8, application/signed-exchange;v=b3;q=0.7]
2025-12-20 14:23:28.338 DEBUG [http-nio-0.0.0.0-8081-exec-8] o.s.web.servlet.DispatcherServlet - Completed 200 OK
2025-12-20 14:23:28.354 DEBUG [http-nio-0.0.0.0-8081-exec-7] o.s.web.servlet.DispatcherServlet - GET "/css/common.css", parameters={}
2025-12-20 14:23:28.355 DEBUG [http-nio-0.0.0.0-8081-exec-9] o.s.web.servlet.DispatcherServlet - GET "/css/std_word_list.css", parameters={}
2025-12-20 14:23:28.355 DEBUG [http-nio-0.0.0.0-8081-exec-10] o.s.web.servlet.DispatcherServlet - GET "/js/std_word_list.js", parameters={}
2025-12-20 14:23:28.355 DEBUG [http-nio-0.0.0.0-8081-exec-10] o.s.w.s.h.SimpleUrlHandlerMapping - Mapped to ResourceHttpRequestHandler [classpath [META-INF/resources/], classpath [resources/], classpath [static/], classpath [public/], ServletContext [/]]
2025-12-20 14:23:28.355 DEBUG [http-nio-0.0.0.0-8081-exec-7] o.s.w.s.h.SimpleUrlHandlerMapping - Mapped to ResourceHttpRequestHandler [classpath [META-INF/resources/], classpath [resources/], classpath [static/], classpath [public/], ServletContext [/]]
2025-12-20 14:23:28.355 DEBUG [http-nio-0.0.0.0-8081-exec-9] o.s.w.s.h.SimpleUrlHandlerMapping - Mapped to ResourceHttpRequestHandler [classpath [META-INF/resources/], classpath [resources/], classpath [static/], classpath [public/], ServletContext [/]]
2025-12-20 14:23:28.357 DEBUG [http-nio-0.0.0.0-8081-exec-7] o.s.web.servlet.DispatcherServlet - Completed 200 OK
2025-12-20 14:23:28.357 DEBUG [http-nio-0.0.0.0-8081-exec-10] o.s.web.servlet.DispatcherServlet - Completed 200 OK
2025-12-20 14:23:28.359 DEBUG [http-nio-0.0.0.0-8081-exec-9] o.s.web.servlet.DispatcherServlet - Completed 200 OK
2025-12-20 14:23:29.114 DEBUG [http-nio-0.0.0.0-8081-exec-4] o.s.web.servlet.DispatcherServlet - GET "/std-word/insert", parameters={}
2025-12-20 14:23:29.114 DEBUG [http-nio-0.0.0.0-8081-exec-4] o.s.w.s.m.m.a.RequestMappingHandlerMapping - Mapped to com.example.nproject.controller.MetaStdWordController#insertForm(Model)
2025-12-20 14:23:29.116 DEBUG [http-nio-0.0.0.0-8081-exec-4] o.s.w.s.v.ContentNegotiatingViewResolver - Selected 'text/html' given [text/html, application/xhtml+xml, image/avif, image/webp, image/apng, application/xml;q=0.9, */*;q=0.8, application/signed-exchange;v=b3;q=0.7]
2025-12-20 14:23:29.122 DEBUG [http-nio-0.0.0.0-8081-exec-4] o.s.web.servlet.DispatcherServlet - Completed 200 OK
2025-12-20 14:23:29.151 DEBUG [http-nio-0.0.0.0-8081-exec-1] o.s.web.servlet.DispatcherServlet - GET "/css/common.css", parameters={}
2025-12-20 14:23:29.151 DEBUG [http-nio-0.0.0.0-8081-exec-1] o.s.w.s.h.SimpleUrlHandlerMapping - Mapped to ResourceHttpRequestHandler [classpath [META-INF/resources/], classpath [resources/], classpath [static/], classpath [public/], ServletContext [/]]
2025-12-20 14:23:29.155 DEBUG [http-nio-0.0.0.0-8081-exec-3] o.s.web.servlet.DispatcherServlet - GET "/css/std_word_insert.css", parameters={}
2025-12-20 14:23:29.155 DEBUG [http-nio-0.0.0.0-8081-exec-1] o.s.web.servlet.DispatcherServlet - Completed 200 OK
2025-12-20 14:23:29.155 DEBUG [http-nio-0.0.0.0-8081-exec-3] o.s.w.s.h.SimpleUrlHandlerMapping - Mapped to ResourceHttpRequestHandler [classpath [META-INF/resources/], classpath [resources/], classpath [static/], classpath [public/], ServletContext [/]]
2025-12-20 14:23:29.155 DEBUG [http-nio-0.0.0.0-8081-exec-2] o.s.web.servlet.DispatcherServlet - GET "/js/std_word_insert.js", parameters={}
2025-12-20 14:23:29.156 DEBUG [http-nio-0.0.0.0-8081-exec-2] o.s.w.s.h.SimpleUrlHandlerMapping - Mapped to ResourceHttpRequestHandler [classpath [META-INF/resources/], classpath [resources/], classpath [static/], classpath [public/], ServletContext [/]]
2025-12-20 14:23:29.158 DEBUG [http-nio-0.0.0.0-8081-exec-3] o.s.web.servlet.DispatcherServlet - Completed 200 OK
2025-12-20 14:23:29.159 DEBUG [http-nio-0.0.0.0-8081-exec-2] o.s.web.servlet.DispatcherServlet - Completed 200 OK
2025-12-20 14:23:31.634 DEBUG [http-nio-0.0.0.0-8081-exec-6] o.s.web.servlet.DispatcherServlet - GET "/std-word/insert", parameters={}
2025-12-20 14:23:31.634 DEBUG [http-nio-0.0.0.0-8081-exec-6] o.s.w.s.m.m.a.RequestMappingHandlerMapping - Mapped to com.example.nproject.controller.MetaStdWordController#insertForm(Model)
2025-12-20 14:23:31.636 DEBUG [http-nio-0.0.0.0-8081-exec-6] o.s.w.s.v.ContentNegotiatingViewResolver - Selected 'text/html' given [text/html, application/xhtml+xml, image/avif, image/webp, image/apng, application/xml;q=0.9, */*;q=0.8, application/signed-exchange;v=b3;q=0.7]
2025-12-20 14:23:31.642 DEBUG [http-nio-0.0.0.0-8081-exec-6] o.s.web.servlet.DispatcherServlet - Completed 200 OK
2025-12-20 14:23:31.659 DEBUG [http-nio-0.0.0.0-8081-exec-5] o.s.web.servlet.DispatcherServlet - GET "/css/common.css", parameters={}
2025-12-20 14:23:31.661 DEBUG [http-nio-0.0.0.0-8081-exec-5] o.s.w.s.h.SimpleUrlHandlerMapping - Mapped to ResourceHttpRequestHandler [classpath [META-INF/resources/], classpath [resources/], classpath [static/], classpath [public/], ServletContext [/]]
2025-12-20 14:23:31.663 DEBUG [http-nio-0.0.0.0-8081-exec-10] o.s.web.servlet.DispatcherServlet - GET "/js/std_word_insert.js", parameters={}
2025-12-20 14:23:31.663 DEBUG [http-nio-0.0.0.0-8081-exec-8] o.s.web.servlet.DispatcherServlet - GET "/css/std_word_insert.css", parameters={}
2025-12-20 14:23:31.663 DEBUG [http-nio-0.0.0.0-8081-exec-8] o.s.w.s.h.SimpleUrlHandlerMapping - Mapped to ResourceHttpRequestHandler [classpath [META-INF/resources/], classpath [resources/], classpath [static/], classpath [public/], ServletContext [/]]
2025-12-20 14:23:31.664 DEBUG [http-nio-0.0.0.0-8081-exec-10] o.s.w.s.h.SimpleUrlHandlerMapping - Mapped to ResourceHttpRequestHandler [classpath [META-INF/resources/], classpath [resources/], classpath [static/], classpath [public/], ServletContext [/]]
2025-12-20 14:23:31.664 DEBUG [http-nio-0.0.0.0-8081-exec-5] o.s.web.servlet.DispatcherServlet - Completed 200 OK
2025-12-20 14:23:31.666 DEBUG [http-nio-0.0.0.0-8081-exec-8] o.s.web.servlet.DispatcherServlet - Completed 200 OK
2025-12-20 14:23:31.666 DEBUG [http-nio-0.0.0.0-8081-exec-10] o.s.web.servlet.DispatcherServlet - Completed 200 OK
2025-12-20 14:23:31.966 DEBUG [http-nio-0.0.0.0-8081-exec-7] o.s.web.servlet.DispatcherServlet - GET "/std-word/list", parameters={}
2025-12-20 14:23:31.966 DEBUG [http-nio-0.0.0.0-8081-exec-7] o.s.w.s.m.m.a.RequestMappingHandlerMapping - Mapped to com.example.nproject.controller.MetaStdWordController#list(MetaStdWordDto, Model)
2025-12-20 14:23:31.967 DEBUG [http-nio-0.0.0.0-8081-exec-7] o.s.jdbc.datasource.DataSourceUtils - Fetching JDBC Connection from DataSource
2025-12-20 14:23:31.976 DEBUG [http-nio-0.0.0.0-8081-exec-7] c.e.n.m.M.selectStdWordList - ==>  Preparing: SELECT word_id as wordId, std_word_name as stdWordName, eng_abbr_name as engAbbrName, eng_full_name as engFullName, definition, domain_type as domainType, use_yn as useYn FROM meta_std_word ORDER BY word_id LIMIT ? OFFSET ?
2025-12-20 14:23:31.977 DEBUG [http-nio-0.0.0.0-8081-exec-7] c.e.n.m.M.selectStdWordList - ==> Parameters: 10(Integer), 0(Integer)
2025-12-20 14:23:31.987 DEBUG [http-nio-0.0.0.0-8081-exec-7] c.e.n.m.M.selectStdWordList - <==      Total: 10
2025-12-20 14:23:31.988 DEBUG [http-nio-0.0.0.0-8081-exec-7] o.s.jdbc.datasource.DataSourceUtils - Fetching JDBC Connection from DataSource
2025-12-20 14:23:31.988 DEBUG [http-nio-0.0.0.0-8081-exec-7] c.e.n.m.M.countStdWordList - ==>  Preparing: SELECT COUNT(*) FROM meta_std_word
2025-12-20 14:23:31.988 DEBUG [http-nio-0.0.0.0-8081-exec-7] c.e.n.m.M.countStdWordList - ==> Parameters: 
2025-12-20 14:23:31.999 DEBUG [http-nio-0.0.0.0-8081-exec-7] c.e.n.m.M.countStdWordList - <==      Total: 1
2025-12-20 14:23:32.000 DEBUG [http-nio-0.0.0.0-8081-exec-7] o.s.w.s.v.ContentNegotiatingViewResolver - Selected 'text/html' given [text/html, application/xhtml+xml, image/avif, image/webp, image/apng, application/xml;q=0.9, */*;q=0.8, application/signed-exchange;v=b3;q=0.7]
2025-12-20 14:23:32.008 DEBUG [http-nio-0.0.0.0-8081-exec-7] o.s.web.servlet.DispatcherServlet - Completed 200 OK
2025-12-20 14:23:32.024 DEBUG [http-nio-0.0.0.0-8081-exec-9] o.s.web.servlet.DispatcherServlet - GET "/css/common.css", parameters={}
2025-12-20 14:23:32.024 DEBUG [http-nio-0.0.0.0-8081-exec-9] o.s.w.s.h.SimpleUrlHandlerMapping - Mapped to ResourceHttpRequestHandler [classpath [META-INF/resources/], classpath [resources/], classpath [static/], classpath [public/], ServletContext [/]]
2025-12-20 14:23:32.026 DEBUG [http-nio-0.0.0.0-8081-exec-9] o.s.web.servlet.DispatcherServlet - Completed 200 OK
2025-12-20 14:23:32.026 DEBUG [http-nio-0.0.0.0-8081-exec-4] o.s.web.servlet.DispatcherServlet - GET "/css/std_word_list.css", parameters={}
2025-12-20 14:23:32.028 DEBUG [http-nio-0.0.0.0-8081-exec-4] o.s.w.s.h.SimpleUrlHandlerMapping - Mapped to ResourceHttpRequestHandler [classpath [META-INF/resources/], classpath [resources/], classpath [static/], classpath [public/], ServletContext [/]]
2025-12-20 14:23:32.028 DEBUG [http-nio-0.0.0.0-8081-exec-1] o.s.web.servlet.DispatcherServlet - GET "/js/std_word_list.js", parameters={}
2025-12-20 14:23:32.028 DEBUG [http-nio-0.0.0.0-8081-exec-1] o.s.w.s.h.SimpleUrlHandlerMapping - Mapped to ResourceHttpRequestHandler [classpath [META-INF/resources/], classpath [resources/], classpath [static/], classpath [public/], ServletContext [/]]
2025-12-20 14:23:32.030 DEBUG [http-nio-0.0.0.0-8081-exec-4] o.s.web.servlet.DispatcherServlet - Completed 200 OK
2025-12-20 14:23:32.030 DEBUG [http-nio-0.0.0.0-8081-exec-1] o.s.web.servlet.DispatcherServlet - Completed 200 OK
2025-12-20 14:23:38.438 DEBUG [http-nio-0.0.0.0-8081-exec-3] o.s.web.servlet.DispatcherServlet - GET "/std-word/update?wordId=6", parameters={masked}
2025-12-20 14:23:38.438 DEBUG [http-nio-0.0.0.0-8081-exec-3] o.s.w.s.m.m.a.RequestMappingHandlerMapping - Mapped to com.example.nproject.controller.MetaStdWordController#updateForm(Long, Model)
2025-12-20 14:23:38.438 DEBUG [http-nio-0.0.0.0-8081-exec-3] o.s.jdbc.datasource.DataSourceUtils - Fetching JDBC Connection from DataSource
2025-12-20 14:23:38.448 DEBUG [http-nio-0.0.0.0-8081-exec-3] c.e.n.m.M.selectStdWord - ==>  Preparing: SELECT word_id as wordId, std_word_name as stdWordName, eng_abbr_name as engAbbrName, eng_full_name as engFullName, definition, domain_type as domainType, use_yn as useYn FROM meta_std_word WHERE word_id = ?
2025-12-20 14:23:38.449 DEBUG [http-nio-0.0.0.0-8081-exec-3] c.e.n.m.M.selectStdWord - ==> Parameters: 6(Long)
2025-12-20 14:23:38.460 DEBUG [http-nio-0.0.0.0-8081-exec-3] c.e.n.m.M.selectStdWord - <==      Total: 1
2025-12-20 14:23:38.461 DEBUG [http-nio-0.0.0.0-8081-exec-3] o.s.w.s.v.ContentNegotiatingViewResolver - Selected 'text/html' given [text/html, application/xhtml+xml, image/avif, image/webp, image/apng, application/xml;q=0.9, */*;q=0.8, application/signed-exchange;v=b3;q=0.7]
2025-12-20 14:23:38.463 DEBUG [http-nio-0.0.0.0-8081-exec-3] o.s.web.servlet.DispatcherServlet - Completed 200 OK
2025-12-20 14:23:38.468 DEBUG [http-nio-0.0.0.0-8081-exec-2] o.s.web.servlet.DispatcherServlet - GET "/css/common.css", parameters={}
2025-12-20 14:23:38.469 DEBUG [http-nio-0.0.0.0-8081-exec-6] o.s.web.servlet.DispatcherServlet - GET "/css/std_word_insert.css", parameters={}
2025-12-20 14:23:38.469 DEBUG [http-nio-0.0.0.0-8081-exec-5] o.s.web.servlet.DispatcherServlet - GET "/js/std_update.js", parameters={}
2025-12-20 14:23:38.469 DEBUG [http-nio-0.0.0.0-8081-exec-6] o.s.w.s.h.SimpleUrlHandlerMapping - Mapped to ResourceHttpRequestHandler [classpath [META-INF/resources/], classpath [resources/], classpath [static/], classpath [public/], ServletContext [/]]
2025-12-20 14:23:38.469 DEBUG [http-nio-0.0.0.0-8081-exec-2] o.s.w.s.h.SimpleUrlHandlerMapping - Mapped to ResourceHttpRequestHandler [classpath [META-INF/resources/], classpath [resources/], classpath [static/], classpath [public/], ServletContext [/]]
2025-12-20 14:23:38.469 DEBUG [http-nio-0.0.0.0-8081-exec-5] o.s.w.s.h.SimpleUrlHandlerMapping - Mapped to ResourceHttpRequestHandler [classpath [META-INF/resources/], classpath [resources/], classpath [static/], classpath [public/], ServletContext [/]]
2025-12-20 14:23:38.471 DEBUG [http-nio-0.0.0.0-8081-exec-6] o.s.web.servlet.DispatcherServlet - Completed 200 OK
2025-12-20 14:23:38.471 DEBUG [http-nio-0.0.0.0-8081-exec-5] o.s.web.servlet.DispatcherServlet - Completed 200 OK
2025-12-20 14:23:38.471 DEBUG [http-nio-0.0.0.0-8081-exec-2] o.s.web.servlet.DispatcherServlet - Completed 200 OK
2025-12-20 14:25:28.690 DEBUG [http-nio-0.0.0.0-8081-exec-9] o.s.web.servlet.DispatcherServlet - GET "/std-word/update?wordId=3", parameters={masked}
2025-12-20 14:25:28.690 DEBUG [http-nio-0.0.0.0-8081-exec-9] o.s.w.s.m.m.a.RequestMappingHandlerMapping - Mapped to com.example.nproject.controller.MetaStdWordController#updateForm(Long, Model)
2025-12-20 14:25:28.691 DEBUG [http-nio-0.0.0.0-8081-exec-9] o.s.jdbc.datasource.DataSourceUtils - Fetching JDBC Connection from DataSource
2025-12-20 14:25:28.702 DEBUG [http-nio-0.0.0.0-8081-exec-9] c.e.n.m.M.selectStdWord - ==>  Preparing: SELECT word_id as wordId, std_word_name as stdWordName, eng_abbr_name as engAbbrName, eng_full_name as engFullName, definition, domain_type as domainType, use_yn as useYn FROM meta_std_word WHERE word_id = ?
2025-12-20 14:25:28.702 DEBUG [http-nio-0.0.0.0-8081-exec-9] c.e.n.m.M.selectStdWord - ==> Parameters: 3(Long)
2025-12-20 14:25:28.714 DEBUG [http-nio-0.0.0.0-8081-exec-9] c.e.n.m.M.selectStdWord - <==      Total: 1
2025-12-20 14:25:28.715 DEBUG [http-nio-0.0.0.0-8081-exec-9] o.s.w.s.v.ContentNegotiatingViewResolver - Selected 'text/html' given [text/html, application/xhtml+xml, image/avif, image/webp, image/apng, application/xml;q=0.9, */*;q=0.8, application/signed-exchange;v=b3;q=0.7]
2025-12-20 14:25:28.733 DEBUG [http-nio-0.0.0.0-8081-exec-9] o.s.web.servlet.DispatcherServlet - Completed 200 OK
2025-12-20 14:25:28.741 DEBUG [http-nio-0.0.0.0-8081-exec-4] o.s.web.servlet.DispatcherServlet - GET "/css/common.css", parameters={}
2025-12-20 14:25:28.741 DEBUG [http-nio-0.0.0.0-8081-exec-4] o.s.w.s.h.SimpleUrlHandlerMapping - Mapped to ResourceHttpRequestHandler [classpath [META-INF/resources/], classpath [resources/], classpath [static/], classpath [public/], ServletContext [/]]
2025-12-20 14:25:28.743 DEBUG [http-nio-0.0.0.0-8081-exec-1] o.s.web.servlet.DispatcherServlet - GET "/css/std_word_insert.css", parameters={}
2025-12-20 14:25:28.743 DEBUG [http-nio-0.0.0.0-8081-exec-4] o.s.web.servlet.DispatcherServlet - Completed 200 OK
2025-12-20 14:25:28.743 DEBUG [http-nio-0.0.0.0-8081-exec-3] o.s.web.servlet.DispatcherServlet - GET "/js/std_update.js", parameters={}
2025-12-20 14:25:28.743 DEBUG [http-nio-0.0.0.0-8081-exec-1] o.s.w.s.h.SimpleUrlHandlerMapping - Mapped to ResourceHttpRequestHandler [classpath [META-INF/resources/], classpath [resources/], classpath [static/], classpath [public/], ServletContext [/]]
2025-12-20 14:25:28.743 DEBUG [http-nio-0.0.0.0-8081-exec-3] o.s.w.s.h.SimpleUrlHandlerMapping - Mapped to ResourceHttpRequestHandler [classpath [META-INF/resources/], classpath [resources/], classpath [static/], classpath [public/], ServletContext [/]]
2025-12-20 14:25:28.746 DEBUG [http-nio-0.0.0.0-8081-exec-1] o.s.web.servlet.DispatcherServlet - Completed 200 OK
2025-12-20 14:25:28.746 DEBUG [http-nio-0.0.0.0-8081-exec-3] o.s.web.servlet.DispatcherServlet - Completed 200 OK
2025-12-20 14:25:34.927 DEBUG [http-nio-0.0.0.0-8081-exec-6] o.s.web.servlet.DispatcherServlet - GET "/std-word/update?wordId=2", parameters={masked}
2025-12-20 14:25:34.927 DEBUG [http-nio-0.0.0.0-8081-exec-6] o.s.w.s.m.m.a.RequestMappingHandlerMapping - Mapped to com.example.nproject.controller.MetaStdWordController#updateForm(Long, Model)
2025-12-20 14:25:34.928 DEBUG [http-nio-0.0.0.0-8081-exec-6] o.s.jdbc.datasource.DataSourceUtils - Fetching JDBC Connection from DataSource
2025-12-20 14:25:34.937 DEBUG [http-nio-0.0.0.0-8081-exec-6] c.e.n.m.M.selectStdWord - ==>  Preparing: SELECT word_id as wordId, std_word_name as stdWordName, eng_abbr_name as engAbbrName, eng_full_name as engFullName, definition, domain_type as domainType, use_yn as useYn FROM meta_std_word WHERE word_id = ?
2025-12-20 14:25:34.937 DEBUG [http-nio-0.0.0.0-8081-exec-6] c.e.n.m.M.selectStdWord - ==> Parameters: 2(Long)
2025-12-20 14:25:34.952 DEBUG [http-nio-0.0.0.0-8081-exec-6] c.e.n.m.M.selectStdWord - <==      Total: 1
2025-12-20 14:25:34.953 DEBUG [http-nio-0.0.0.0-8081-exec-6] o.s.w.s.v.ContentNegotiatingViewResolver - Selected 'text/html' given [text/html, application/xhtml+xml, image/avif, image/webp, image/apng, application/xml;q=0.9, */*;q=0.8, application/signed-exchange;v=b3;q=0.7]
2025-12-20 14:25:34.956 DEBUG [http-nio-0.0.0.0-8081-exec-6] o.s.web.servlet.DispatcherServlet - Completed 200 OK
2025-12-20 14:25:34.963 DEBUG [http-nio-0.0.0.0-8081-exec-5] o.s.web.servlet.DispatcherServlet - GET "/css/common.css", parameters={}
2025-12-20 14:25:34.963 DEBUG [http-nio-0.0.0.0-8081-exec-5] o.s.w.s.h.SimpleUrlHandlerMapping - Mapped to ResourceHttpRequestHandler [classpath [META-INF/resources/], classpath [resources/], classpath [static/], classpath [public/], ServletContext [/]]
2025-12-20 14:25:34.965 DEBUG [http-nio-0.0.0.0-8081-exec-2] o.s.web.servlet.DispatcherServlet - GET "/css/std_word_insert.css", parameters={}
2025-12-20 14:25:34.965 DEBUG [http-nio-0.0.0.0-8081-exec-10] o.s.web.servlet.DispatcherServlet - GET "/js/std_update.js", parameters={}
2025-12-20 14:25:34.966 DEBUG [http-nio-0.0.0.0-8081-exec-10] o.s.w.s.h.SimpleUrlHandlerMapping - Mapped to ResourceHttpRequestHandler [classpath [META-INF/resources/], classpath [resources/], classpath [static/], classpath [public/], ServletContext [/]]
2025-12-20 14:25:34.966 DEBUG [http-nio-0.0.0.0-8081-exec-2] o.s.w.s.h.SimpleUrlHandlerMapping - Mapped to ResourceHttpRequestHandler [classpath [META-INF/resources/], classpath [resources/], classpath [static/], classpath [public/], ServletContext [/]]
2025-12-20 14:25:34.967 DEBUG [http-nio-0.0.0.0-8081-exec-5] o.s.web.servlet.DispatcherServlet - Completed 200 OK
2025-12-20 14:25:34.967 DEBUG [http-nio-0.0.0.0-8081-exec-2] o.s.web.servlet.DispatcherServlet - Completed 200 OK
2025-12-20 14:25:34.968 DEBUG [http-nio-0.0.0.0-8081-exec-10] o.s.web.servlet.DispatcherServlet - Completed 200 OK
2025-12-20 14:25:45.047 DEBUG [http-nio-0.0.0.0-8081-exec-7] o.s.web.servlet.DispatcherServlet - GET "/std-word/list?size=10&stdWordName=%EC%9D%B4%EB%B3%84", parameters={masked}
2025-12-20 14:25:45.048 DEBUG [http-nio-0.0.0.0-8081-exec-7] o.s.w.s.m.m.a.RequestMappingHandlerMapping - Mapped to com.example.nproject.controller.MetaStdWordController#list(MetaStdWordDto, Model)
2025-12-20 14:25:45.049 DEBUG [http-nio-0.0.0.0-8081-exec-7] o.s.jdbc.datasource.DataSourceUtils - Fetching JDBC Connection from DataSource
2025-12-20 14:25:45.059 DEBUG [http-nio-0.0.0.0-8081-exec-7] c.e.n.m.M.selectStdWordList - ==>  Preparing: SELECT word_id as wordId, std_word_name as stdWordName, eng_abbr_name as engAbbrName, eng_full_name as engFullName, definition, domain_type as domainType, use_yn as useYn FROM meta_std_word WHERE std_word_name LIKE '%' || ? || '%' ORDER BY word_id LIMIT ? OFFSET ?
2025-12-20 14:25:45.060 DEBUG [http-nio-0.0.0.0-8081-exec-7] c.e.n.m.M.selectStdWordList - ==> Parameters: 이별(String), 10(Integer), 0(Integer)
2025-12-20 14:25:45.076 DEBUG [http-nio-0.0.0.0-8081-exec-7] c.e.n.m.M.selectStdWordList - <==      Total: 2
2025-12-20 14:25:45.076 DEBUG [http-nio-0.0.0.0-8081-exec-7] o.s.jdbc.datasource.DataSourceUtils - Fetching JDBC Connection from DataSource
2025-12-20 14:25:45.076 DEBUG [http-nio-0.0.0.0-8081-exec-7] c.e.n.m.M.countStdWordList - ==>  Preparing: SELECT COUNT(*) FROM meta_std_word WHERE std_word_name LIKE '%' || ? || '%'
2025-12-20 14:25:45.076 DEBUG [http-nio-0.0.0.0-8081-exec-7] c.e.n.m.M.countStdWordList - ==> Parameters: 이별(String)
2025-12-20 14:25:45.087 DEBUG [http-nio-0.0.0.0-8081-exec-7] c.e.n.m.M.countStdWordList - <==      Total: 1
2025-12-20 14:25:45.089 DEBUG [http-nio-0.0.0.0-8081-exec-7] o.s.w.s.v.ContentNegotiatingViewResolver - Selected 'text/html' given [text/html, application/xhtml+xml, image/avif, image/webp, image/apng, application/xml;q=0.9, */*;q=0.8, application/signed-exchange;v=b3;q=0.7]
2025-12-20 14:25:45.092 DEBUG [http-nio-0.0.0.0-8081-exec-7] o.s.web.servlet.DispatcherServlet - Completed 200 OK
2025-12-20 14:25:45.109 DEBUG [http-nio-0.0.0.0-8081-exec-8] o.s.web.servlet.DispatcherServlet - GET "/css/common.css", parameters={}
2025-12-20 14:25:45.110 DEBUG [http-nio-0.0.0.0-8081-exec-8] o.s.w.s.h.SimpleUrlHandlerMapping - Mapped to ResourceHttpRequestHandler [classpath [META-INF/resources/], classpath [resources/], classpath [static/], classpath [public/], ServletContext [/]]
2025-12-20 14:25:45.110 DEBUG [http-nio-0.0.0.0-8081-exec-8] o.s.web.servlet.DispatcherServlet - Completed 200 OK
2025-12-20 14:25:45.112 DEBUG [http-nio-0.0.0.0-8081-exec-9] o.s.web.servlet.DispatcherServlet - GET "/css/std_word_list.css", parameters={}
2025-12-20 14:25:45.113 DEBUG [http-nio-0.0.0.0-8081-exec-4] o.s.web.servlet.DispatcherServlet - GET "/js/std_word_list.js", parameters={}
2025-12-20 14:25:45.113 DEBUG [http-nio-0.0.0.0-8081-exec-9] o.s.w.s.h.SimpleUrlHandlerMapping - Mapped to ResourceHttpRequestHandler [classpath [META-INF/resources/], classpath [resources/], classpath [static/], classpath [public/], ServletContext [/]]
2025-12-20 14:25:45.113 DEBUG [http-nio-0.0.0.0-8081-exec-4] o.s.w.s.h.SimpleUrlHandlerMapping - Mapped to ResourceHttpRequestHandler [classpath [META-INF/resources/], classpath [resources/], classpath [static/], classpath [public/], ServletContext [/]]
2025-12-20 14:25:45.115 DEBUG [http-nio-0.0.0.0-8081-exec-4] o.s.web.servlet.DispatcherServlet - Completed 200 OK
2025-12-20 14:25:45.115 DEBUG [http-nio-0.0.0.0-8081-exec-9] o.s.web.servlet.DispatcherServlet - Completed 200 OK
2025-12-20 14:25:46.849 DEBUG [http-nio-0.0.0.0-8081-exec-3] o.s.web.servlet.DispatcherServlet - GET "/std-word/update?wordId=767", parameters={masked}
2025-12-20 14:25:46.850 DEBUG [http-nio-0.0.0.0-8081-exec-3] o.s.w.s.m.m.a.RequestMappingHandlerMapping - Mapped to com.example.nproject.controller.MetaStdWordController#updateForm(Long, Model)
2025-12-20 14:25:46.850 DEBUG [http-nio-0.0.0.0-8081-exec-3] o.s.jdbc.datasource.DataSourceUtils - Fetching JDBC Connection from DataSource
2025-12-20 14:25:46.859 DEBUG [http-nio-0.0.0.0-8081-exec-3] c.e.n.m.M.selectStdWord - ==>  Preparing: SELECT word_id as wordId, std_word_name as stdWordName, eng_abbr_name as engAbbrName, eng_full_name as engFullName, definition, domain_type as domainType, use_yn as useYn FROM meta_std_word WHERE word_id = ?
2025-12-20 14:25:46.860 DEBUG [http-nio-0.0.0.0-8081-exec-3] c.e.n.m.M.selectStdWord - ==> Parameters: 767(Long)
2025-12-20 14:25:46.874 DEBUG [http-nio-0.0.0.0-8081-exec-3] c.e.n.m.M.selectStdWord - <==      Total: 1
2025-12-20 14:25:46.875 DEBUG [http-nio-0.0.0.0-8081-exec-3] o.s.w.s.v.ContentNegotiatingViewResolver - Selected 'text/html' given [text/html, application/xhtml+xml, image/avif, image/webp, image/apng, application/xml;q=0.9, */*;q=0.8, application/signed-exchange;v=b3;q=0.7]
2025-12-20 14:25:46.877 DEBUG [http-nio-0.0.0.0-8081-exec-3] o.s.web.servlet.DispatcherServlet - Completed 200 OK
2025-12-20 14:25:46.882 DEBUG [http-nio-0.0.0.0-8081-exec-1] o.s.web.servlet.DispatcherServlet - GET "/css/common.css", parameters={}
2025-12-20 14:25:46.882 DEBUG [http-nio-0.0.0.0-8081-exec-6] o.s.web.servlet.DispatcherServlet - GET "/css/std_word_insert.css", parameters={}
2025-12-20 14:25:46.882 DEBUG [http-nio-0.0.0.0-8081-exec-5] o.s.web.servlet.DispatcherServlet - GET "/js/std_update.js", parameters={}
2025-12-20 14:25:46.882 DEBUG [http-nio-0.0.0.0-8081-exec-1] o.s.w.s.h.SimpleUrlHandlerMapping - Mapped to ResourceHttpRequestHandler [classpath [META-INF/resources/], classpath [resources/], classpath [static/], classpath [public/], ServletContext [/]]
2025-12-20 14:25:46.882 DEBUG [http-nio-0.0.0.0-8081-exec-5] o.s.w.s.h.SimpleUrlHandlerMapping - Mapped to ResourceHttpRequestHandler [classpath [META-INF/resources/], classpath [resources/], classpath [static/], classpath [public/], ServletContext [/]]
2025-12-20 14:25:46.882 DEBUG [http-nio-0.0.0.0-8081-exec-6] o.s.w.s.h.SimpleUrlHandlerMapping - Mapped to ResourceHttpRequestHandler [classpath [META-INF/resources/], classpath [resources/], classpath [static/], classpath [public/], ServletContext [/]]
2025-12-20 14:25:46.884 DEBUG [http-nio-0.0.0.0-8081-exec-6] o.s.web.servlet.DispatcherServlet - Completed 200 OK
2025-12-20 14:25:46.884 DEBUG [http-nio-0.0.0.0-8081-exec-5] o.s.web.servlet.DispatcherServlet - Completed 200 OK
2025-12-20 14:25:46.884 DEBUG [http-nio-0.0.0.0-8081-exec-1] o.s.web.servlet.DispatcherServlet - Completed 200 OK
2025-12-20 14:25:55.588 DEBUG [http-nio-0.0.0.0-8081-exec-2] o.s.web.servlet.DispatcherServlet - GET "/std-word/update?wordId=766", parameters={masked}
2025-12-20 14:25:55.588 DEBUG [http-nio-0.0.0.0-8081-exec-2] o.s.w.s.m.m.a.RequestMappingHandlerMapping - Mapped to com.example.nproject.controller.MetaStdWordController#updateForm(Long, Model)
2025-12-20 14:25:55.589 DEBUG [http-nio-0.0.0.0-8081-exec-2] o.s.jdbc.datasource.DataSourceUtils - Fetching JDBC Connection from DataSource
2025-12-20 14:25:55.598 DEBUG [http-nio-0.0.0.0-8081-exec-2] c.e.n.m.M.selectStdWord - ==>  Preparing: SELECT word_id as wordId, std_word_name as stdWordName, eng_abbr_name as engAbbrName, eng_full_name as engFullName, definition, domain_type as domainType, use_yn as useYn FROM meta_std_word WHERE word_id = ?
2025-12-20 14:25:55.598 DEBUG [http-nio-0.0.0.0-8081-exec-2] c.e.n.m.M.selectStdWord - ==> Parameters: 766(Long)
2025-12-20 14:25:55.609 DEBUG [http-nio-0.0.0.0-8081-exec-2] c.e.n.m.M.selectStdWord - <==      Total: 1
2025-12-20 14:25:55.609 DEBUG [http-nio-0.0.0.0-8081-exec-2] o.s.w.s.v.ContentNegotiatingViewResolver - Selected 'text/html' given [text/html, application/xhtml+xml, image/avif, image/webp, image/apng, application/xml;q=0.9, */*;q=0.8, application/signed-exchange;v=b3;q=0.7]
2025-12-20 14:25:55.612 DEBUG [http-nio-0.0.0.0-8081-exec-2] o.s.web.servlet.DispatcherServlet - Completed 200 OK
2025-12-20 14:25:55.619 DEBUG [http-nio-0.0.0.0-8081-exec-10] o.s.web.servlet.DispatcherServlet - GET "/css/common.css", parameters={}
2025-12-20 14:25:55.619 DEBUG [http-nio-0.0.0.0-8081-exec-10] o.s.w.s.h.SimpleUrlHandlerMapping - Mapped to ResourceHttpRequestHandler [classpath [META-INF/resources/], classpath [resources/], classpath [static/], classpath [public/], ServletContext [/]]
2025-12-20 14:25:55.620 DEBUG [http-nio-0.0.0.0-8081-exec-7] o.s.web.servlet.DispatcherServlet - GET "/css/std_word_insert.css", parameters={}
2025-12-20 14:25:55.621 DEBUG [http-nio-0.0.0.0-8081-exec-7] o.s.w.s.h.SimpleUrlHandlerMapping - Mapped to ResourceHttpRequestHandler [classpath [META-INF/resources/], classpath [resources/], classpath [static/], classpath [public/], ServletContext [/]]
2025-12-20 14:25:55.621 DEBUG [http-nio-0.0.0.0-8081-exec-8] o.s.web.servlet.DispatcherServlet - GET "/js/std_update.js", parameters={}
2025-12-20 14:25:55.621 DEBUG [http-nio-0.0.0.0-8081-exec-8] o.s.w.s.h.SimpleUrlHandlerMapping - Mapped to ResourceHttpRequestHandler [classpath [META-INF/resources/], classpath [resources/], classpath [static/], classpath [public/], ServletContext [/]]
2025-12-20 14:25:55.621 DEBUG [http-nio-0.0.0.0-8081-exec-10] o.s.web.servlet.DispatcherServlet - Completed 200 OK
2025-12-20 14:25:55.623 DEBUG [http-nio-0.0.0.0-8081-exec-8] o.s.web.servlet.DispatcherServlet - Completed 200 OK
2025-12-20 14:25:55.623 DEBUG [http-nio-0.0.0.0-8081-exec-7] o.s.web.servlet.DispatcherServlet - Completed 200 OK
2025-12-20 14:25:57.939 DEBUG [http-nio-0.0.0.0-8081-exec-4] o.s.web.servlet.DispatcherServlet - POST "/std-word/update", parameters={}
2025-12-20 14:25:57.939 DEBUG [http-nio-0.0.0.0-8081-exec-4] o.s.w.s.m.m.a.RequestMappingHandlerMapping - Mapped to com.example.nproject.controller.MetaStdWordController#update(MetaStdWordDto)
2025-12-20 14:25:57.984 DEBUG [http-nio-0.0.0.0-8081-exec-4] o.s.w.s.m.m.a.RequestResponseBodyMethodProcessor - Read "application/json;charset=UTF-8" to [com.example.nproject.dto.MetaStdWordDto@28723e2c]
2025-12-20 14:25:57.985 DEBUG [http-nio-0.0.0.0-8081-exec-4] o.s.jdbc.datasource.DataSourceUtils - Fetching JDBC Connection from DataSource
2025-12-20 14:25:57.998 DEBUG [http-nio-0.0.0.0-8081-exec-4] c.e.n.m.M.updateStdWord - ==>  Preparing: UPDATE meta_std_word SET std_word_name = ?, eng_abbr_name = ?, eng_full_name = ?, definition = ?, domain_type = ?, use_yn = ? WHERE word_id = ?
2025-12-20 14:25:57.999 DEBUG [http-nio-0.0.0.0-8081-exec-4] c.e.n.m.M.updateStdWord - ==> Parameters: 사랑이별ㅇㅇㅇ(String), SSSS(String), LOVE(String), TEST 사랑(String), TEST(String), N(String), 766(Integer)
2025-12-20 14:25:58.025 DEBUG [http-nio-0.0.0.0-8081-exec-4] c.e.n.m.M.updateStdWord - <==    Updates: 1
2025-12-20 14:25:58.030 DEBUG [http-nio-0.0.0.0-8081-exec-4] o.s.w.s.m.m.a.RequestResponseBodyMethodProcessor - Using 'text/plain', given [*/*] and supported [text/plain, */*, application/json, application/*+json]
2025-12-20 14:25:58.030 DEBUG [http-nio-0.0.0.0-8081-exec-4] o.s.w.s.m.m.a.RequestResponseBodyMethodProcessor - Writing ["SUCCESS"]
2025-12-20 14:25:58.031 DEBUG [http-nio-0.0.0.0-8081-exec-4] o.s.web.servlet.DispatcherServlet - Completed 200 OK
2025-12-20 14:25:59.293 DEBUG [http-nio-0.0.0.0-8081-exec-9] o.s.web.servlet.DispatcherServlet - GET "/std-word/list?size=10&stdWordName=%EC%9D%B4%EB%B3%84", parameters={masked}
2025-12-20 14:25:59.293 DEBUG [http-nio-0.0.0.0-8081-exec-9] o.s.w.s.m.m.a.RequestMappingHandlerMapping - Mapped to com.example.nproject.controller.MetaStdWordController#list(MetaStdWordDto, Model)
2025-12-20 14:25:59.294 DEBUG [http-nio-0.0.0.0-8081-exec-9] o.s.jdbc.datasource.DataSourceUtils - Fetching JDBC Connection from DataSource
2025-12-20 14:25:59.303 DEBUG [http-nio-0.0.0.0-8081-exec-9] c.e.n.m.M.selectStdWordList - ==>  Preparing: SELECT word_id as wordId, std_word_name as stdWordName, eng_abbr_name as engAbbrName, eng_full_name as engFullName, definition, domain_type as domainType, use_yn as useYn FROM meta_std_word WHERE std_word_name LIKE '%' || ? || '%' ORDER BY word_id LIMIT ? OFFSET ?
2025-12-20 14:25:59.304 DEBUG [http-nio-0.0.0.0-8081-exec-9] c.e.n.m.M.selectStdWordList - ==> Parameters: 이별(String), 10(Integer), 0(Integer)
2025-12-20 14:25:59.315 DEBUG [http-nio-0.0.0.0-8081-exec-9] c.e.n.m.M.selectStdWordList - <==      Total: 2
2025-12-20 14:25:59.315 DEBUG [http-nio-0.0.0.0-8081-exec-9] o.s.jdbc.datasource.DataSourceUtils - Fetching JDBC Connection from DataSource
2025-12-20 14:25:59.315 DEBUG [http-nio-0.0.0.0-8081-exec-9] c.e.n.m.M.countStdWordList - ==>  Preparing: SELECT COUNT(*) FROM meta_std_word WHERE std_word_name LIKE '%' || ? || '%'
2025-12-20 14:25:59.317 DEBUG [http-nio-0.0.0.0-8081-exec-9] c.e.n.m.M.countStdWordList - ==> Parameters: 이별(String)
2025-12-20 14:25:59.328 DEBUG [http-nio-0.0.0.0-8081-exec-9] c.e.n.m.M.countStdWordList - <==      Total: 1
2025-12-20 14:25:59.329 DEBUG [http-nio-0.0.0.0-8081-exec-9] o.s.w.s.v.ContentNegotiatingViewResolver - Selected 'text/html' given [text/html, application/xhtml+xml, image/avif, image/webp, image/apng, application/xml;q=0.9, */*;q=0.8, application/signed-exchange;v=b3;q=0.7]
2025-12-20 14:25:59.332 DEBUG [http-nio-0.0.0.0-8081-exec-9] o.s.web.servlet.DispatcherServlet - Completed 200 OK
2025-12-20 14:25:59.350 DEBUG [http-nio-0.0.0.0-8081-exec-3] o.s.web.servlet.DispatcherServlet - GET "/css/common.css", parameters={}
2025-12-20 14:25:59.350 DEBUG [http-nio-0.0.0.0-8081-exec-3] o.s.w.s.h.SimpleUrlHandlerMapping - Mapped to ResourceHttpRequestHandler [classpath [META-INF/resources/], classpath [resources/], classpath [static/], classpath [public/], ServletContext [/]]
2025-12-20 14:25:59.350 DEBUG [http-nio-0.0.0.0-8081-exec-1] o.s.web.servlet.DispatcherServlet - GET "/css/std_word_list.css", parameters={}
2025-12-20 14:25:59.350 DEBUG [http-nio-0.0.0.0-8081-exec-6] o.s.web.servlet.DispatcherServlet - GET "/js/std_word_list.js", parameters={}
2025-12-20 14:25:59.350 DEBUG [http-nio-0.0.0.0-8081-exec-1] o.s.w.s.h.SimpleUrlHandlerMapping - Mapped to ResourceHttpRequestHandler [classpath [META-INF/resources/], classpath [resources/], classpath [static/], classpath [public/], ServletContext [/]]
2025-12-20 14:25:59.350 DEBUG [http-nio-0.0.0.0-8081-exec-6] o.s.w.s.h.SimpleUrlHandlerMapping - Mapped to ResourceHttpRequestHandler [classpath [META-INF/resources/], classpath [resources/], classpath [static/], classpath [public/], ServletContext [/]]
2025-12-20 14:25:59.353 DEBUG [http-nio-0.0.0.0-8081-exec-6] o.s.web.servlet.DispatcherServlet - Completed 200 OK
2025-12-20 14:25:59.353 DEBUG [http-nio-0.0.0.0-8081-exec-3] o.s.web.servlet.DispatcherServlet - Completed 200 OK
2025-12-20 14:25:59.353 DEBUG [http-nio-0.0.0.0-8081-exec-1] o.s.web.servlet.DispatcherServlet - Completed 200 OK
2025-12-20 14:26:01.223 DEBUG [http-nio-0.0.0.0-8081-exec-5] o.s.web.servlet.DispatcherServlet - GET "/std-word/update?wordId=767", parameters={masked}
2025-12-20 14:26:01.223 DEBUG [http-nio-0.0.0.0-8081-exec-5] o.s.w.s.m.m.a.RequestMappingHandlerMapping - Mapped to com.example.nproject.controller.MetaStdWordController#updateForm(Long, Model)
2025-12-20 14:26:01.224 DEBUG [http-nio-0.0.0.0-8081-exec-5] o.s.jdbc.datasource.DataSourceUtils - Fetching JDBC Connection from DataSource
2025-12-20 14:26:01.234 DEBUG [http-nio-0.0.0.0-8081-exec-5] c.e.n.m.M.selectStdWord - ==>  Preparing: SELECT word_id as wordId, std_word_name as stdWordName, eng_abbr_name as engAbbrName, eng_full_name as engFullName, definition, domain_type as domainType, use_yn as useYn FROM meta_std_word WHERE word_id = ?
2025-12-20 14:26:01.234 DEBUG [http-nio-0.0.0.0-8081-exec-5] c.e.n.m.M.selectStdWord - ==> Parameters: 767(Long)
2025-12-20 14:26:01.249 DEBUG [http-nio-0.0.0.0-8081-exec-5] c.e.n.m.M.selectStdWord - <==      Total: 1
2025-12-20 14:26:01.250 DEBUG [http-nio-0.0.0.0-8081-exec-5] o.s.w.s.v.ContentNegotiatingViewResolver - Selected 'text/html' given [text/html, application/xhtml+xml, image/avif, image/webp, image/apng, application/xml;q=0.9, */*;q=0.8, application/signed-exchange;v=b3;q=0.7]
2025-12-20 14:26:01.253 DEBUG [http-nio-0.0.0.0-8081-exec-5] o.s.web.servlet.DispatcherServlet - Completed 200 OK
2025-12-20 14:26:01.259 DEBUG [http-nio-0.0.0.0-8081-exec-2] o.s.web.servlet.DispatcherServlet - GET "/css/common.css", parameters={}
2025-12-20 14:26:01.259 DEBUG [http-nio-0.0.0.0-8081-exec-7] o.s.web.servlet.DispatcherServlet - GET "/js/std_update.js", parameters={}
2025-12-20 14:26:01.259 DEBUG [http-nio-0.0.0.0-8081-exec-2] o.s.w.s.h.SimpleUrlHandlerMapping - Mapped to ResourceHttpRequestHandler [classpath [META-INF/resources/], classpath [resources/], classpath [static/], classpath [public/], ServletContext [/]]
2025-12-20 14:26:01.259 DEBUG [http-nio-0.0.0.0-8081-exec-10] o.s.web.servlet.DispatcherServlet - GET "/css/std_word_insert.css", parameters={}
2025-12-20 14:26:01.259 DEBUG [http-nio-0.0.0.0-8081-exec-7] o.s.w.s.h.SimpleUrlHandlerMapping - Mapped to ResourceHttpRequestHandler [classpath [META-INF/resources/], classpath [resources/], classpath [static/], classpath [public/], ServletContext [/]]
2025-12-20 14:26:01.259 DEBUG [http-nio-0.0.0.0-8081-exec-10] o.s.w.s.h.SimpleUrlHandlerMapping - Mapped to ResourceHttpRequestHandler [classpath [META-INF/resources/], classpath [resources/], classpath [static/], classpath [public/], ServletContext [/]]
2025-12-20 14:26:01.261 DEBUG [http-nio-0.0.0.0-8081-exec-10] o.s.web.servlet.DispatcherServlet - Completed 200 OK
2025-12-20 14:26:01.261 DEBUG [http-nio-0.0.0.0-8081-exec-2] o.s.web.servlet.DispatcherServlet - Completed 200 OK
2025-12-20 14:26:01.261 DEBUG [http-nio-0.0.0.0-8081-exec-7] o.s.web.servlet.DispatcherServlet - Completed 200 OK
2025-12-20 14:26:08.361 DEBUG [http-nio-0.0.0.0-8081-exec-8] o.s.web.servlet.DispatcherServlet - GET "/std-word/update?wordId=766", parameters={masked}
2025-12-20 14:26:08.362 DEBUG [http-nio-0.0.0.0-8081-exec-8] o.s.w.s.m.m.a.RequestMappingHandlerMapping - Mapped to com.example.nproject.controller.MetaStdWordController#updateForm(Long, Model)
2025-12-20 14:26:08.362 DEBUG [http-nio-0.0.0.0-8081-exec-8] o.s.jdbc.datasource.DataSourceUtils - Fetching JDBC Connection from DataSource
2025-12-20 14:26:08.373 DEBUG [http-nio-0.0.0.0-8081-exec-8] c.e.n.m.M.selectStdWord - ==>  Preparing: SELECT word_id as wordId, std_word_name as stdWordName, eng_abbr_name as engAbbrName, eng_full_name as engFullName, definition, domain_type as domainType, use_yn as useYn FROM meta_std_word WHERE word_id = ?
2025-12-20 14:26:08.373 DEBUG [http-nio-0.0.0.0-8081-exec-8] c.e.n.m.M.selectStdWord - ==> Parameters: 766(Long)
2025-12-20 14:26:08.383 DEBUG [http-nio-0.0.0.0-8081-exec-8] c.e.n.m.M.selectStdWord - <==      Total: 1
2025-12-20 14:26:08.383 DEBUG [http-nio-0.0.0.0-8081-exec-8] o.s.w.s.v.ContentNegotiatingViewResolver - Selected 'text/html' given [text/html, application/xhtml+xml, image/avif, image/webp, image/apng, application/xml;q=0.9, */*;q=0.8, application/signed-exchange;v=b3;q=0.7]
2025-12-20 14:26:08.387 DEBUG [http-nio-0.0.0.0-8081-exec-8] o.s.web.servlet.DispatcherServlet - Completed 200 OK
2025-12-20 14:26:08.394 DEBUG [http-nio-0.0.0.0-8081-exec-4] o.s.web.servlet.DispatcherServlet - GET "/css/common.css", parameters={}
2025-12-20 14:26:08.394 DEBUG [http-nio-0.0.0.0-8081-exec-4] o.s.w.s.h.SimpleUrlHandlerMapping - Mapped to ResourceHttpRequestHandler [classpath [META-INF/resources/], classpath [resources/], classpath [static/], classpath [public/], ServletContext [/]]
2025-12-20 14:26:08.394 DEBUG [http-nio-0.0.0.0-8081-exec-6] o.s.web.servlet.DispatcherServlet - GET "/js/std_update.js", parameters={}
2025-12-20 14:26:08.394 DEBUG [http-nio-0.0.0.0-8081-exec-9] o.s.web.servlet.DispatcherServlet - GET "/css/std_word_insert.css", parameters={}
2025-12-20 14:26:08.394 DEBUG [http-nio-0.0.0.0-8081-exec-6] o.s.w.s.h.SimpleUrlHandlerMapping - Mapped to ResourceHttpRequestHandler [classpath [META-INF/resources/], classpath [resources/], classpath [static/], classpath [public/], ServletContext [/]]
2025-12-20 14:26:08.394 DEBUG [http-nio-0.0.0.0-8081-exec-9] o.s.w.s.h.SimpleUrlHandlerMapping - Mapped to ResourceHttpRequestHandler [classpath [META-INF/resources/], classpath [resources/], classpath [static/], classpath [public/], ServletContext [/]]
2025-12-20 14:26:08.396 DEBUG [http-nio-0.0.0.0-8081-exec-6] o.s.web.servlet.DispatcherServlet - Completed 200 OK
2025-12-20 14:26:08.396 DEBUG [http-nio-0.0.0.0-8081-exec-4] o.s.web.servlet.DispatcherServlet - Completed 200 OK
2025-12-20 14:26:08.396 DEBUG [http-nio-0.0.0.0-8081-exec-9] o.s.web.servlet.DispatcherServlet - Completed 200 OK
2025-12-20 14:26:11.163 DEBUG [http-nio-0.0.0.0-8081-exec-1] o.s.web.servlet.DispatcherServlet - POST "/std-word/update", parameters={}
2025-12-20 14:26:11.164 DEBUG [http-nio-0.0.0.0-8081-exec-1] o.s.w.s.m.m.a.RequestMappingHandlerMapping - Mapped to com.example.nproject.controller.MetaStdWordController#update(MetaStdWordDto)
2025-12-20 14:26:11.165 DEBUG [http-nio-0.0.0.0-8081-exec-1] o.s.w.s.m.m.a.RequestResponseBodyMethodProcessor - Read "application/json;charset=UTF-8" to [com.example.nproject.dto.MetaStdWordDto@4d97c8ef]
2025-12-20 14:26:11.165 DEBUG [http-nio-0.0.0.0-8081-exec-1] o.s.jdbc.datasource.DataSourceUtils - Fetching JDBC Connection from DataSource
2025-12-20 14:26:11.175 DEBUG [http-nio-0.0.0.0-8081-exec-1] c.e.n.m.M.updateStdWord - ==>  Preparing: UPDATE meta_std_word SET std_word_name = ?, eng_abbr_name = ?, eng_full_name = ?, definition = ?, domain_type = ?, use_yn = ? WHERE word_id = ?
2025-12-20 14:26:11.175 DEBUG [http-nio-0.0.0.0-8081-exec-1] c.e.n.m.M.updateStdWord - ==> Parameters: 사랑이별ㅇㅇㅇㅇ(String), SSSS(String), LOVE(String), TEST 사랑(String), TEST(String), N(String), 766(Integer)
2025-12-20 14:26:11.186 DEBUG [http-nio-0.0.0.0-8081-exec-1] c.e.n.m.M.updateStdWord - <==    Updates: 1
2025-12-20 14:26:11.187 DEBUG [http-nio-0.0.0.0-8081-exec-1] o.s.w.s.m.m.a.RequestResponseBodyMethodProcessor - Using 'text/plain', given [*/*] and supported [text/plain, */*, application/json, application/*+json]
2025-12-20 14:26:11.187 DEBUG [http-nio-0.0.0.0-8081-exec-1] o.s.w.s.m.m.a.RequestResponseBodyMethodProcessor - Writing ["SUCCESS"]
2025-12-20 14:26:11.188 DEBUG [http-nio-0.0.0.0-8081-exec-1] o.s.web.servlet.DispatcherServlet - Completed 200 OK
2025-12-20 14:26:12.269 DEBUG [http-nio-0.0.0.0-8081-exec-3] o.s.web.servlet.DispatcherServlet - GET "/std-word/list?size=10&stdWordName=%EC%9D%B4%EB%B3%84", parameters={masked}
2025-12-20 14:26:12.270 DEBUG [http-nio-0.0.0.0-8081-exec-3] o.s.w.s.m.m.a.RequestMappingHandlerMapping - Mapped to com.example.nproject.controller.MetaStdWordController#list(MetaStdWordDto, Model)
2025-12-20 14:26:12.270 DEBUG [http-nio-0.0.0.0-8081-exec-3] o.s.jdbc.datasource.DataSourceUtils - Fetching JDBC Connection from DataSource
2025-12-20 14:26:12.281 DEBUG [http-nio-0.0.0.0-8081-exec-3] c.e.n.m.M.selectStdWordList - ==>  Preparing: SELECT word_id as wordId, std_word_name as stdWordName, eng_abbr_name as engAbbrName, eng_full_name as engFullName, definition, domain_type as domainType, use_yn as useYn FROM meta_std_word WHERE std_word_name LIKE '%' || ? || '%' ORDER BY word_id LIMIT ? OFFSET ?
2025-12-20 14:26:12.281 DEBUG [http-nio-0.0.0.0-8081-exec-3] c.e.n.m.M.selectStdWordList - ==> Parameters: 이별(String), 10(Integer), 0(Integer)
2025-12-20 14:26:12.292 DEBUG [http-nio-0.0.0.0-8081-exec-3] c.e.n.m.M.selectStdWordList - <==      Total: 2
2025-12-20 14:26:12.292 DEBUG [http-nio-0.0.0.0-8081-exec-3] o.s.jdbc.datasource.DataSourceUtils - Fetching JDBC Connection from DataSource
2025-12-20 14:26:12.292 DEBUG [http-nio-0.0.0.0-8081-exec-3] c.e.n.m.M.countStdWordList - ==>  Preparing: SELECT COUNT(*) FROM meta_std_word WHERE std_word_name LIKE '%' || ? || '%'
2025-12-20 14:26:12.292 DEBUG [http-nio-0.0.0.0-8081-exec-3] c.e.n.m.M.countStdWordList - ==> Parameters: 이별(String)
2025-12-20 14:26:12.304 DEBUG [http-nio-0.0.0.0-8081-exec-3] c.e.n.m.M.countStdWordList - <==      Total: 1
2025-12-20 14:26:12.306 DEBUG [http-nio-0.0.0.0-8081-exec-3] o.s.w.s.v.ContentNegotiatingViewResolver - Selected 'text/html' given [text/html, application/xhtml+xml, image/avif, image/webp, image/apng, application/xml;q=0.9, */*;q=0.8, application/signed-exchange;v=b3;q=0.7]
2025-12-20 14:26:12.310 DEBUG [http-nio-0.0.0.0-8081-exec-3] o.s.web.servlet.DispatcherServlet - Completed 200 OK
2025-12-20 14:26:12.327 DEBUG [http-nio-0.0.0.0-8081-exec-5] o.s.web.servlet.DispatcherServlet - GET "/css/common.css", parameters={}
2025-12-20 14:26:12.328 DEBUG [http-nio-0.0.0.0-8081-exec-5] o.s.w.s.h.SimpleUrlHandlerMapping - Mapped to ResourceHttpRequestHandler [classpath [META-INF/resources/], classpath [resources/], classpath [static/], classpath [public/], ServletContext [/]]
2025-12-20 14:26:12.330 DEBUG [http-nio-0.0.0.0-8081-exec-7] o.s.web.servlet.DispatcherServlet - GET "/js/std_word_list.js", parameters={}
2025-12-20 14:26:12.330 DEBUG [http-nio-0.0.0.0-8081-exec-2] o.s.web.servlet.DispatcherServlet - GET "/css/std_word_list.css", parameters={}
2025-12-20 14:26:12.330 DEBUG [http-nio-0.0.0.0-8081-exec-5] o.s.web.servlet.DispatcherServlet - Completed 200 OK
2025-12-20 14:26:12.330 DEBUG [http-nio-0.0.0.0-8081-exec-2] o.s.w.s.h.SimpleUrlHandlerMapping - Mapped to ResourceHttpRequestHandler [classpath [META-INF/resources/], classpath [resources/], classpath [static/], classpath [public/], ServletContext [/]]
2025-12-20 14:26:12.330 DEBUG [http-nio-0.0.0.0-8081-exec-7] o.s.w.s.h.SimpleUrlHandlerMapping - Mapped to ResourceHttpRequestHandler [classpath [META-INF/resources/], classpath [resources/], classpath [static/], classpath [public/], ServletContext [/]]
2025-12-20 14:26:12.332 DEBUG [http-nio-0.0.0.0-8081-exec-7] o.s.web.servlet.DispatcherServlet - Completed 200 OK
2025-12-20 14:26:12.332 DEBUG [http-nio-0.0.0.0-8081-exec-2] o.s.web.servlet.DispatcherServlet - Completed 200 OK
2025-12-20 14:26:13.064 DEBUG [http-nio-0.0.0.0-8081-exec-10] o.s.web.servlet.DispatcherServlet - GET "/std-word/update?wordId=767", parameters={masked}
2025-12-20 14:26:13.064 DEBUG [http-nio-0.0.0.0-8081-exec-10] o.s.w.s.m.m.a.RequestMappingHandlerMapping - Mapped to com.example.nproject.controller.MetaStdWordController#updateForm(Long, Model)
2025-12-20 14:26:13.064 DEBUG [http-nio-0.0.0.0-8081-exec-10] o.s.jdbc.datasource.DataSourceUtils - Fetching JDBC Connection from DataSource
2025-12-20 14:26:13.074 DEBUG [http-nio-0.0.0.0-8081-exec-10] c.e.n.m.M.selectStdWord - ==>  Preparing: SELECT word_id as wordId, std_word_name as stdWordName, eng_abbr_name as engAbbrName, eng_full_name as engFullName, definition, domain_type as domainType, use_yn as useYn FROM meta_std_word WHERE word_id = ?
2025-12-20 14:26:13.074 DEBUG [http-nio-0.0.0.0-8081-exec-10] c.e.n.m.M.selectStdWord - ==> Parameters: 767(Long)
2025-12-20 14:26:13.089 DEBUG [http-nio-0.0.0.0-8081-exec-10] c.e.n.m.M.selectStdWord - <==      Total: 1
2025-12-20 14:26:13.089 DEBUG [http-nio-0.0.0.0-8081-exec-10] o.s.w.s.v.ContentNegotiatingViewResolver - Selected 'text/html' given [text/html, application/xhtml+xml, image/avif, image/webp, image/apng, application/xml;q=0.9, */*;q=0.8, application/signed-exchange;v=b3;q=0.7]
2025-12-20 14:26:13.092 DEBUG [http-nio-0.0.0.0-8081-exec-10] o.s.web.servlet.DispatcherServlet - Completed 200 OK
2025-12-20 14:26:13.097 DEBUG [http-nio-0.0.0.0-8081-exec-8] o.s.web.servlet.DispatcherServlet - GET "/css/common.css", parameters={}
2025-12-20 14:26:13.097 DEBUG [http-nio-0.0.0.0-8081-exec-9] o.s.web.servlet.DispatcherServlet - GET "/css/std_word_insert.css", parameters={}
2025-12-20 14:26:13.097 DEBUG [http-nio-0.0.0.0-8081-exec-4] o.s.web.servlet.DispatcherServlet - GET "/js/std_update.js", parameters={}
2025-12-20 14:26:13.098 DEBUG [http-nio-0.0.0.0-8081-exec-8] o.s.w.s.h.SimpleUrlHandlerMapping - Mapped to ResourceHttpRequestHandler [classpath [META-INF/resources/], classpath [resources/], classpath [static/], classpath [public/], ServletContext [/]]
2025-12-20 14:26:13.098 DEBUG [http-nio-0.0.0.0-8081-exec-4] o.s.w.s.h.SimpleUrlHandlerMapping - Mapped to ResourceHttpRequestHandler [classpath [META-INF/resources/], classpath [resources/], classpath [static/], classpath [public/], ServletContext [/]]
2025-12-20 14:26:13.098 DEBUG [http-nio-0.0.0.0-8081-exec-9] o.s.w.s.h.SimpleUrlHandlerMapping - Mapped to ResourceHttpRequestHandler [classpath [META-INF/resources/], classpath [resources/], classpath [static/], classpath [public/], ServletContext [/]]
2025-12-20 14:26:13.100 DEBUG [http-nio-0.0.0.0-8081-exec-9] o.s.web.servlet.DispatcherServlet - Completed 200 OK
2025-12-20 14:26:13.100 DEBUG [http-nio-0.0.0.0-8081-exec-8] o.s.web.servlet.DispatcherServlet - Completed 200 OK
2025-12-20 14:26:13.100 DEBUG [http-nio-0.0.0.0-8081-exec-4] o.s.web.servlet.DispatcherServlet - Completed 200 OK
2025-12-20 14:26:21.727 DEBUG [http-nio-0.0.0.0-8081-exec-6] o.s.web.servlet.DispatcherServlet - GET "/std-word/update?wordId=766", parameters={masked}
2025-12-20 14:26:21.727 DEBUG [http-nio-0.0.0.0-8081-exec-6] o.s.w.s.m.m.a.RequestMappingHandlerMapping - Mapped to com.example.nproject.controller.MetaStdWordController#updateForm(Long, Model)
2025-12-20 14:26:21.728 DEBUG [http-nio-0.0.0.0-8081-exec-6] o.s.jdbc.datasource.DataSourceUtils - Fetching JDBC Connection from DataSource
2025-12-20 14:26:21.739 DEBUG [http-nio-0.0.0.0-8081-exec-6] c.e.n.m.M.selectStdWord - ==>  Preparing: SELECT word_id as wordId, std_word_name as stdWordName, eng_abbr_name as engAbbrName, eng_full_name as engFullName, definition, domain_type as domainType, use_yn as useYn FROM meta_std_word WHERE word_id = ?
2025-12-20 14:26:21.740 DEBUG [http-nio-0.0.0.0-8081-exec-6] c.e.n.m.M.selectStdWord - ==> Parameters: 766(Long)
2025-12-20 14:26:21.749 DEBUG [http-nio-0.0.0.0-8081-exec-6] c.e.n.m.M.selectStdWord - <==      Total: 1
2025-12-20 14:26:21.749 DEBUG [http-nio-0.0.0.0-8081-exec-6] o.s.w.s.v.ContentNegotiatingViewResolver - Selected 'text/html' given [text/html, application/xhtml+xml, image/avif, image/webp, image/apng, application/xml;q=0.9, */*;q=0.8, application/signed-exchange;v=b3;q=0.7]
2025-12-20 14:26:21.753 DEBUG [http-nio-0.0.0.0-8081-exec-6] o.s.web.servlet.DispatcherServlet - Completed 200 OK
2025-12-20 14:26:21.759 DEBUG [http-nio-0.0.0.0-8081-exec-1] o.s.web.servlet.DispatcherServlet - GET "/css/common.css", parameters={}
2025-12-20 14:26:21.759 DEBUG [http-nio-0.0.0.0-8081-exec-1] o.s.w.s.h.SimpleUrlHandlerMapping - Mapped to ResourceHttpRequestHandler [classpath [META-INF/resources/], classpath [resources/], classpath [static/], classpath [public/], ServletContext [/]]
2025-12-20 14:26:21.761 DEBUG [http-nio-0.0.0.0-8081-exec-5] o.s.web.servlet.DispatcherServlet - GET "/js/std_update.js", parameters={}
2025-12-20 14:26:21.761 DEBUG [http-nio-0.0.0.0-8081-exec-3] o.s.web.servlet.DispatcherServlet - GET "/css/std_word_insert.css", parameters={}
2025-12-20 14:26:21.761 DEBUG [http-nio-0.0.0.0-8081-exec-3] o.s.w.s.h.SimpleUrlHandlerMapping - Mapped to ResourceHttpRequestHandler [classpath [META-INF/resources/], classpath [resources/], classpath [static/], classpath [public/], ServletContext [/]]
2025-12-20 14:26:21.761 DEBUG [http-nio-0.0.0.0-8081-exec-5] o.s.w.s.h.SimpleUrlHandlerMapping - Mapped to ResourceHttpRequestHandler [classpath [META-INF/resources/], classpath [resources/], classpath [static/], classpath [public/], ServletContext [/]]
2025-12-20 14:26:21.762 DEBUG [http-nio-0.0.0.0-8081-exec-1] o.s.web.servlet.DispatcherServlet - Completed 200 OK
2025-12-20 14:26:21.763 DEBUG [http-nio-0.0.0.0-8081-exec-5] o.s.web.servlet.DispatcherServlet - Completed 200 OK
2025-12-20 14:26:21.763 DEBUG [http-nio-0.0.0.0-8081-exec-3] o.s.web.servlet.DispatcherServlet - Completed 200 OK
2025-12-20 14:26:22.750 DEBUG [http-nio-0.0.0.0-8081-exec-7] o.s.web.servlet.DispatcherServlet - POST "/std-word/update", parameters={}
2025-12-20 14:26:22.750 DEBUG [http-nio-0.0.0.0-8081-exec-7] o.s.w.s.m.m.a.RequestMappingHandlerMapping - Mapped to com.example.nproject.controller.MetaStdWordController#update(MetaStdWordDto)
2025-12-20 14:26:22.751 DEBUG [http-nio-0.0.0.0-8081-exec-7] o.s.w.s.m.m.a.RequestResponseBodyMethodProcessor - Read "application/json;charset=UTF-8" to [com.example.nproject.dto.MetaStdWordDto@4da9e893]
2025-12-20 14:26:22.752 DEBUG [http-nio-0.0.0.0-8081-exec-7] o.s.jdbc.datasource.DataSourceUtils - Fetching JDBC Connection from DataSource
2025-12-20 14:26:22.763 DEBUG [http-nio-0.0.0.0-8081-exec-7] c.e.n.m.M.updateStdWord - ==>  Preparing: UPDATE meta_std_word SET std_word_name = ?, eng_abbr_name = ?, eng_full_name = ?, definition = ?, domain_type = ?, use_yn = ? WHERE word_id = ?
2025-12-20 14:26:22.763 DEBUG [http-nio-0.0.0.0-8081-exec-7] c.e.n.m.M.updateStdWord - ==> Parameters: 사랑이별ㅇㅇㅇㅇ(String), SSSS(String), LOVE(String), TEST 사랑(String), TEST(String), N(String), 766(Integer)
2025-12-20 14:26:22.773 DEBUG [http-nio-0.0.0.0-8081-exec-7] c.e.n.m.M.updateStdWord - <==    Updates: 1
2025-12-20 14:26:22.775 DEBUG [http-nio-0.0.0.0-8081-exec-7] o.s.w.s.m.m.a.RequestResponseBodyMethodProcessor - Using 'text/plain', given [*/*] and supported [text/plain, */*, application/json, application/*+json]
2025-12-20 14:26:22.775 DEBUG [http-nio-0.0.0.0-8081-exec-7] o.s.w.s.m.m.a.RequestResponseBodyMethodProcessor - Writing ["SUCCESS"]
2025-12-20 14:26:22.775 DEBUG [http-nio-0.0.0.0-8081-exec-7] o.s.web.servlet.DispatcherServlet - Completed 200 OK
2025-12-20 14:26:27.874 DEBUG [http-nio-0.0.0.0-8081-exec-2] o.s.web.servlet.DispatcherServlet - GET "/std-word/list?size=10&stdWordName=%EC%9D%B4%EB%B3%84", parameters={masked}
2025-12-20 14:26:27.875 DEBUG [http-nio-0.0.0.0-8081-exec-2] o.s.w.s.m.m.a.RequestMappingHandlerMapping - Mapped to com.example.nproject.controller.MetaStdWordController#list(MetaStdWordDto, Model)
2025-12-20 14:26:27.875 DEBUG [http-nio-0.0.0.0-8081-exec-2] o.s.jdbc.datasource.DataSourceUtils - Fetching JDBC Connection from DataSource
2025-12-20 14:26:27.886 DEBUG [http-nio-0.0.0.0-8081-exec-2] c.e.n.m.M.selectStdWordList - ==>  Preparing: SELECT word_id as wordId, std_word_name as stdWordName, eng_abbr_name as engAbbrName, eng_full_name as engFullName, definition, domain_type as domainType, use_yn as useYn FROM meta_std_word WHERE std_word_name LIKE '%' || ? || '%' ORDER BY word_id LIMIT ? OFFSET ?
2025-12-20 14:26:27.886 DEBUG [http-nio-0.0.0.0-8081-exec-2] c.e.n.m.M.selectStdWordList - ==> Parameters: 이별(String), 10(Integer), 0(Integer)
2025-12-20 14:26:27.896 DEBUG [http-nio-0.0.0.0-8081-exec-2] c.e.n.m.M.selectStdWordList - <==      Total: 2
2025-12-20 14:26:27.897 DEBUG [http-nio-0.0.0.0-8081-exec-2] o.s.jdbc.datasource.DataSourceUtils - Fetching JDBC Connection from DataSource
2025-12-20 14:26:27.897 DEBUG [http-nio-0.0.0.0-8081-exec-2] c.e.n.m.M.countStdWordList - ==>  Preparing: SELECT COUNT(*) FROM meta_std_word WHERE std_word_name LIKE '%' || ? || '%'
2025-12-20 14:26:27.897 DEBUG [http-nio-0.0.0.0-8081-exec-2] c.e.n.m.M.countStdWordList - ==> Parameters: 이별(String)
2025-12-20 14:26:27.906 DEBUG [http-nio-0.0.0.0-8081-exec-2] c.e.n.m.M.countStdWordList - <==      Total: 1
2025-12-20 14:26:27.907 DEBUG [http-nio-0.0.0.0-8081-exec-2] o.s.w.s.v.ContentNegotiatingViewResolver - Selected 'text/html' given [text/html, application/xhtml+xml, image/avif, image/webp, image/apng, application/xml;q=0.9, */*;q=0.8, application/signed-exchange;v=b3;q=0.7]
2025-12-20 14:26:27.911 DEBUG [http-nio-0.0.0.0-8081-exec-2] o.s.web.servlet.DispatcherServlet - Completed 200 OK
2025-12-20 14:26:27.928 DEBUG [http-nio-0.0.0.0-8081-exec-10] o.s.web.servlet.DispatcherServlet - GET "/css/common.css", parameters={}
2025-12-20 14:26:27.928 DEBUG [http-nio-0.0.0.0-8081-exec-10] o.s.w.s.h.SimpleUrlHandlerMapping - Mapped to ResourceHttpRequestHandler [classpath [META-INF/resources/], classpath [resources/], classpath [static/], classpath [public/], ServletContext [/]]
2025-12-20 14:26:27.931 DEBUG [http-nio-0.0.0.0-8081-exec-10] o.s.web.servlet.DispatcherServlet - Completed 200 OK
2025-12-20 14:26:27.931 DEBUG [http-nio-0.0.0.0-8081-exec-8] o.s.web.servlet.DispatcherServlet - GET "/js/std_word_list.js", parameters={}
2025-12-20 14:26:27.931 DEBUG [http-nio-0.0.0.0-8081-exec-9] o.s.web.servlet.DispatcherServlet - GET "/css/std_word_list.css", parameters={}
2025-12-20 14:26:27.931 DEBUG [http-nio-0.0.0.0-8081-exec-8] o.s.w.s.h.SimpleUrlHandlerMapping - Mapped to ResourceHttpRequestHandler [classpath [META-INF/resources/], classpath [resources/], classpath [static/], classpath [public/], ServletContext [/]]
2025-12-20 14:26:27.931 DEBUG [http-nio-0.0.0.0-8081-exec-9] o.s.w.s.h.SimpleUrlHandlerMapping - Mapped to ResourceHttpRequestHandler [classpath [META-INF/resources/], classpath [resources/], classpath [static/], classpath [public/], ServletContext [/]]
2025-12-20 14:26:27.933 DEBUG [http-nio-0.0.0.0-8081-exec-8] o.s.web.servlet.DispatcherServlet - Completed 200 OK
2025-12-20 14:26:27.933 DEBUG [http-nio-0.0.0.0-8081-exec-9] o.s.web.servlet.DispatcherServlet - Completed 200 OK
2025-12-20 14:26:29.286 DEBUG [http-nio-0.0.0.0-8081-exec-4] o.s.web.servlet.DispatcherServlet - GET "/std-word/update?wordId=767", parameters={masked}
2025-12-20 14:26:29.286 DEBUG [http-nio-0.0.0.0-8081-exec-4] o.s.w.s.m.m.a.RequestMappingHandlerMapping - Mapped to com.example.nproject.controller.MetaStdWordController#updateForm(Long, Model)
2025-12-20 14:26:29.286 DEBUG [http-nio-0.0.0.0-8081-exec-4] o.s.jdbc.datasource.DataSourceUtils - Fetching JDBC Connection from DataSource
2025-12-20 14:26:29.298 DEBUG [http-nio-0.0.0.0-8081-exec-4] c.e.n.m.M.selectStdWord - ==>  Preparing: SELECT word_id as wordId, std_word_name as stdWordName, eng_abbr_name as engAbbrName, eng_full_name as engFullName, definition, domain_type as domainType, use_yn as useYn FROM meta_std_word WHERE word_id = ?
2025-12-20 14:26:29.298 DEBUG [http-nio-0.0.0.0-8081-exec-4] c.e.n.m.M.selectStdWord - ==> Parameters: 767(Long)
2025-12-20 14:26:29.321 DEBUG [http-nio-0.0.0.0-8081-exec-4] c.e.n.m.M.selectStdWord - <==      Total: 1
2025-12-20 14:26:29.321 DEBUG [http-nio-0.0.0.0-8081-exec-4] o.s.w.s.v.ContentNegotiatingViewResolver - Selected 'text/html' given [text/html, application/xhtml+xml, image/avif, image/webp, image/apng, application/xml;q=0.9, */*;q=0.8, application/signed-exchange;v=b3;q=0.7]
2025-12-20 14:26:29.323 DEBUG [http-nio-0.0.0.0-8081-exec-4] o.s.web.servlet.DispatcherServlet - Completed 200 OK
2025-12-20 14:26:29.331 DEBUG [http-nio-0.0.0.0-8081-exec-6] o.s.web.servlet.DispatcherServlet - GET "/css/common.css", parameters={}
2025-12-20 14:26:29.331 DEBUG [http-nio-0.0.0.0-8081-exec-1] o.s.web.servlet.DispatcherServlet - GET "/css/std_word_insert.css", parameters={}
2025-12-20 14:26:29.331 DEBUG [http-nio-0.0.0.0-8081-exec-5] o.s.web.servlet.DispatcherServlet - GET "/js/std_update.js", parameters={}
2025-12-20 14:26:29.331 DEBUG [http-nio-0.0.0.0-8081-exec-6] o.s.w.s.h.SimpleUrlHandlerMapping - Mapped to ResourceHttpRequestHandler [classpath [META-INF/resources/], classpath [resources/], classpath [static/], classpath [public/], ServletContext [/]]
2025-12-20 14:26:29.331 DEBUG [http-nio-0.0.0.0-8081-exec-1] o.s.w.s.h.SimpleUrlHandlerMapping - Mapped to ResourceHttpRequestHandler [classpath [META-INF/resources/], classpath [resources/], classpath [static/], classpath [public/], ServletContext [/]]
2025-12-20 14:26:29.331 DEBUG [http-nio-0.0.0.0-8081-exec-5] o.s.w.s.h.SimpleUrlHandlerMapping - Mapped to ResourceHttpRequestHandler [classpath [META-INF/resources/], classpath [resources/], classpath [static/], classpath [public/], ServletContext [/]]
2025-12-20 14:26:29.333 DEBUG [http-nio-0.0.0.0-8081-exec-5] o.s.web.servlet.DispatcherServlet - Completed 200 OK
2025-12-20 14:26:29.333 DEBUG [http-nio-0.0.0.0-8081-exec-6] o.s.web.servlet.DispatcherServlet - Completed 200 OK
2025-12-20 14:26:29.333 DEBUG [http-nio-0.0.0.0-8081-exec-1] o.s.web.servlet.DispatcherServlet - Completed 200 OK
2025-12-20 14:26:36.904 DEBUG [http-nio-0.0.0.0-8081-exec-3] o.s.web.servlet.DispatcherServlet - GET "/std-word/update?wordId=767", parameters={masked}
2025-12-20 14:26:36.904 DEBUG [http-nio-0.0.0.0-8081-exec-3] o.s.w.s.m.m.a.RequestMappingHandlerMapping - Mapped to com.example.nproject.controller.MetaStdWordController#updateForm(Long, Model)
2025-12-20 14:26:36.904 DEBUG [http-nio-0.0.0.0-8081-exec-3] o.s.jdbc.datasource.DataSourceUtils - Fetching JDBC Connection from DataSource
2025-12-20 14:26:36.915 DEBUG [http-nio-0.0.0.0-8081-exec-3] c.e.n.m.M.selectStdWord - ==>  Preparing: SELECT word_id as wordId, std_word_name as stdWordName, eng_abbr_name as engAbbrName, eng_full_name as engFullName, definition, domain_type as domainType, use_yn as useYn FROM meta_std_word WHERE word_id = ?
2025-12-20 14:26:36.915 DEBUG [http-nio-0.0.0.0-8081-exec-3] c.e.n.m.M.selectStdWord - ==> Parameters: 767(Long)
2025-12-20 14:26:36.924 DEBUG [http-nio-0.0.0.0-8081-exec-3] c.e.n.m.M.selectStdWord - <==      Total: 1
2025-12-20 14:26:36.924 DEBUG [http-nio-0.0.0.0-8081-exec-3] o.s.w.s.v.ContentNegotiatingViewResolver - Selected 'text/html' given [text/html, application/xhtml+xml, image/avif, image/webp, image/apng, application/xml;q=0.9, */*;q=0.8, application/signed-exchange;v=b3;q=0.7]
2025-12-20 14:26:36.928 DEBUG [http-nio-0.0.0.0-8081-exec-3] o.s.web.servlet.DispatcherServlet - Completed 200 OK
2025-12-20 14:26:36.934 DEBUG [http-nio-0.0.0.0-8081-exec-7] o.s.web.servlet.DispatcherServlet - GET "/css/common.css", parameters={}
2025-12-20 14:26:36.934 DEBUG [http-nio-0.0.0.0-8081-exec-7] o.s.w.s.h.SimpleUrlHandlerMapping - Mapped to ResourceHttpRequestHandler [classpath [META-INF/resources/], classpath [resources/], classpath [static/], classpath [public/], ServletContext [/]]
2025-12-20 14:26:36.935 DEBUG [http-nio-0.0.0.0-8081-exec-10] o.s.web.servlet.DispatcherServlet - GET "/js/std_update.js", parameters={}
2025-12-20 14:26:36.935 DEBUG [http-nio-0.0.0.0-8081-exec-2] o.s.web.servlet.DispatcherServlet - GET "/css/std_word_insert.css", parameters={}
2025-12-20 14:26:36.935 DEBUG [http-nio-0.0.0.0-8081-exec-10] o.s.w.s.h.SimpleUrlHandlerMapping - Mapped to ResourceHttpRequestHandler [classpath [META-INF/resources/], classpath [resources/], classpath [static/], classpath [public/], ServletContext [/]]
2025-12-20 14:26:36.935 DEBUG [http-nio-0.0.0.0-8081-exec-2] o.s.w.s.h.SimpleUrlHandlerMapping - Mapped to ResourceHttpRequestHandler [classpath [META-INF/resources/], classpath [resources/], classpath [static/], classpath [public/], ServletContext [/]]
2025-12-20 14:26:36.937 DEBUG [http-nio-0.0.0.0-8081-exec-7] o.s.web.servlet.DispatcherServlet - Completed 200 OK
2025-12-20 14:26:36.939 DEBUG [http-nio-0.0.0.0-8081-exec-2] o.s.web.servlet.DispatcherServlet - Completed 200 OK
2025-12-20 14:26:36.939 DEBUG [http-nio-0.0.0.0-8081-exec-10] o.s.web.servlet.DispatcherServlet - Completed 200 OK
2025-12-20 14:26:55.096 DEBUG [http-nio-0.0.0.0-8081-exec-9] o.s.web.servlet.DispatcherServlet - GET "/std-word/update?wordId=767", parameters={masked}
2025-12-20 14:26:55.097 DEBUG [http-nio-0.0.0.0-8081-exec-9] o.s.w.s.m.m.a.RequestMappingHandlerMapping - Mapped to com.example.nproject.controller.MetaStdWordController#updateForm(Long, Model)
2025-12-20 14:26:55.097 DEBUG [http-nio-0.0.0.0-8081-exec-9] o.s.jdbc.datasource.DataSourceUtils - Fetching JDBC Connection from DataSource
2025-12-20 14:26:55.107 DEBUG [http-nio-0.0.0.0-8081-exec-9] c.e.n.m.M.selectStdWord - ==>  Preparing: SELECT word_id as wordId, std_word_name as stdWordName, eng_abbr_name as engAbbrName, eng_full_name as engFullName, definition, domain_type as domainType, use_yn as useYn FROM meta_std_word WHERE word_id = ?
2025-12-20 14:26:55.107 DEBUG [http-nio-0.0.0.0-8081-exec-9] c.e.n.m.M.selectStdWord - ==> Parameters: 767(Long)
2025-12-20 14:26:55.117 DEBUG [http-nio-0.0.0.0-8081-exec-9] c.e.n.m.M.selectStdWord - <==      Total: 1
2025-12-20 14:26:55.118 DEBUG [http-nio-0.0.0.0-8081-exec-9] o.s.w.s.v.ContentNegotiatingViewResolver - Selected 'text/html' given [text/html, application/xhtml+xml, image/avif, image/webp, image/apng, application/xml;q=0.9, */*;q=0.8, application/signed-exchange;v=b3;q=0.7]
2025-12-20 14:26:55.121 DEBUG [http-nio-0.0.0.0-8081-exec-9] o.s.web.servlet.DispatcherServlet - Completed 200 OK
2025-12-20 14:26:55.127 DEBUG [http-nio-0.0.0.0-8081-exec-8] o.s.web.servlet.DispatcherServlet - GET "/css/common.css", parameters={}
2025-12-20 14:26:55.127 DEBUG [http-nio-0.0.0.0-8081-exec-8] o.s.w.s.h.SimpleUrlHandlerMapping - Mapped to ResourceHttpRequestHandler [classpath [META-INF/resources/], classpath [resources/], classpath [static/], classpath [public/], ServletContext [/]]
2025-12-20 14:26:55.129 DEBUG [http-nio-0.0.0.0-8081-exec-8] o.s.web.servlet.DispatcherServlet - Completed 200 OK
2025-12-20 14:26:55.129 DEBUG [http-nio-0.0.0.0-8081-exec-1] o.s.web.servlet.DispatcherServlet - GET "/js/std_update.js", parameters={}
2025-12-20 14:26:55.129 DEBUG [http-nio-0.0.0.0-8081-exec-4] o.s.web.servlet.DispatcherServlet - GET "/css/std_word_insert.css", parameters={}
2025-12-20 14:26:55.131 DEBUG [http-nio-0.0.0.0-8081-exec-4] o.s.w.s.h.SimpleUrlHandlerMapping - Mapped to ResourceHttpRequestHandler [classpath [META-INF/resources/], classpath [resources/], classpath [static/], classpath [public/], ServletContext [/]]
2025-12-20 14:26:55.131 DEBUG [http-nio-0.0.0.0-8081-exec-1] o.s.w.s.h.SimpleUrlHandlerMapping - Mapped to ResourceHttpRequestHandler [classpath [META-INF/resources/], classpath [resources/], classpath [static/], classpath [public/], ServletContext [/]]
2025-12-20 14:26:55.133 DEBUG [http-nio-0.0.0.0-8081-exec-4] o.s.web.servlet.DispatcherServlet - Completed 200 OK
2025-12-20 14:26:55.133 DEBUG [http-nio-0.0.0.0-8081-exec-1] o.s.web.servlet.DispatcherServlet - Completed 200 OK
2025-12-20 14:26:59.765 DEBUG [http-nio-0.0.0.0-8081-exec-5] o.s.web.servlet.DispatcherServlet - GET "/std-word/update?wordId=767", parameters={masked}
2025-12-20 14:26:59.767 DEBUG [http-nio-0.0.0.0-8081-exec-5] o.s.w.s.m.m.a.RequestMappingHandlerMapping - Mapped to com.example.nproject.controller.MetaStdWordController#updateForm(Long, Model)
2025-12-20 14:26:59.767 DEBUG [http-nio-0.0.0.0-8081-exec-5] o.s.jdbc.datasource.DataSourceUtils - Fetching JDBC Connection from DataSource
2025-12-20 14:26:59.776 DEBUG [http-nio-0.0.0.0-8081-exec-5] c.e.n.m.M.selectStdWord - ==>  Preparing: SELECT word_id as wordId, std_word_name as stdWordName, eng_abbr_name as engAbbrName, eng_full_name as engFullName, definition, domain_type as domainType, use_yn as useYn FROM meta_std_word WHERE word_id = ?
2025-12-20 14:26:59.776 DEBUG [http-nio-0.0.0.0-8081-exec-5] c.e.n.m.M.selectStdWord - ==> Parameters: 767(Long)
2025-12-20 14:26:59.788 DEBUG [http-nio-0.0.0.0-8081-exec-5] c.e.n.m.M.selectStdWord - <==      Total: 1
2025-12-20 14:26:59.789 DEBUG [http-nio-0.0.0.0-8081-exec-5] o.s.w.s.v.ContentNegotiatingViewResolver - Selected 'text/html' given [text/html, application/xhtml+xml, image/avif, image/webp, image/apng, application/xml;q=0.9, */*;q=0.8, application/signed-exchange;v=b3;q=0.7]
2025-12-20 14:26:59.792 DEBUG [http-nio-0.0.0.0-8081-exec-5] o.s.web.servlet.DispatcherServlet - Completed 200 OK
2025-12-20 14:26:59.798 DEBUG [http-nio-0.0.0.0-8081-exec-6] o.s.web.servlet.DispatcherServlet - GET "/css/common.css", parameters={}
2025-12-20 14:26:59.799 DEBUG [http-nio-0.0.0.0-8081-exec-6] o.s.w.s.h.SimpleUrlHandlerMapping - Mapped to ResourceHttpRequestHandler [classpath [META-INF/resources/], classpath [resources/], classpath [static/], classpath [public/], ServletContext [/]]
2025-12-20 14:26:59.799 DEBUG [http-nio-0.0.0.0-8081-exec-7] o.s.web.servlet.DispatcherServlet - GET "/js/std_update.js", parameters={}
2025-12-20 14:26:59.799 DEBUG [http-nio-0.0.0.0-8081-exec-3] o.s.web.servlet.DispatcherServlet - GET "/css/std_word_insert.css", parameters={}
2025-12-20 14:26:59.799 DEBUG [http-nio-0.0.0.0-8081-exec-7] o.s.w.s.h.SimpleUrlHandlerMapping - Mapped to ResourceHttpRequestHandler [classpath [META-INF/resources/], classpath [resources/], classpath [static/], classpath [public/], ServletContext [/]]
2025-12-20 14:26:59.799 DEBUG [http-nio-0.0.0.0-8081-exec-3] o.s.w.s.h.SimpleUrlHandlerMapping - Mapped to ResourceHttpRequestHandler [classpath [META-INF/resources/], classpath [resources/], classpath [static/], classpath [public/], ServletContext [/]]
2025-12-20 14:26:59.801 DEBUG [http-nio-0.0.0.0-8081-exec-7] o.s.web.servlet.DispatcherServlet - Completed 200 OK
2025-12-20 14:26:59.801 DEBUG [http-nio-0.0.0.0-8081-exec-3] o.s.web.servlet.DispatcherServlet - Completed 200 OK
2025-12-20 14:26:59.801 DEBUG [http-nio-0.0.0.0-8081-exec-6] o.s.web.servlet.DispatcherServlet - Completed 200 OK
2025-12-20 14:27:03.529 DEBUG [http-nio-0.0.0.0-8081-exec-10] o.s.web.servlet.DispatcherServlet - GET "/std-word/update?wordId=766", parameters={masked}
2025-12-20 14:27:03.529 DEBUG [http-nio-0.0.0.0-8081-exec-10] o.s.w.s.m.m.a.RequestMappingHandlerMapping - Mapped to com.example.nproject.controller.MetaStdWordController#updateForm(Long, Model)
2025-12-20 14:27:03.529 DEBUG [http-nio-0.0.0.0-8081-exec-10] o.s.jdbc.datasource.DataSourceUtils - Fetching JDBC Connection from DataSource
2025-12-20 14:27:03.541 DEBUG [http-nio-0.0.0.0-8081-exec-10] c.e.n.m.M.selectStdWord - ==>  Preparing: SELECT word_id as wordId, std_word_name as stdWordName, eng_abbr_name as engAbbrName, eng_full_name as engFullName, definition, domain_type as domainType, use_yn as useYn FROM meta_std_word WHERE word_id = ?
2025-12-20 14:27:03.541 DEBUG [http-nio-0.0.0.0-8081-exec-10] c.e.n.m.M.selectStdWord - ==> Parameters: 766(Long)
2025-12-20 14:27:03.550 DEBUG [http-nio-0.0.0.0-8081-exec-10] c.e.n.m.M.selectStdWord - <==      Total: 1
2025-12-20 14:27:03.551 DEBUG [http-nio-0.0.0.0-8081-exec-10] o.s.w.s.v.ContentNegotiatingViewResolver - Selected 'text/html' given [text/html, application/xhtml+xml, image/avif, image/webp, image/apng, application/xml;q=0.9, */*;q=0.8, application/signed-exchange;v=b3;q=0.7]
2025-12-20 14:27:03.553 DEBUG [http-nio-0.0.0.0-8081-exec-10] o.s.web.servlet.DispatcherServlet - Completed 200 OK
2025-12-20 14:27:03.560 DEBUG [http-nio-0.0.0.0-8081-exec-2] o.s.web.servlet.DispatcherServlet - GET "/css/common.css", parameters={}
2025-12-20 14:27:03.561 DEBUG [http-nio-0.0.0.0-8081-exec-2] o.s.w.s.h.SimpleUrlHandlerMapping - Mapped to ResourceHttpRequestHandler [classpath [META-INF/resources/], classpath [resources/], classpath [static/], classpath [public/], ServletContext [/]]
2025-12-20 14:27:03.562 DEBUG [http-nio-0.0.0.0-8081-exec-9] o.s.web.servlet.DispatcherServlet - GET "/css/std_word_insert.css", parameters={}
2025-12-20 14:27:03.562 DEBUG [http-nio-0.0.0.0-8081-exec-8] o.s.web.servlet.DispatcherServlet - GET "/js/std_update.js", parameters={}
2025-12-20 14:27:03.563 DEBUG [http-nio-0.0.0.0-8081-exec-9] o.s.w.s.h.SimpleUrlHandlerMapping - Mapped to ResourceHttpRequestHandler [classpath [META-INF/resources/], classpath [resources/], classpath [static/], classpath [public/], ServletContext [/]]
2025-12-20 14:27:03.563 DEBUG [http-nio-0.0.0.0-8081-exec-8] o.s.w.s.h.SimpleUrlHandlerMapping - Mapped to ResourceHttpRequestHandler [classpath [META-INF/resources/], classpath [resources/], classpath [static/], classpath [public/], ServletContext [/]]
2025-12-20 14:27:03.563 DEBUG [http-nio-0.0.0.0-8081-exec-2] o.s.web.servlet.DispatcherServlet - Completed 200 OK
2025-12-20 14:27:03.564 DEBUG [http-nio-0.0.0.0-8081-exec-9] o.s.web.servlet.DispatcherServlet - Completed 200 OK
2025-12-20 14:27:03.564 DEBUG [http-nio-0.0.0.0-8081-exec-8] o.s.web.servlet.DispatcherServlet - Completed 200 OK
2025-12-20 14:27:05.299 DEBUG [http-nio-0.0.0.0-8081-exec-4] o.s.web.servlet.DispatcherServlet - POST "/std-word/update", parameters={}
2025-12-20 14:27:05.300 DEBUG [http-nio-0.0.0.0-8081-exec-4] o.s.w.s.m.m.a.RequestMappingHandlerMapping - Mapped to com.example.nproject.controller.MetaStdWordController#update(MetaStdWordDto)
2025-12-20 14:27:05.301 DEBUG [http-nio-0.0.0.0-8081-exec-4] o.s.w.s.m.m.a.RequestResponseBodyMethodProcessor - Read "application/json;charset=UTF-8" to [com.example.nproject.dto.MetaStdWordDto@5907f4b0]
2025-12-20 14:27:05.301 DEBUG [http-nio-0.0.0.0-8081-exec-4] o.s.jdbc.datasource.DataSourceUtils - Fetching JDBC Connection from DataSource
2025-12-20 14:27:05.311 DEBUG [http-nio-0.0.0.0-8081-exec-4] c.e.n.m.M.updateStdWord - ==>  Preparing: UPDATE meta_std_word SET std_word_name = ?, eng_abbr_name = ?, eng_full_name = ?, definition = ?, domain_type = ?, use_yn = ? WHERE word_id = ?
2025-12-20 14:27:05.311 DEBUG [http-nio-0.0.0.0-8081-exec-4] c.e.n.m.M.updateStdWord - ==> Parameters: 사랑이별ㅇㅇㅇㅇㅇㅇㅇㅇ(String), SSSS(String), LOVE(String), TEST 사랑(String), TEST(String), N(String), 766(Integer)
2025-12-20 14:27:05.322 DEBUG [http-nio-0.0.0.0-8081-exec-4] c.e.n.m.M.updateStdWord - <==    Updates: 1
2025-12-20 14:27:05.322 DEBUG [http-nio-0.0.0.0-8081-exec-4] o.s.w.s.m.m.a.RequestResponseBodyMethodProcessor - Using 'text/plain', given [*/*] and supported [text/plain, */*, application/json, application/*+json]
2025-12-20 14:27:05.322 DEBUG [http-nio-0.0.0.0-8081-exec-4] o.s.w.s.m.m.a.RequestResponseBodyMethodProcessor - Writing ["SUCCESS"]
2025-12-20 14:27:05.323 DEBUG [http-nio-0.0.0.0-8081-exec-4] o.s.web.servlet.DispatcherServlet - Completed 200 OK
2025-12-20 14:27:06.270 DEBUG [http-nio-0.0.0.0-8081-exec-1] o.s.web.servlet.DispatcherServlet - GET "/std-word/list?size=10&stdWordName=%EC%9D%B4%EB%B3%84", parameters={masked}
2025-12-20 14:27:06.270 DEBUG [http-nio-0.0.0.0-8081-exec-1] o.s.w.s.m.m.a.RequestMappingHandlerMapping - Mapped to com.example.nproject.controller.MetaStdWordController#list(MetaStdWordDto, Model)
2025-12-20 14:27:06.270 DEBUG [http-nio-0.0.0.0-8081-exec-1] o.s.jdbc.datasource.DataSourceUtils - Fetching JDBC Connection from DataSource
2025-12-20 14:27:06.280 DEBUG [http-nio-0.0.0.0-8081-exec-1] c.e.n.m.M.selectStdWordList - ==>  Preparing: SELECT word_id as wordId, std_word_name as stdWordName, eng_abbr_name as engAbbrName, eng_full_name as engFullName, definition, domain_type as domainType, use_yn as useYn FROM meta_std_word WHERE std_word_name LIKE '%' || ? || '%' ORDER BY word_id LIMIT ? OFFSET ?
2025-12-20 14:27:06.281 DEBUG [http-nio-0.0.0.0-8081-exec-1] c.e.n.m.M.selectStdWordList - ==> Parameters: 이별(String), 10(Integer), 0(Integer)
2025-12-20 14:27:06.332 DEBUG [http-nio-0.0.0.0-8081-exec-1] c.e.n.m.M.selectStdWordList - <==      Total: 2
2025-12-20 14:27:06.332 DEBUG [http-nio-0.0.0.0-8081-exec-1] o.s.jdbc.datasource.DataSourceUtils - Fetching JDBC Connection from DataSource
2025-12-20 14:27:06.333 DEBUG [http-nio-0.0.0.0-8081-exec-1] c.e.n.m.M.countStdWordList - ==>  Preparing: SELECT COUNT(*) FROM meta_std_word WHERE std_word_name LIKE '%' || ? || '%'
2025-12-20 14:27:06.333 DEBUG [http-nio-0.0.0.0-8081-exec-1] c.e.n.m.M.countStdWordList - ==> Parameters: 이별(String)
2025-12-20 14:27:06.358 DEBUG [http-nio-0.0.0.0-8081-exec-1] c.e.n.m.M.countStdWordList - <==      Total: 1
2025-12-20 14:27:06.358 DEBUG [http-nio-0.0.0.0-8081-exec-1] o.s.w.s.v.ContentNegotiatingViewResolver - Selected 'text/html' given [text/html, application/xhtml+xml, image/avif, image/webp, image/apng, application/xml;q=0.9, */*;q=0.8, application/signed-exchange;v=b3;q=0.7]
2025-12-20 14:27:06.361 DEBUG [http-nio-0.0.0.0-8081-exec-1] o.s.web.servlet.DispatcherServlet - Completed 200 OK
2025-12-20 14:27:06.379 DEBUG [http-nio-0.0.0.0-8081-exec-5] o.s.web.servlet.DispatcherServlet - GET "/css/common.css", parameters={}
2025-12-20 14:27:06.380 DEBUG [http-nio-0.0.0.0-8081-exec-5] o.s.w.s.h.SimpleUrlHandlerMapping - Mapped to ResourceHttpRequestHandler [classpath [META-INF/resources/], classpath [resources/], classpath [static/], classpath [public/], ServletContext [/]]
2025-12-20 14:27:06.381 DEBUG [http-nio-0.0.0.0-8081-exec-5] o.s.web.servlet.DispatcherServlet - Completed 200 OK
2025-12-20 14:27:06.382 DEBUG [http-nio-0.0.0.0-8081-exec-6] o.s.web.servlet.DispatcherServlet - GET "/css/std_word_list.css", parameters={}
2025-12-20 14:27:06.382 DEBUG [http-nio-0.0.0.0-8081-exec-6] o.s.w.s.h.SimpleUrlHandlerMapping - Mapped to ResourceHttpRequestHandler [classpath [META-INF/resources/], classpath [resources/], classpath [static/], classpath [public/], ServletContext [/]]
2025-12-20 14:27:06.383 DEBUG [http-nio-0.0.0.0-8081-exec-7] o.s.web.servlet.DispatcherServlet - GET "/js/std_word_list.js", parameters={}
2025-12-20 14:27:06.383 DEBUG [http-nio-0.0.0.0-8081-exec-7] o.s.w.s.h.SimpleUrlHandlerMapping - Mapped to ResourceHttpRequestHandler [classpath [META-INF/resources/], classpath [resources/], classpath [static/], classpath [public/], ServletContext [/]]
2025-12-20 14:27:06.384 DEBUG [http-nio-0.0.0.0-8081-exec-6] o.s.web.servlet.DispatcherServlet - Completed 200 OK
2025-12-20 14:27:06.384 DEBUG [http-nio-0.0.0.0-8081-exec-7] o.s.web.servlet.DispatcherServlet - Completed 200 OK
2025-12-20 14:27:06.977 DEBUG [http-nio-0.0.0.0-8081-exec-3] o.s.web.servlet.DispatcherServlet - GET "/std-word/update?wordId=767", parameters={masked}
2025-12-20 14:27:06.978 DEBUG [http-nio-0.0.0.0-8081-exec-3] o.s.w.s.m.m.a.RequestMappingHandlerMapping - Mapped to com.example.nproject.controller.MetaStdWordController#updateForm(Long, Model)
2025-12-20 14:27:06.978 DEBUG [http-nio-0.0.0.0-8081-exec-3] o.s.jdbc.datasource.DataSourceUtils - Fetching JDBC Connection from DataSource
2025-12-20 14:27:06.990 DEBUG [http-nio-0.0.0.0-8081-exec-3] c.e.n.m.M.selectStdWord - ==>  Preparing: SELECT word_id as wordId, std_word_name as stdWordName, eng_abbr_name as engAbbrName, eng_full_name as engFullName, definition, domain_type as domainType, use_yn as useYn FROM meta_std_word WHERE word_id = ?
2025-12-20 14:27:06.990 DEBUG [http-nio-0.0.0.0-8081-exec-3] c.e.n.m.M.selectStdWord - ==> Parameters: 767(Long)
2025-12-20 14:27:07.000 DEBUG [http-nio-0.0.0.0-8081-exec-3] c.e.n.m.M.selectStdWord - <==      Total: 1
2025-12-20 14:27:07.001 DEBUG [http-nio-0.0.0.0-8081-exec-3] o.s.w.s.v.ContentNegotiatingViewResolver - Selected 'text/html' given [text/html, application/xhtml+xml, image/avif, image/webp, image/apng, application/xml;q=0.9, */*;q=0.8, application/signed-exchange;v=b3;q=0.7]
2025-12-20 14:27:07.003 DEBUG [http-nio-0.0.0.0-8081-exec-3] o.s.web.servlet.DispatcherServlet - Completed 200 OK
2025-12-20 14:27:07.009 DEBUG [http-nio-0.0.0.0-8081-exec-10] o.s.web.servlet.DispatcherServlet - GET "/css/common.css", parameters={}
2025-12-20 14:27:07.009 DEBUG [http-nio-0.0.0.0-8081-exec-2] o.s.web.servlet.DispatcherServlet - GET "/css/std_word_insert.css", parameters={}
2025-12-20 14:27:07.009 DEBUG [http-nio-0.0.0.0-8081-exec-8] o.s.web.servlet.DispatcherServlet - GET "/js/std_update.js", parameters={}
2025-12-20 14:27:07.009 DEBUG [http-nio-0.0.0.0-8081-exec-10] o.s.w.s.h.SimpleUrlHandlerMapping - Mapped to ResourceHttpRequestHandler [classpath [META-INF/resources/], classpath [resources/], classpath [static/], classpath [public/], ServletContext [/]]
2025-12-20 14:27:07.009 DEBUG [http-nio-0.0.0.0-8081-exec-8] o.s.w.s.h.SimpleUrlHandlerMapping - Mapped to ResourceHttpRequestHandler [classpath [META-INF/resources/], classpath [resources/], classpath [static/], classpath [public/], ServletContext [/]]
2025-12-20 14:27:07.009 DEBUG [http-nio-0.0.0.0-8081-exec-2] o.s.w.s.h.SimpleUrlHandlerMapping - Mapped to ResourceHttpRequestHandler [classpath [META-INF/resources/], classpath [resources/], classpath [static/], classpath [public/], ServletContext [/]]
2025-12-20 14:27:07.011 DEBUG [http-nio-0.0.0.0-8081-exec-8] o.s.web.servlet.DispatcherServlet - Completed 200 OK
2025-12-20 14:27:07.011 DEBUG [http-nio-0.0.0.0-8081-exec-2] o.s.web.servlet.DispatcherServlet - Completed 200 OK
2025-12-20 14:27:07.011 DEBUG [http-nio-0.0.0.0-8081-exec-10] o.s.web.servlet.DispatcherServlet - Completed 200 OK
2025-12-20 14:27:30.661 DEBUG [http-nio-0.0.0.0-8081-exec-9] o.s.web.servlet.DispatcherServlet - GET "/std-word/list?size=10&stdWordName=%EC%9D%B4%EB%B3%84", parameters={masked}
2025-12-20 14:27:30.661 DEBUG [http-nio-0.0.0.0-8081-exec-9] o.s.w.s.m.m.a.RequestMappingHandlerMapping - Mapped to com.example.nproject.controller.MetaStdWordController#list(MetaStdWordDto, Model)
2025-12-20 14:27:30.662 DEBUG [http-nio-0.0.0.0-8081-exec-9] o.s.jdbc.datasource.DataSourceUtils - Fetching JDBC Connection from DataSource
2025-12-20 14:27:30.671 DEBUG [http-nio-0.0.0.0-8081-exec-9] c.e.n.m.M.selectStdWordList - ==>  Preparing: SELECT word_id as wordId, std_word_name as stdWordName, eng_abbr_name as engAbbrName, eng_full_name as engFullName, definition, domain_type as domainType, use_yn as useYn FROM meta_std_word WHERE std_word_name LIKE '%' || ? || '%' ORDER BY word_id LIMIT ? OFFSET ?
2025-12-20 14:27:30.672 DEBUG [http-nio-0.0.0.0-8081-exec-9] c.e.n.m.M.selectStdWordList - ==> Parameters: 이별(String), 10(Integer), 0(Integer)
2025-12-20 14:27:30.681 DEBUG [http-nio-0.0.0.0-8081-exec-9] c.e.n.m.M.selectStdWordList - <==      Total: 2
2025-12-20 14:27:30.681 DEBUG [http-nio-0.0.0.0-8081-exec-9] o.s.jdbc.datasource.DataSourceUtils - Fetching JDBC Connection from DataSource
2025-12-20 14:27:30.682 DEBUG [http-nio-0.0.0.0-8081-exec-9] c.e.n.m.M.countStdWordList - ==>  Preparing: SELECT COUNT(*) FROM meta_std_word WHERE std_word_name LIKE '%' || ? || '%'
2025-12-20 14:27:30.682 DEBUG [http-nio-0.0.0.0-8081-exec-9] c.e.n.m.M.countStdWordList - ==> Parameters: 이별(String)
2025-12-20 14:27:30.693 DEBUG [http-nio-0.0.0.0-8081-exec-9] c.e.n.m.M.countStdWordList - <==      Total: 1
2025-12-20 14:27:30.694 DEBUG [http-nio-0.0.0.0-8081-exec-9] o.s.w.s.v.ContentNegotiatingViewResolver - Selected 'text/html' given [text/html, application/xhtml+xml, image/avif, image/webp, image/apng, application/xml;q=0.9, */*;q=0.8, application/signed-exchange;v=b3;q=0.7]
2025-12-20 14:27:30.696 DEBUG [http-nio-0.0.0.0-8081-exec-9] o.s.web.servlet.DispatcherServlet - Completed 200 OK
2025-12-20 14:27:30.715 DEBUG [http-nio-0.0.0.0-8081-exec-4] o.s.web.servlet.DispatcherServlet - GET "/css/common.css", parameters={}
2025-12-20 14:27:30.715 DEBUG [http-nio-0.0.0.0-8081-exec-4] o.s.w.s.h.SimpleUrlHandlerMapping - Mapped to ResourceHttpRequestHandler [classpath [META-INF/resources/], classpath [resources/], classpath [static/], classpath [public/], ServletContext [/]]
2025-12-20 14:27:30.716 DEBUG [http-nio-0.0.0.0-8081-exec-1] o.s.web.servlet.DispatcherServlet - GET "/css/std_word_list.css", parameters={}
2025-12-20 14:27:30.716 DEBUG [http-nio-0.0.0.0-8081-exec-5] o.s.web.servlet.DispatcherServlet - GET "/js/std_word_list.js", parameters={}
2025-12-20 14:27:30.716 DEBUG [http-nio-0.0.0.0-8081-exec-5] o.s.w.s.h.SimpleUrlHandlerMapping - Mapped to ResourceHttpRequestHandler [classpath [META-INF/resources/], classpath [resources/], classpath [static/], classpath [public/], ServletContext [/]]
2025-12-20 14:27:30.716 DEBUG [http-nio-0.0.0.0-8081-exec-1] o.s.w.s.h.SimpleUrlHandlerMapping - Mapped to ResourceHttpRequestHandler [classpath [META-INF/resources/], classpath [resources/], classpath [static/], classpath [public/], ServletContext [/]]
2025-12-20 14:27:30.717 DEBUG [http-nio-0.0.0.0-8081-exec-4] o.s.web.servlet.DispatcherServlet - Completed 200 OK
2025-12-20 14:27:30.718 DEBUG [http-nio-0.0.0.0-8081-exec-5] o.s.web.servlet.DispatcherServlet - Completed 200 OK
2025-12-20 14:27:30.718 DEBUG [http-nio-0.0.0.0-8081-exec-1] o.s.web.servlet.DispatcherServlet - Completed 200 OK
2025-12-20 14:27:30.893 DEBUG [http-nio-0.0.0.0-8081-exec-7] o.s.web.servlet.DispatcherServlet - GET "/std-word/list?size=10&stdWordName=%EC%9D%B4%EB%B3%84", parameters={masked}
2025-12-20 14:27:30.893 DEBUG [http-nio-0.0.0.0-8081-exec-7] o.s.w.s.m.m.a.RequestMappingHandlerMapping - Mapped to com.example.nproject.controller.MetaStdWordController#list(MetaStdWordDto, Model)
2025-12-20 14:27:30.893 DEBUG [http-nio-0.0.0.0-8081-exec-7] o.s.jdbc.datasource.DataSourceUtils - Fetching JDBC Connection from DataSource
2025-12-20 14:27:30.893 DEBUG [http-nio-0.0.0.0-8081-exec-7] c.e.n.m.M.selectStdWordList - ==>  Preparing: SELECT word_id as wordId, std_word_name as stdWordName, eng_abbr_name as engAbbrName, eng_full_name as engFullName, definition, domain_type as domainType, use_yn as useYn FROM meta_std_word WHERE std_word_name LIKE '%' || ? || '%' ORDER BY word_id LIMIT ? OFFSET ?
2025-12-20 14:27:30.893 DEBUG [http-nio-0.0.0.0-8081-exec-7] c.e.n.m.M.selectStdWordList - ==> Parameters: 이별(String), 10(Integer), 0(Integer)
2025-12-20 14:27:30.904 DEBUG [http-nio-0.0.0.0-8081-exec-7] c.e.n.m.M.selectStdWordList - <==      Total: 2
2025-12-20 14:27:30.904 DEBUG [http-nio-0.0.0.0-8081-exec-7] o.s.jdbc.datasource.DataSourceUtils - Fetching JDBC Connection from DataSource
2025-12-20 14:27:30.904 DEBUG [http-nio-0.0.0.0-8081-exec-7] c.e.n.m.M.countStdWordList - ==>  Preparing: SELECT COUNT(*) FROM meta_std_word WHERE std_word_name LIKE '%' || ? || '%'
2025-12-20 14:27:30.904 DEBUG [http-nio-0.0.0.0-8081-exec-7] c.e.n.m.M.countStdWordList - ==> Parameters: 이별(String)
2025-12-20 14:27:30.914 DEBUG [http-nio-0.0.0.0-8081-exec-7] c.e.n.m.M.countStdWordList - <==      Total: 1
2025-12-20 14:27:30.916 DEBUG [http-nio-0.0.0.0-8081-exec-7] o.s.w.s.v.ContentNegotiatingViewResolver - Selected 'text/html' given [text/html, application/xhtml+xml, image/avif, image/webp, image/apng, application/xml;q=0.9, */*;q=0.8, application/signed-exchange;v=b3;q=0.7]
2025-12-20 14:27:30.919 DEBUG [http-nio-0.0.0.0-8081-exec-7] o.s.web.servlet.DispatcherServlet - Completed 200 OK
2025-12-20 14:27:30.940 DEBUG [http-nio-0.0.0.0-8081-exec-6] o.s.web.servlet.DispatcherServlet - GET "/css/common.css", parameters={}
2025-12-20 14:27:30.940 DEBUG [http-nio-0.0.0.0-8081-exec-6] o.s.w.s.h.SimpleUrlHandlerMapping - Mapped to ResourceHttpRequestHandler [classpath [META-INF/resources/], classpath [resources/], classpath [static/], classpath [public/], ServletContext [/]]
2025-12-20 14:27:30.942 DEBUG [http-nio-0.0.0.0-8081-exec-6] o.s.web.servlet.DispatcherServlet - Completed 200 OK
2025-12-20 14:27:30.943 DEBUG [http-nio-0.0.0.0-8081-exec-8] o.s.web.servlet.DispatcherServlet - GET "/js/std_word_list.js", parameters={}
2025-12-20 14:27:30.943 DEBUG [http-nio-0.0.0.0-8081-exec-3] o.s.web.servlet.DispatcherServlet - GET "/css/std_word_list.css", parameters={}
2025-12-20 14:27:30.943 DEBUG [http-nio-0.0.0.0-8081-exec-8] o.s.w.s.h.SimpleUrlHandlerMapping - Mapped to ResourceHttpRequestHandler [classpath [META-INF/resources/], classpath [resources/], classpath [static/], classpath [public/], ServletContext [/]]
2025-12-20 14:27:30.943 DEBUG [http-nio-0.0.0.0-8081-exec-3] o.s.w.s.h.SimpleUrlHandlerMapping - Mapped to ResourceHttpRequestHandler [classpath [META-INF/resources/], classpath [resources/], classpath [static/], classpath [public/], ServletContext [/]]
2025-12-20 14:27:30.945 DEBUG [http-nio-0.0.0.0-8081-exec-8] o.s.web.servlet.DispatcherServlet - Completed 200 OK
2025-12-20 14:27:30.945 DEBUG [http-nio-0.0.0.0-8081-exec-3] o.s.web.servlet.DispatcherServlet - Completed 200 OK
2025-12-20 14:27:31.181 DEBUG [http-nio-0.0.0.0-8081-exec-10] o.s.web.servlet.DispatcherServlet - GET "/std-word/list?size=10&stdWordName=%EC%9D%B4%EB%B3%84", parameters={masked}
2025-12-20 14:27:31.181 DEBUG [http-nio-0.0.0.0-8081-exec-10] o.s.w.s.m.m.a.RequestMappingHandlerMapping - Mapped to com.example.nproject.controller.MetaStdWordController#list(MetaStdWordDto, Model)
2025-12-20 14:27:31.182 DEBUG [http-nio-0.0.0.0-8081-exec-10] o.s.jdbc.datasource.DataSourceUtils - Fetching JDBC Connection from DataSource
2025-12-20 14:27:31.182 DEBUG [http-nio-0.0.0.0-8081-exec-10] c.e.n.m.M.selectStdWordList - ==>  Preparing: SELECT word_id as wordId, std_word_name as stdWordName, eng_abbr_name as engAbbrName, eng_full_name as engFullName, definition, domain_type as domainType, use_yn as useYn FROM meta_std_word WHERE std_word_name LIKE '%' || ? || '%' ORDER BY word_id LIMIT ? OFFSET ?
2025-12-20 14:27:31.182 DEBUG [http-nio-0.0.0.0-8081-exec-10] c.e.n.m.M.selectStdWordList - ==> Parameters: 이별(String), 10(Integer), 0(Integer)
2025-12-20 14:27:31.192 DEBUG [http-nio-0.0.0.0-8081-exec-10] c.e.n.m.M.selectStdWordList - <==      Total: 2
2025-12-20 14:27:31.192 DEBUG [http-nio-0.0.0.0-8081-exec-10] o.s.jdbc.datasource.DataSourceUtils - Fetching JDBC Connection from DataSource
2025-12-20 14:27:31.192 DEBUG [http-nio-0.0.0.0-8081-exec-10] c.e.n.m.M.countStdWordList - ==>  Preparing: SELECT COUNT(*) FROM meta_std_word WHERE std_word_name LIKE '%' || ? || '%'
2025-12-20 14:27:31.192 DEBUG [http-nio-0.0.0.0-8081-exec-10] c.e.n.m.M.countStdWordList - ==> Parameters: 이별(String)
2025-12-20 14:27:31.202 DEBUG [http-nio-0.0.0.0-8081-exec-10] c.e.n.m.M.countStdWordList - <==      Total: 1
2025-12-20 14:27:31.203 DEBUG [http-nio-0.0.0.0-8081-exec-10] o.s.w.s.v.ContentNegotiatingViewResolver - Selected 'text/html' given [text/html, application/xhtml+xml, image/avif, image/webp, image/apng, application/xml;q=0.9, */*;q=0.8, application/signed-exchange;v=b3;q=0.7]
2025-12-20 14:27:31.206 DEBUG [http-nio-0.0.0.0-8081-exec-10] o.s.web.servlet.DispatcherServlet - Completed 200 OK
2025-12-20 14:27:31.226 DEBUG [http-nio-0.0.0.0-8081-exec-2] o.s.web.servlet.DispatcherServlet - GET "/css/common.css", parameters={}
2025-12-20 14:27:31.226 DEBUG [http-nio-0.0.0.0-8081-exec-2] o.s.w.s.h.SimpleUrlHandlerMapping - Mapped to ResourceHttpRequestHandler [classpath [META-INF/resources/], classpath [resources/], classpath [static/], classpath [public/], ServletContext [/]]
2025-12-20 14:27:31.228 DEBUG [http-nio-0.0.0.0-8081-exec-2] o.s.web.servlet.DispatcherServlet - Completed 200 OK
2025-12-20 14:27:31.229 DEBUG [http-nio-0.0.0.0-8081-exec-4] o.s.web.servlet.DispatcherServlet - GET "/js/std_word_list.js", parameters={}
2025-12-20 14:27:31.229 DEBUG [http-nio-0.0.0.0-8081-exec-9] o.s.web.servlet.DispatcherServlet - GET "/css/std_word_list.css", parameters={}
2025-12-20 14:27:31.229 DEBUG [http-nio-0.0.0.0-8081-exec-9] o.s.w.s.h.SimpleUrlHandlerMapping - Mapped to ResourceHttpRequestHandler [classpath [META-INF/resources/], classpath [resources/], classpath [static/], classpath [public/], ServletContext [/]]
2025-12-20 14:27:31.229 DEBUG [http-nio-0.0.0.0-8081-exec-4] o.s.w.s.h.SimpleUrlHandlerMapping - Mapped to ResourceHttpRequestHandler [classpath [META-INF/resources/], classpath [resources/], classpath [static/], classpath [public/], ServletContext [/]]
2025-12-20 14:27:31.231 DEBUG [http-nio-0.0.0.0-8081-exec-4] o.s.web.servlet.DispatcherServlet - Completed 200 OK
2025-12-20 14:27:31.231 DEBUG [http-nio-0.0.0.0-8081-exec-9] o.s.web.servlet.DispatcherServlet - Completed 200 OK
2025-12-20 14:27:31.495 DEBUG [http-nio-0.0.0.0-8081-exec-1] o.s.web.servlet.DispatcherServlet - GET "/std-word/list?size=10&stdWordName=%EC%9D%B4%EB%B3%84", parameters={masked}
2025-12-20 14:27:31.495 DEBUG [http-nio-0.0.0.0-8081-exec-1] o.s.w.s.m.m.a.RequestMappingHandlerMapping - Mapped to com.example.nproject.controller.MetaStdWordController#list(MetaStdWordDto, Model)
2025-12-20 14:27:31.495 DEBUG [http-nio-0.0.0.0-8081-exec-1] o.s.jdbc.datasource.DataSourceUtils - Fetching JDBC Connection from DataSource
2025-12-20 14:27:31.495 DEBUG [http-nio-0.0.0.0-8081-exec-1] c.e.n.m.M.selectStdWordList - ==>  Preparing: SELECT word_id as wordId, std_word_name as stdWordName, eng_abbr_name as engAbbrName, eng_full_name as engFullName, definition, domain_type as domainType, use_yn as useYn FROM meta_std_word WHERE std_word_name LIKE '%' || ? || '%' ORDER BY word_id LIMIT ? OFFSET ?
2025-12-20 14:27:31.496 DEBUG [http-nio-0.0.0.0-8081-exec-1] c.e.n.m.M.selectStdWordList - ==> Parameters: 이별(String), 10(Integer), 0(Integer)
2025-12-20 14:27:31.505 DEBUG [http-nio-0.0.0.0-8081-exec-1] c.e.n.m.M.selectStdWordList - <==      Total: 2
2025-12-20 14:27:31.506 DEBUG [http-nio-0.0.0.0-8081-exec-1] o.s.jdbc.datasource.DataSourceUtils - Fetching JDBC Connection from DataSource
2025-12-20 14:27:31.506 DEBUG [http-nio-0.0.0.0-8081-exec-1] c.e.n.m.M.countStdWordList - ==>  Preparing: SELECT COUNT(*) FROM meta_std_word WHERE std_word_name LIKE '%' || ? || '%'
2025-12-20 14:27:31.506 DEBUG [http-nio-0.0.0.0-8081-exec-1] c.e.n.m.M.countStdWordList - ==> Parameters: 이별(String)
2025-12-20 14:27:31.515 DEBUG [http-nio-0.0.0.0-8081-exec-1] c.e.n.m.M.countStdWordList - <==      Total: 1
2025-12-20 14:27:31.515 DEBUG [http-nio-0.0.0.0-8081-exec-1] o.s.w.s.v.ContentNegotiatingViewResolver - Selected 'text/html' given [text/html, application/xhtml+xml, image/avif, image/webp, image/apng, application/xml;q=0.9, */*;q=0.8, application/signed-exchange;v=b3;q=0.7]
2025-12-20 14:27:31.519 DEBUG [http-nio-0.0.0.0-8081-exec-1] o.s.web.servlet.DispatcherServlet - Completed 200 OK
2025-12-20 14:27:31.537 DEBUG [http-nio-0.0.0.0-8081-exec-5] o.s.web.servlet.DispatcherServlet - GET "/css/common.css", parameters={}
2025-12-20 14:27:31.538 DEBUG [http-nio-0.0.0.0-8081-exec-5] o.s.w.s.h.SimpleUrlHandlerMapping - Mapped to ResourceHttpRequestHandler [classpath [META-INF/resources/], classpath [resources/], classpath [static/], classpath [public/], ServletContext [/]]
2025-12-20 14:27:31.539 DEBUG [http-nio-0.0.0.0-8081-exec-5] o.s.web.servlet.DispatcherServlet - Completed 200 OK
2025-12-20 14:27:31.540 DEBUG [http-nio-0.0.0.0-8081-exec-6] o.s.web.servlet.DispatcherServlet - GET "/js/std_word_list.js", parameters={}
2025-12-20 14:27:31.540 DEBUG [http-nio-0.0.0.0-8081-exec-7] o.s.web.servlet.DispatcherServlet - GET "/css/std_word_list.css", parameters={}
2025-12-20 14:27:31.540 DEBUG [http-nio-0.0.0.0-8081-exec-6] o.s.w.s.h.SimpleUrlHandlerMapping - Mapped to ResourceHttpRequestHandler [classpath [META-INF/resources/], classpath [resources/], classpath [static/], classpath [public/], ServletContext [/]]
2025-12-20 14:27:31.540 DEBUG [http-nio-0.0.0.0-8081-exec-7] o.s.w.s.h.SimpleUrlHandlerMapping - Mapped to ResourceHttpRequestHandler [classpath [META-INF/resources/], classpath [resources/], classpath [static/], classpath [public/], ServletContext [/]]
2025-12-20 14:27:31.542 DEBUG [http-nio-0.0.0.0-8081-exec-7] o.s.web.servlet.DispatcherServlet - Completed 200 OK
2025-12-20 14:27:31.542 DEBUG [http-nio-0.0.0.0-8081-exec-6] o.s.web.servlet.DispatcherServlet - Completed 200 OK
2025-12-20 14:27:31.726 DEBUG [http-nio-0.0.0.0-8081-exec-3] o.s.web.servlet.DispatcherServlet - GET "/std-word/list?size=10&stdWordName=%EC%9D%B4%EB%B3%84", parameters={masked}
2025-12-20 14:27:31.726 DEBUG [http-nio-0.0.0.0-8081-exec-3] o.s.w.s.m.m.a.RequestMappingHandlerMapping - Mapped to com.example.nproject.controller.MetaStdWordController#list(MetaStdWordDto, Model)
2025-12-20 14:27:31.726 DEBUG [http-nio-0.0.0.0-8081-exec-3] o.s.jdbc.datasource.DataSourceUtils - Fetching JDBC Connection from DataSource
2025-12-20 14:27:31.726 DEBUG [http-nio-0.0.0.0-8081-exec-3] c.e.n.m.M.selectStdWordList - ==>  Preparing: SELECT word_id as wordId, std_word_name as stdWordName, eng_abbr_name as engAbbrName, eng_full_name as engFullName, definition, domain_type as domainType, use_yn as useYn FROM meta_std_word WHERE std_word_name LIKE '%' || ? || '%' ORDER BY word_id LIMIT ? OFFSET ?
2025-12-20 14:27:31.726 DEBUG [http-nio-0.0.0.0-8081-exec-3] c.e.n.m.M.selectStdWordList - ==> Parameters: 이별(String), 10(Integer), 0(Integer)
2025-12-20 14:27:31.738 DEBUG [http-nio-0.0.0.0-8081-exec-3] c.e.n.m.M.selectStdWordList - <==      Total: 2
2025-12-20 14:27:31.738 DEBUG [http-nio-0.0.0.0-8081-exec-3] o.s.jdbc.datasource.DataSourceUtils - Fetching JDBC Connection from DataSource
2025-12-20 14:27:31.738 DEBUG [http-nio-0.0.0.0-8081-exec-3] c.e.n.m.M.countStdWordList - ==>  Preparing: SELECT COUNT(*) FROM meta_std_word WHERE std_word_name LIKE '%' || ? || '%'
2025-12-20 14:27:31.738 DEBUG [http-nio-0.0.0.0-8081-exec-3] c.e.n.m.M.countStdWordList - ==> Parameters: 이별(String)
2025-12-20 14:27:31.748 DEBUG [http-nio-0.0.0.0-8081-exec-3] c.e.n.m.M.countStdWordList - <==      Total: 1
2025-12-20 14:27:31.749 DEBUG [http-nio-0.0.0.0-8081-exec-3] o.s.w.s.v.ContentNegotiatingViewResolver - Selected 'text/html' given [text/html, application/xhtml+xml, image/avif, image/webp, image/apng, application/xml;q=0.9, */*;q=0.8, application/signed-exchange;v=b3;q=0.7]
2025-12-20 14:27:31.753 DEBUG [http-nio-0.0.0.0-8081-exec-3] o.s.web.servlet.DispatcherServlet - Completed 200 OK
2025-12-20 14:27:31.771 DEBUG [http-nio-0.0.0.0-8081-exec-8] o.s.web.servlet.DispatcherServlet - GET "/css/common.css", parameters={}
2025-12-20 14:27:31.771 DEBUG [http-nio-0.0.0.0-8081-exec-8] o.s.w.s.h.SimpleUrlHandlerMapping - Mapped to ResourceHttpRequestHandler [classpath [META-INF/resources/], classpath [resources/], classpath [static/], classpath [public/], ServletContext [/]]
2025-12-20 14:27:31.773 DEBUG [http-nio-0.0.0.0-8081-exec-8] o.s.web.servlet.DispatcherServlet - Completed 200 OK
2025-12-20 14:27:31.774 DEBUG [http-nio-0.0.0.0-8081-exec-10] o.s.web.servlet.DispatcherServlet - GET "/css/std_word_list.css", parameters={}
2025-12-20 14:27:31.775 DEBUG [http-nio-0.0.0.0-8081-exec-10] o.s.w.s.h.SimpleUrlHandlerMapping - Mapped to ResourceHttpRequestHandler [classpath [META-INF/resources/], classpath [resources/], classpath [static/], classpath [public/], ServletContext [/]]
2025-12-20 14:27:31.775 DEBUG [http-nio-0.0.0.0-8081-exec-2] o.s.web.servlet.DispatcherServlet - GET "/js/std_word_list.js", parameters={}
2025-12-20 14:27:31.775 DEBUG [http-nio-0.0.0.0-8081-exec-2] o.s.w.s.h.SimpleUrlHandlerMapping - Mapped to ResourceHttpRequestHandler [classpath [META-INF/resources/], classpath [resources/], classpath [static/], classpath [public/], ServletContext [/]]
2025-12-20 14:27:31.776 DEBUG [http-nio-0.0.0.0-8081-exec-2] o.s.web.servlet.DispatcherServlet - Completed 200 OK
2025-12-20 14:27:31.776 DEBUG [http-nio-0.0.0.0-8081-exec-10] o.s.web.servlet.DispatcherServlet - Completed 200 OK
2025-12-20 14:27:31.919 DEBUG [http-nio-0.0.0.0-8081-exec-9] o.s.web.servlet.DispatcherServlet - GET "/std-word/list?size=10&stdWordName=%EC%9D%B4%EB%B3%84", parameters={masked}
2025-12-20 14:27:31.919 DEBUG [http-nio-0.0.0.0-8081-exec-9] o.s.w.s.m.m.a.RequestMappingHandlerMapping - Mapped to com.example.nproject.controller.MetaStdWordController#list(MetaStdWordDto, Model)
2025-12-20 14:27:31.920 DEBUG [http-nio-0.0.0.0-8081-exec-9] o.s.jdbc.datasource.DataSourceUtils - Fetching JDBC Connection from DataSource
2025-12-20 14:27:31.920 DEBUG [http-nio-0.0.0.0-8081-exec-9] c.e.n.m.M.selectStdWordList - ==>  Preparing: SELECT word_id as wordId, std_word_name as stdWordName, eng_abbr_name as engAbbrName, eng_full_name as engFullName, definition, domain_type as domainType, use_yn as useYn FROM meta_std_word WHERE std_word_name LIKE '%' || ? || '%' ORDER BY word_id LIMIT ? OFFSET ?
2025-12-20 14:27:31.920 DEBUG [http-nio-0.0.0.0-8081-exec-9] c.e.n.m.M.selectStdWordList - ==> Parameters: 이별(String), 10(Integer), 0(Integer)
2025-12-20 14:27:31.931 DEBUG [http-nio-0.0.0.0-8081-exec-9] c.e.n.m.M.selectStdWordList - <==      Total: 2
2025-12-20 14:27:31.931 DEBUG [http-nio-0.0.0.0-8081-exec-9] o.s.jdbc.datasource.DataSourceUtils - Fetching JDBC Connection from DataSource
2025-12-20 14:27:31.931 DEBUG [http-nio-0.0.0.0-8081-exec-9] c.e.n.m.M.countStdWordList - ==>  Preparing: SELECT COUNT(*) FROM meta_std_word WHERE std_word_name LIKE '%' || ? || '%'
2025-12-20 14:27:31.931 DEBUG [http-nio-0.0.0.0-8081-exec-9] c.e.n.m.M.countStdWordList - ==> Parameters: 이별(String)
2025-12-20 14:27:31.942 DEBUG [http-nio-0.0.0.0-8081-exec-9] c.e.n.m.M.countStdWordList - <==      Total: 1
2025-12-20 14:27:31.942 DEBUG [http-nio-0.0.0.0-8081-exec-9] o.s.w.s.v.ContentNegotiatingViewResolver - Selected 'text/html' given [text/html, application/xhtml+xml, image/avif, image/webp, image/apng, application/xml;q=0.9, */*;q=0.8, application/signed-exchange;v=b3;q=0.7]
2025-12-20 14:27:31.946 DEBUG [http-nio-0.0.0.0-8081-exec-9] o.s.web.servlet.DispatcherServlet - Completed 200 OK
2025-12-20 14:27:31.968 DEBUG [http-nio-0.0.0.0-8081-exec-4] o.s.web.servlet.DispatcherServlet - GET "/css/common.css", parameters={}
2025-12-20 14:27:31.968 DEBUG [http-nio-0.0.0.0-8081-exec-4] o.s.w.s.h.SimpleUrlHandlerMapping - Mapped to ResourceHttpRequestHandler [classpath [META-INF/resources/], classpath [resources/], classpath [static/], classpath [public/], ServletContext [/]]
2025-12-20 14:27:31.969 DEBUG [http-nio-0.0.0.0-8081-exec-1] o.s.web.servlet.DispatcherServlet - GET "/css/std_word_list.css", parameters={}
2025-12-20 14:27:31.969 DEBUG [http-nio-0.0.0.0-8081-exec-5] o.s.web.servlet.DispatcherServlet - GET "/js/std_word_list.js", parameters={}
2025-12-20 14:27:31.969 DEBUG [http-nio-0.0.0.0-8081-exec-1] o.s.w.s.h.SimpleUrlHandlerMapping - Mapped to ResourceHttpRequestHandler [classpath [META-INF/resources/], classpath [resources/], classpath [static/], classpath [public/], ServletContext [/]]
2025-12-20 14:27:31.969 DEBUG [http-nio-0.0.0.0-8081-exec-5] o.s.w.s.h.SimpleUrlHandlerMapping - Mapped to ResourceHttpRequestHandler [classpath [META-INF/resources/], classpath [resources/], classpath [static/], classpath [public/], ServletContext [/]]
2025-12-20 14:27:31.971 DEBUG [http-nio-0.0.0.0-8081-exec-4] o.s.web.servlet.DispatcherServlet - Completed 200 OK
2025-12-20 14:27:31.971 DEBUG [http-nio-0.0.0.0-8081-exec-5] o.s.web.servlet.DispatcherServlet - Completed 200 OK
2025-12-20 14:27:31.972 DEBUG [http-nio-0.0.0.0-8081-exec-1] o.s.web.servlet.DispatcherServlet - Completed 200 OK
2025-12-20 14:27:32.140 DEBUG [http-nio-0.0.0.0-8081-exec-6] o.s.web.servlet.DispatcherServlet - GET "/std-word/list?size=10&stdWordName=%EC%9D%B4%EB%B3%84", parameters={masked}
2025-12-20 14:27:32.140 DEBUG [http-nio-0.0.0.0-8081-exec-6] o.s.w.s.m.m.a.RequestMappingHandlerMapping - Mapped to com.example.nproject.controller.MetaStdWordController#list(MetaStdWordDto, Model)
2025-12-20 14:27:32.140 DEBUG [http-nio-0.0.0.0-8081-exec-6] o.s.jdbc.datasource.DataSourceUtils - Fetching JDBC Connection from DataSource
2025-12-20 14:27:32.140 DEBUG [http-nio-0.0.0.0-8081-exec-6] c.e.n.m.M.selectStdWordList - ==>  Preparing: SELECT word_id as wordId, std_word_name as stdWordName, eng_abbr_name as engAbbrName, eng_full_name as engFullName, definition, domain_type as domainType, use_yn as useYn FROM meta_std_word WHERE std_word_name LIKE '%' || ? || '%' ORDER BY word_id LIMIT ? OFFSET ?
2025-12-20 14:27:32.141 DEBUG [http-nio-0.0.0.0-8081-exec-6] c.e.n.m.M.selectStdWordList - ==> Parameters: 이별(String), 10(Integer), 0(Integer)
2025-12-20 14:27:32.150 DEBUG [http-nio-0.0.0.0-8081-exec-6] c.e.n.m.M.selectStdWordList - <==      Total: 2
2025-12-20 14:27:32.150 DEBUG [http-nio-0.0.0.0-8081-exec-6] o.s.jdbc.datasource.DataSourceUtils - Fetching JDBC Connection from DataSource
2025-12-20 14:27:32.150 DEBUG [http-nio-0.0.0.0-8081-exec-6] c.e.n.m.M.countStdWordList - ==>  Preparing: SELECT COUNT(*) FROM meta_std_word WHERE std_word_name LIKE '%' || ? || '%'
2025-12-20 14:27:32.150 DEBUG [http-nio-0.0.0.0-8081-exec-6] c.e.n.m.M.countStdWordList - ==> Parameters: 이별(String)
2025-12-20 14:27:32.160 DEBUG [http-nio-0.0.0.0-8081-exec-6] c.e.n.m.M.countStdWordList - <==      Total: 1
2025-12-20 14:27:32.161 DEBUG [http-nio-0.0.0.0-8081-exec-6] o.s.w.s.v.ContentNegotiatingViewResolver - Selected 'text/html' given [text/html, application/xhtml+xml, image/avif, image/webp, image/apng, application/xml;q=0.9, */*;q=0.8, application/signed-exchange;v=b3;q=0.7]
2025-12-20 14:27:32.163 DEBUG [http-nio-0.0.0.0-8081-exec-6] o.s.web.servlet.DispatcherServlet - Completed 200 OK
2025-12-20 14:27:32.182 DEBUG [http-nio-0.0.0.0-8081-exec-7] o.s.web.servlet.DispatcherServlet - GET "/css/common.css", parameters={}
2025-12-20 14:27:32.183 DEBUG [http-nio-0.0.0.0-8081-exec-7] o.s.w.s.h.SimpleUrlHandlerMapping - Mapped to ResourceHttpRequestHandler [classpath [META-INF/resources/], classpath [resources/], classpath [static/], classpath [public/], ServletContext [/]]
2025-12-20 14:27:32.183 DEBUG [http-nio-0.0.0.0-8081-exec-3] o.s.web.servlet.DispatcherServlet - GET "/css/std_word_list.css", parameters={}
2025-12-20 14:27:32.183 DEBUG [http-nio-0.0.0.0-8081-exec-3] o.s.w.s.h.SimpleUrlHandlerMapping - Mapped to ResourceHttpRequestHandler [classpath [META-INF/resources/], classpath [resources/], classpath [static/], classpath [public/], ServletContext [/]]
2025-12-20 14:27:32.183 DEBUG [http-nio-0.0.0.0-8081-exec-8] o.s.web.servlet.DispatcherServlet - GET "/js/std_word_list.js", parameters={}
2025-12-20 14:27:32.183 DEBUG [http-nio-0.0.0.0-8081-exec-8] o.s.w.s.h.SimpleUrlHandlerMapping - Mapped to ResourceHttpRequestHandler [classpath [META-INF/resources/], classpath [resources/], classpath [static/], classpath [public/], ServletContext [/]]
2025-12-20 14:27:32.184 DEBUG [http-nio-0.0.0.0-8081-exec-7] o.s.web.servlet.DispatcherServlet - Completed 200 OK
2025-12-20 14:27:32.186 DEBUG [http-nio-0.0.0.0-8081-exec-3] o.s.web.servlet.DispatcherServlet - Completed 200 OK
2025-12-20 14:27:32.186 DEBUG [http-nio-0.0.0.0-8081-exec-8] o.s.web.servlet.DispatcherServlet - Completed 200 OK
2025-12-20 14:27:32.390 DEBUG [http-nio-0.0.0.0-8081-exec-10] o.s.web.servlet.DispatcherServlet - GET "/std-word/list?size=10&stdWordName=%EC%9D%B4%EB%B3%84", parameters={masked}
2025-12-20 14:27:32.390 DEBUG [http-nio-0.0.0.0-8081-exec-10] o.s.w.s.m.m.a.RequestMappingHandlerMapping - Mapped to com.example.nproject.controller.MetaStdWordController#list(MetaStdWordDto, Model)
2025-12-20 14:27:32.392 DEBUG [http-nio-0.0.0.0-8081-exec-10] o.s.jdbc.datasource.DataSourceUtils - Fetching JDBC Connection from DataSource
2025-12-20 14:27:32.392 DEBUG [http-nio-0.0.0.0-8081-exec-10] c.e.n.m.M.selectStdWordList - ==>  Preparing: SELECT word_id as wordId, std_word_name as stdWordName, eng_abbr_name as engAbbrName, eng_full_name as engFullName, definition, domain_type as domainType, use_yn as useYn FROM meta_std_word WHERE std_word_name LIKE '%' || ? || '%' ORDER BY word_id LIMIT ? OFFSET ?
2025-12-20 14:27:32.392 DEBUG [http-nio-0.0.0.0-8081-exec-10] c.e.n.m.M.selectStdWordList - ==> Parameters: 이별(String), 10(Integer), 0(Integer)
2025-12-20 14:27:32.404 DEBUG [http-nio-0.0.0.0-8081-exec-10] c.e.n.m.M.selectStdWordList - <==      Total: 2
2025-12-20 14:27:32.404 DEBUG [http-nio-0.0.0.0-8081-exec-10] o.s.jdbc.datasource.DataSourceUtils - Fetching JDBC Connection from DataSource
2025-12-20 14:27:32.404 DEBUG [http-nio-0.0.0.0-8081-exec-10] c.e.n.m.M.countStdWordList - ==>  Preparing: SELECT COUNT(*) FROM meta_std_word WHERE std_word_name LIKE '%' || ? || '%'
2025-12-20 14:27:32.406 DEBUG [http-nio-0.0.0.0-8081-exec-10] c.e.n.m.M.countStdWordList - ==> Parameters: 이별(String)
2025-12-20 14:27:32.414 DEBUG [http-nio-0.0.0.0-8081-exec-10] c.e.n.m.M.countStdWordList - <==      Total: 1
2025-12-20 14:27:32.415 DEBUG [http-nio-0.0.0.0-8081-exec-10] o.s.w.s.v.ContentNegotiatingViewResolver - Selected 'text/html' given [text/html, application/xhtml+xml, image/avif, image/webp, image/apng, application/xml;q=0.9, */*;q=0.8, application/signed-exchange;v=b3;q=0.7]
2025-12-20 14:27:32.419 DEBUG [http-nio-0.0.0.0-8081-exec-10] o.s.web.servlet.DispatcherServlet - Completed 200 OK
2025-12-20 14:27:32.438 DEBUG [http-nio-0.0.0.0-8081-exec-2] o.s.web.servlet.DispatcherServlet - GET "/css/common.css", parameters={}
2025-12-20 14:27:32.438 DEBUG [http-nio-0.0.0.0-8081-exec-2] o.s.w.s.h.SimpleUrlHandlerMapping - Mapped to ResourceHttpRequestHandler [classpath [META-INF/resources/], classpath [resources/], classpath [static/], classpath [public/], ServletContext [/]]
2025-12-20 14:27:32.439 DEBUG [http-nio-0.0.0.0-8081-exec-2] o.s.web.servlet.DispatcherServlet - Completed 200 OK
2025-12-20 14:27:32.441 DEBUG [http-nio-0.0.0.0-8081-exec-9] o.s.web.servlet.DispatcherServlet - GET "/css/std_word_list.css", parameters={}
2025-12-20 14:27:32.441 DEBUG [http-nio-0.0.0.0-8081-exec-4] o.s.web.servlet.DispatcherServlet - GET "/js/std_word_list.js", parameters={}
2025-12-20 14:27:32.441 DEBUG [http-nio-0.0.0.0-8081-exec-4] o.s.w.s.h.SimpleUrlHandlerMapping - Mapped to ResourceHttpRequestHandler [classpath [META-INF/resources/], classpath [resources/], classpath [static/], classpath [public/], ServletContext [/]]
2025-12-20 14:27:32.441 DEBUG [http-nio-0.0.0.0-8081-exec-9] o.s.w.s.h.SimpleUrlHandlerMapping - Mapped to ResourceHttpRequestHandler [classpath [META-INF/resources/], classpath [resources/], classpath [static/], classpath [public/], ServletContext [/]]
2025-12-20 14:27:32.442 DEBUG [http-nio-0.0.0.0-8081-exec-4] o.s.web.servlet.DispatcherServlet - Completed 200 OK
2025-12-20 14:27:32.442 DEBUG [http-nio-0.0.0.0-8081-exec-9] o.s.web.servlet.DispatcherServlet - Completed 200 OK
2025-12-20 14:27:32.717 DEBUG [http-nio-0.0.0.0-8081-exec-5] o.s.web.servlet.DispatcherServlet - GET "/std-word/list?size=10&stdWordName=%EC%9D%B4%EB%B3%84", parameters={masked}
2025-12-20 14:27:32.717 DEBUG [http-nio-0.0.0.0-8081-exec-5] o.s.w.s.m.m.a.RequestMappingHandlerMapping - Mapped to com.example.nproject.controller.MetaStdWordController#list(MetaStdWordDto, Model)
2025-12-20 14:27:32.718 DEBUG [http-nio-0.0.0.0-8081-exec-5] o.s.jdbc.datasource.DataSourceUtils - Fetching JDBC Connection from DataSource
2025-12-20 14:27:32.718 DEBUG [http-nio-0.0.0.0-8081-exec-5] c.e.n.m.M.selectStdWordList - ==>  Preparing: SELECT word_id as wordId, std_word_name as stdWordName, eng_abbr_name as engAbbrName, eng_full_name as engFullName, definition, domain_type as domainType, use_yn as useYn FROM meta_std_word WHERE std_word_name LIKE '%' || ? || '%' ORDER BY word_id LIMIT ? OFFSET ?
2025-12-20 14:27:32.718 DEBUG [http-nio-0.0.0.0-8081-exec-5] c.e.n.m.M.selectStdWordList - ==> Parameters: 이별(String), 10(Integer), 0(Integer)
2025-12-20 14:27:32.730 DEBUG [http-nio-0.0.0.0-8081-exec-5] c.e.n.m.M.selectStdWordList - <==      Total: 2
2025-12-20 14:27:32.730 DEBUG [http-nio-0.0.0.0-8081-exec-5] o.s.jdbc.datasource.DataSourceUtils - Fetching JDBC Connection from DataSource
2025-12-20 14:27:32.730 DEBUG [http-nio-0.0.0.0-8081-exec-5] c.e.n.m.M.countStdWordList - ==>  Preparing: SELECT COUNT(*) FROM meta_std_word WHERE std_word_name LIKE '%' || ? || '%'
2025-12-20 14:27:32.730 DEBUG [http-nio-0.0.0.0-8081-exec-5] c.e.n.m.M.countStdWordList - ==> Parameters: 이별(String)
2025-12-20 14:27:32.740 DEBUG [http-nio-0.0.0.0-8081-exec-5] c.e.n.m.M.countStdWordList - <==      Total: 1
2025-12-20 14:27:32.741 DEBUG [http-nio-0.0.0.0-8081-exec-5] o.s.w.s.v.ContentNegotiatingViewResolver - Selected 'text/html' given [text/html, application/xhtml+xml, image/avif, image/webp, image/apng, application/xml;q=0.9, */*;q=0.8, application/signed-exchange;v=b3;q=0.7]
2025-12-20 14:27:32.743 DEBUG [http-nio-0.0.0.0-8081-exec-5] o.s.web.servlet.DispatcherServlet - Completed 200 OK
2025-12-20 14:27:32.763 DEBUG [http-nio-0.0.0.0-8081-exec-1] o.s.web.servlet.DispatcherServlet - GET "/css/common.css", parameters={}
2025-12-20 14:27:32.763 DEBUG [http-nio-0.0.0.0-8081-exec-1] o.s.w.s.h.SimpleUrlHandlerMapping - Mapped to ResourceHttpRequestHandler [classpath [META-INF/resources/], classpath [resources/], classpath [static/], classpath [public/], ServletContext [/]]
2025-12-20 14:27:32.765 DEBUG [http-nio-0.0.0.0-8081-exec-1] o.s.web.servlet.DispatcherServlet - Completed 200 OK
2025-12-20 14:27:32.766 DEBUG [http-nio-0.0.0.0-8081-exec-7] o.s.web.servlet.DispatcherServlet - GET "/js/std_word_list.js", parameters={}
2025-12-20 14:27:32.766 DEBUG [http-nio-0.0.0.0-8081-exec-6] o.s.web.servlet.DispatcherServlet - GET "/css/std_word_list.css", parameters={}
2025-12-20 14:27:32.767 DEBUG [http-nio-0.0.0.0-8081-exec-6] o.s.w.s.h.SimpleUrlHandlerMapping - Mapped to ResourceHttpRequestHandler [classpath [META-INF/resources/], classpath [resources/], classpath [static/], classpath [public/], ServletContext [/]]
2025-12-20 14:27:32.767 DEBUG [http-nio-0.0.0.0-8081-exec-7] o.s.w.s.h.SimpleUrlHandlerMapping - Mapped to ResourceHttpRequestHandler [classpath [META-INF/resources/], classpath [resources/], classpath [static/], classpath [public/], ServletContext [/]]
2025-12-20 14:27:32.768 DEBUG [http-nio-0.0.0.0-8081-exec-7] o.s.web.servlet.DispatcherServlet - Completed 200 OK
2025-12-20 14:27:32.769 DEBUG [http-nio-0.0.0.0-8081-exec-6] o.s.web.servlet.DispatcherServlet - Completed 200 OK
2025-12-20 14:27:32.922 DEBUG [http-nio-0.0.0.0-8081-exec-3] o.s.web.servlet.DispatcherServlet - GET "/std-word/list?size=10&stdWordName=%EC%9D%B4%EB%B3%84", parameters={masked}
2025-12-20 14:27:32.923 DEBUG [http-nio-0.0.0.0-8081-exec-3] o.s.w.s.m.m.a.RequestMappingHandlerMapping - Mapped to com.example.nproject.controller.MetaStdWordController#list(MetaStdWordDto, Model)
2025-12-20 14:27:32.923 DEBUG [http-nio-0.0.0.0-8081-exec-3] o.s.jdbc.datasource.DataSourceUtils - Fetching JDBC Connection from DataSource
2025-12-20 14:27:32.923 DEBUG [http-nio-0.0.0.0-8081-exec-3] c.e.n.m.M.selectStdWordList - ==>  Preparing: SELECT word_id as wordId, std_word_name as stdWordName, eng_abbr_name as engAbbrName, eng_full_name as engFullName, definition, domain_type as domainType, use_yn as useYn FROM meta_std_word WHERE std_word_name LIKE '%' || ? || '%' ORDER BY word_id LIMIT ? OFFSET ?
2025-12-20 14:27:32.923 DEBUG [http-nio-0.0.0.0-8081-exec-3] c.e.n.m.M.selectStdWordList - ==> Parameters: 이별(String), 10(Integer), 0(Integer)
2025-12-20 14:27:32.933 DEBUG [http-nio-0.0.0.0-8081-exec-3] c.e.n.m.M.selectStdWordList - <==      Total: 2
2025-12-20 14:27:32.933 DEBUG [http-nio-0.0.0.0-8081-exec-3] o.s.jdbc.datasource.DataSourceUtils - Fetching JDBC Connection from DataSource
2025-12-20 14:27:32.933 DEBUG [http-nio-0.0.0.0-8081-exec-3] c.e.n.m.M.countStdWordList - ==>  Preparing: SELECT COUNT(*) FROM meta_std_word WHERE std_word_name LIKE '%' || ? || '%'
2025-12-20 14:27:32.933 DEBUG [http-nio-0.0.0.0-8081-exec-3] c.e.n.m.M.countStdWordList - ==> Parameters: 이별(String)
2025-12-20 14:27:32.943 DEBUG [http-nio-0.0.0.0-8081-exec-3] c.e.n.m.M.countStdWordList - <==      Total: 1
2025-12-20 14:27:32.943 DEBUG [http-nio-0.0.0.0-8081-exec-3] o.s.w.s.v.ContentNegotiatingViewResolver - Selected 'text/html' given [text/html, application/xhtml+xml, image/avif, image/webp, image/apng, application/xml;q=0.9, */*;q=0.8, application/signed-exchange;v=b3;q=0.7]
2025-12-20 14:27:32.947 DEBUG [http-nio-0.0.0.0-8081-exec-3] o.s.web.servlet.DispatcherServlet - Completed 200 OK
2025-12-20 14:27:32.965 DEBUG [http-nio-0.0.0.0-8081-exec-8] o.s.web.servlet.DispatcherServlet - GET "/css/common.css", parameters={}
2025-12-20 14:27:32.965 DEBUG [http-nio-0.0.0.0-8081-exec-8] o.s.w.s.h.SimpleUrlHandlerMapping - Mapped to ResourceHttpRequestHandler [classpath [META-INF/resources/], classpath [resources/], classpath [static/], classpath [public/], ServletContext [/]]
2025-12-20 14:27:32.965 DEBUG [http-nio-0.0.0.0-8081-exec-2] o.s.web.servlet.DispatcherServlet - GET "/js/std_word_list.js", parameters={}
2025-12-20 14:27:32.965 DEBUG [http-nio-0.0.0.0-8081-exec-10] o.s.web.servlet.DispatcherServlet - GET "/css/std_word_list.css", parameters={}
2025-12-20 14:27:32.965 DEBUG [http-nio-0.0.0.0-8081-exec-10] o.s.w.s.h.SimpleUrlHandlerMapping - Mapped to ResourceHttpRequestHandler [classpath [META-INF/resources/], classpath [resources/], classpath [static/], classpath [public/], ServletContext [/]]
2025-12-20 14:27:32.965 DEBUG [http-nio-0.0.0.0-8081-exec-2] o.s.w.s.h.SimpleUrlHandlerMapping - Mapped to ResourceHttpRequestHandler [classpath [META-INF/resources/], classpath [resources/], classpath [static/], classpath [public/], ServletContext [/]]
2025-12-20 14:27:32.967 DEBUG [http-nio-0.0.0.0-8081-exec-8] o.s.web.servlet.DispatcherServlet - Completed 200 OK
2025-12-20 14:27:32.968 DEBUG [http-nio-0.0.0.0-8081-exec-10] o.s.web.servlet.DispatcherServlet - Completed 200 OK
2025-12-20 14:27:32.968 DEBUG [http-nio-0.0.0.0-8081-exec-2] o.s.web.servlet.DispatcherServlet - Completed 200 OK
2025-12-20 14:27:33.127 DEBUG [http-nio-0.0.0.0-8081-exec-4] o.s.web.servlet.DispatcherServlet - GET "/std-word/list?size=10&stdWordName=%EC%9D%B4%EB%B3%84", parameters={masked}
2025-12-20 14:27:33.127 DEBUG [http-nio-0.0.0.0-8081-exec-4] o.s.w.s.m.m.a.RequestMappingHandlerMapping - Mapped to com.example.nproject.controller.MetaStdWordController#list(MetaStdWordDto, Model)
2025-12-20 14:27:33.128 DEBUG [http-nio-0.0.0.0-8081-exec-4] o.s.jdbc.datasource.DataSourceUtils - Fetching JDBC Connection from DataSource
2025-12-20 14:27:33.128 DEBUG [http-nio-0.0.0.0-8081-exec-4] c.e.n.m.M.selectStdWordList - ==>  Preparing: SELECT word_id as wordId, std_word_name as stdWordName, eng_abbr_name as engAbbrName, eng_full_name as engFullName, definition, domain_type as domainType, use_yn as useYn FROM meta_std_word WHERE std_word_name LIKE '%' || ? || '%' ORDER BY word_id LIMIT ? OFFSET ?
2025-12-20 14:27:33.128 DEBUG [http-nio-0.0.0.0-8081-exec-4] c.e.n.m.M.selectStdWordList - ==> Parameters: 이별(String), 10(Integer), 0(Integer)
2025-12-20 14:27:33.139 DEBUG [http-nio-0.0.0.0-8081-exec-4] c.e.n.m.M.selectStdWordList - <==      Total: 2
2025-12-20 14:27:33.139 DEBUG [http-nio-0.0.0.0-8081-exec-4] o.s.jdbc.datasource.DataSourceUtils - Fetching JDBC Connection from DataSource
2025-12-20 14:27:33.139 DEBUG [http-nio-0.0.0.0-8081-exec-4] c.e.n.m.M.countStdWordList - ==>  Preparing: SELECT COUNT(*) FROM meta_std_word WHERE std_word_name LIKE '%' || ? || '%'
2025-12-20 14:27:33.139 DEBUG [http-nio-0.0.0.0-8081-exec-4] c.e.n.m.M.countStdWordList - ==> Parameters: 이별(String)
2025-12-20 14:27:33.149 DEBUG [http-nio-0.0.0.0-8081-exec-4] c.e.n.m.M.countStdWordList - <==      Total: 1
2025-12-20 14:27:33.149 DEBUG [http-nio-0.0.0.0-8081-exec-4] o.s.w.s.v.ContentNegotiatingViewResolver - Selected 'text/html' given [text/html, application/xhtml+xml, image/avif, image/webp, image/apng, application/xml;q=0.9, */*;q=0.8, application/signed-exchange;v=b3;q=0.7]
2025-12-20 14:27:33.152 DEBUG [http-nio-0.0.0.0-8081-exec-4] o.s.web.servlet.DispatcherServlet - Completed 200 OK
2025-12-20 14:27:33.171 DEBUG [http-nio-0.0.0.0-8081-exec-9] o.s.web.servlet.DispatcherServlet - GET "/css/common.css", parameters={}
2025-12-20 14:27:33.171 DEBUG [http-nio-0.0.0.0-8081-exec-9] o.s.w.s.h.SimpleUrlHandlerMapping - Mapped to ResourceHttpRequestHandler [classpath [META-INF/resources/], classpath [resources/], classpath [static/], classpath [public/], ServletContext [/]]
2025-12-20 14:27:33.172 DEBUG [http-nio-0.0.0.0-8081-exec-9] o.s.web.servlet.DispatcherServlet - Completed 200 OK
2025-12-20 14:27:33.173 DEBUG [http-nio-0.0.0.0-8081-exec-5] o.s.web.servlet.DispatcherServlet - GET "/css/std_word_list.css", parameters={}
2025-12-20 14:27:33.178 DEBUG [http-nio-0.0.0.0-8081-exec-1] o.s.web.servlet.DispatcherServlet - GET "/js/std_word_list.js", parameters={}
2025-12-20 14:27:33.178 DEBUG [http-nio-0.0.0.0-8081-exec-5] o.s.w.s.h.SimpleUrlHandlerMapping - Mapped to ResourceHttpRequestHandler [classpath [META-INF/resources/], classpath [resources/], classpath [static/], classpath [public/], ServletContext [/]]
2025-12-20 14:27:33.179 DEBUG [http-nio-0.0.0.0-8081-exec-1] o.s.w.s.h.SimpleUrlHandlerMapping - Mapped to ResourceHttpRequestHandler [classpath [META-INF/resources/], classpath [resources/], classpath [static/], classpath [public/], ServletContext [/]]
2025-12-20 14:27:33.180 DEBUG [http-nio-0.0.0.0-8081-exec-1] o.s.web.servlet.DispatcherServlet - Completed 200 OK
2025-12-20 14:27:33.180 DEBUG [http-nio-0.0.0.0-8081-exec-5] o.s.web.servlet.DispatcherServlet - Completed 200 OK
2025-12-20 14:27:33.328 DEBUG [http-nio-0.0.0.0-8081-exec-7] o.s.web.servlet.DispatcherServlet - GET "/std-word/list?size=10&stdWordName=%EC%9D%B4%EB%B3%84", parameters={masked}
2025-12-20 14:27:33.328 DEBUG [http-nio-0.0.0.0-8081-exec-7] o.s.w.s.m.m.a.RequestMappingHandlerMapping - Mapped to com.example.nproject.controller.MetaStdWordController#list(MetaStdWordDto, Model)
2025-12-20 14:27:33.329 DEBUG [http-nio-0.0.0.0-8081-exec-7] o.s.jdbc.datasource.DataSourceUtils - Fetching JDBC Connection from DataSource
2025-12-20 14:27:33.329 DEBUG [http-nio-0.0.0.0-8081-exec-7] c.e.n.m.M.selectStdWordList - ==>  Preparing: SELECT word_id as wordId, std_word_name as stdWordName, eng_abbr_name as engAbbrName, eng_full_name as engFullName, definition, domain_type as domainType, use_yn as useYn FROM meta_std_word WHERE std_word_name LIKE '%' || ? || '%' ORDER BY word_id LIMIT ? OFFSET ?
2025-12-20 14:27:33.329 DEBUG [http-nio-0.0.0.0-8081-exec-7] c.e.n.m.M.selectStdWordList - ==> Parameters: 이별(String), 10(Integer), 0(Integer)
2025-12-20 14:27:33.340 DEBUG [http-nio-0.0.0.0-8081-exec-7] c.e.n.m.M.selectStdWordList - <==      Total: 2
2025-12-20 14:27:33.341 DEBUG [http-nio-0.0.0.0-8081-exec-7] o.s.jdbc.datasource.DataSourceUtils - Fetching JDBC Connection from DataSource
2025-12-20 14:27:33.341 DEBUG [http-nio-0.0.0.0-8081-exec-7] c.e.n.m.M.countStdWordList - ==>  Preparing: SELECT COUNT(*) FROM meta_std_word WHERE std_word_name LIKE '%' || ? || '%'
2025-12-20 14:27:33.341 DEBUG [http-nio-0.0.0.0-8081-exec-7] c.e.n.m.M.countStdWordList - ==> Parameters: 이별(String)
2025-12-20 14:27:33.353 DEBUG [http-nio-0.0.0.0-8081-exec-7] c.e.n.m.M.countStdWordList - <==      Total: 1
2025-12-20 14:27:33.354 DEBUG [http-nio-0.0.0.0-8081-exec-7] o.s.w.s.v.ContentNegotiatingViewResolver - Selected 'text/html' given [text/html, application/xhtml+xml, image/avif, image/webp, image/apng, application/xml;q=0.9, */*;q=0.8, application/signed-exchange;v=b3;q=0.7]
2025-12-20 14:27:33.357 DEBUG [http-nio-0.0.0.0-8081-exec-7] o.s.web.servlet.DispatcherServlet - Completed 200 OK
2025-12-20 14:27:33.375 DEBUG [http-nio-0.0.0.0-8081-exec-6] o.s.web.servlet.DispatcherServlet - GET "/css/common.css", parameters={}
2025-12-20 14:27:33.376 DEBUG [http-nio-0.0.0.0-8081-exec-6] o.s.w.s.h.SimpleUrlHandlerMapping - Mapped to ResourceHttpRequestHandler [classpath [META-INF/resources/], classpath [resources/], classpath [static/], classpath [public/], ServletContext [/]]
2025-12-20 14:27:33.377 DEBUG [http-nio-0.0.0.0-8081-exec-6] o.s.web.servlet.DispatcherServlet - Completed 200 OK
2025-12-20 14:27:33.377 DEBUG [http-nio-0.0.0.0-8081-exec-3] o.s.web.servlet.DispatcherServlet - GET "/css/std_word_list.css", parameters={}
2025-12-20 14:27:33.378 DEBUG [http-nio-0.0.0.0-8081-exec-3] o.s.w.s.h.SimpleUrlHandlerMapping - Mapped to ResourceHttpRequestHandler [classpath [META-INF/resources/], classpath [resources/], classpath [static/], classpath [public/], ServletContext [/]]
2025-12-20 14:27:33.378 DEBUG [http-nio-0.0.0.0-8081-exec-8] o.s.web.servlet.DispatcherServlet - GET "/js/std_word_list.js", parameters={}
2025-12-20 14:27:33.378 DEBUG [http-nio-0.0.0.0-8081-exec-8] o.s.w.s.h.SimpleUrlHandlerMapping - Mapped to ResourceHttpRequestHandler [classpath [META-INF/resources/], classpath [resources/], classpath [static/], classpath [public/], ServletContext [/]]
2025-12-20 14:27:33.380 DEBUG [http-nio-0.0.0.0-8081-exec-8] o.s.web.servlet.DispatcherServlet - Completed 200 OK
2025-12-20 14:27:33.380 DEBUG [http-nio-0.0.0.0-8081-exec-3] o.s.web.servlet.DispatcherServlet - Completed 200 OK
2025-12-20 14:27:33.537 DEBUG [http-nio-0.0.0.0-8081-exec-10] o.s.web.servlet.DispatcherServlet - GET "/std-word/list?size=10&stdWordName=%EC%9D%B4%EB%B3%84", parameters={masked}
2025-12-20 14:27:33.537 DEBUG [http-nio-0.0.0.0-8081-exec-10] o.s.w.s.m.m.a.RequestMappingHandlerMapping - Mapped to com.example.nproject.controller.MetaStdWordController#list(MetaStdWordDto, Model)
2025-12-20 14:27:33.537 DEBUG [http-nio-0.0.0.0-8081-exec-10] o.s.jdbc.datasource.DataSourceUtils - Fetching JDBC Connection from DataSource
2025-12-20 14:27:33.537 DEBUG [http-nio-0.0.0.0-8081-exec-10] c.e.n.m.M.selectStdWordList - ==>  Preparing: SELECT word_id as wordId, std_word_name as stdWordName, eng_abbr_name as engAbbrName, eng_full_name as engFullName, definition, domain_type as domainType, use_yn as useYn FROM meta_std_word WHERE std_word_name LIKE '%' || ? || '%' ORDER BY word_id LIMIT ? OFFSET ?
2025-12-20 14:27:33.537 DEBUG [http-nio-0.0.0.0-8081-exec-10] c.e.n.m.M.selectStdWordList - ==> Parameters: 이별(String), 10(Integer), 0(Integer)
2025-12-20 14:27:33.552 DEBUG [http-nio-0.0.0.0-8081-exec-10] c.e.n.m.M.selectStdWordList - <==      Total: 2
2025-12-20 14:27:33.552 DEBUG [http-nio-0.0.0.0-8081-exec-10] o.s.jdbc.datasource.DataSourceUtils - Fetching JDBC Connection from DataSource
2025-12-20 14:27:33.552 DEBUG [http-nio-0.0.0.0-8081-exec-10] c.e.n.m.M.countStdWordList - ==>  Preparing: SELECT COUNT(*) FROM meta_std_word WHERE std_word_name LIKE '%' || ? || '%'
2025-12-20 14:27:33.552 DEBUG [http-nio-0.0.0.0-8081-exec-10] c.e.n.m.M.countStdWordList - ==> Parameters: 이별(String)
2025-12-20 14:27:33.562 DEBUG [http-nio-0.0.0.0-8081-exec-10] c.e.n.m.M.countStdWordList - <==      Total: 1
2025-12-20 14:27:33.562 DEBUG [http-nio-0.0.0.0-8081-exec-10] o.s.w.s.v.ContentNegotiatingViewResolver - Selected 'text/html' given [text/html, application/xhtml+xml, image/avif, image/webp, image/apng, application/xml;q=0.9, */*;q=0.8, application/signed-exchange;v=b3;q=0.7]
2025-12-20 14:27:33.565 DEBUG [http-nio-0.0.0.0-8081-exec-10] o.s.web.servlet.DispatcherServlet - Completed 200 OK
2025-12-20 14:27:33.587 DEBUG [http-nio-0.0.0.0-8081-exec-2] o.s.web.servlet.DispatcherServlet - GET "/css/common.css", parameters={}
2025-12-20 14:27:33.587 DEBUG [http-nio-0.0.0.0-8081-exec-2] o.s.w.s.h.SimpleUrlHandlerMapping - Mapped to ResourceHttpRequestHandler [classpath [META-INF/resources/], classpath [resources/], classpath [static/], classpath [public/], ServletContext [/]]
2025-12-20 14:27:33.588 DEBUG [http-nio-0.0.0.0-8081-exec-9] o.s.web.servlet.DispatcherServlet - GET "/js/std_word_list.js", parameters={}
2025-12-20 14:27:33.588 DEBUG [http-nio-0.0.0.0-8081-exec-4] o.s.web.servlet.DispatcherServlet - GET "/css/std_word_list.css", parameters={}
2025-12-20 14:27:33.588 DEBUG [http-nio-0.0.0.0-8081-exec-4] o.s.w.s.h.SimpleUrlHandlerMapping - Mapped to ResourceHttpRequestHandler [classpath [META-INF/resources/], classpath [resources/], classpath [static/], classpath [public/], ServletContext [/]]
2025-12-20 14:27:33.588 DEBUG [http-nio-0.0.0.0-8081-exec-9] o.s.w.s.h.SimpleUrlHandlerMapping - Mapped to ResourceHttpRequestHandler [classpath [META-INF/resources/], classpath [resources/], classpath [static/], classpath [public/], ServletContext [/]]
2025-12-20 14:27:33.589 DEBUG [http-nio-0.0.0.0-8081-exec-2] o.s.web.servlet.DispatcherServlet - Completed 200 OK
2025-12-20 14:27:33.589 DEBUG [http-nio-0.0.0.0-8081-exec-4] o.s.web.servlet.DispatcherServlet - Completed 200 OK
2025-12-20 14:27:33.589 DEBUG [http-nio-0.0.0.0-8081-exec-9] o.s.web.servlet.DispatcherServlet - Completed 200 OK
2025-12-20 14:27:33.757 DEBUG [http-nio-0.0.0.0-8081-exec-1] o.s.web.servlet.DispatcherServlet - GET "/std-word/list?size=10&stdWordName=%EC%9D%B4%EB%B3%84", parameters={masked}
2025-12-20 14:27:33.757 DEBUG [http-nio-0.0.0.0-8081-exec-1] o.s.w.s.m.m.a.RequestMappingHandlerMapping - Mapped to com.example.nproject.controller.MetaStdWordController#list(MetaStdWordDto, Model)
2025-12-20 14:27:33.758 DEBUG [http-nio-0.0.0.0-8081-exec-1] o.s.jdbc.datasource.DataSourceUtils - Fetching JDBC Connection from DataSource
2025-12-20 14:27:33.758 DEBUG [http-nio-0.0.0.0-8081-exec-1] c.e.n.m.M.selectStdWordList - ==>  Preparing: SELECT word_id as wordId, std_word_name as stdWordName, eng_abbr_name as engAbbrName, eng_full_name as engFullName, definition, domain_type as domainType, use_yn as useYn FROM meta_std_word WHERE std_word_name LIKE '%' || ? || '%' ORDER BY word_id LIMIT ? OFFSET ?
2025-12-20 14:27:33.758 DEBUG [http-nio-0.0.0.0-8081-exec-1] c.e.n.m.M.selectStdWordList - ==> Parameters: 이별(String), 10(Integer), 0(Integer)
2025-12-20 14:27:33.768 DEBUG [http-nio-0.0.0.0-8081-exec-1] c.e.n.m.M.selectStdWordList - <==      Total: 2
2025-12-20 14:27:33.768 DEBUG [http-nio-0.0.0.0-8081-exec-1] o.s.jdbc.datasource.DataSourceUtils - Fetching JDBC Connection from DataSource
2025-12-20 14:27:33.768 DEBUG [http-nio-0.0.0.0-8081-exec-1] c.e.n.m.M.countStdWordList - ==>  Preparing: SELECT COUNT(*) FROM meta_std_word WHERE std_word_name LIKE '%' || ? || '%'
2025-12-20 14:27:33.769 DEBUG [http-nio-0.0.0.0-8081-exec-1] c.e.n.m.M.countStdWordList - ==> Parameters: 이별(String)
2025-12-20 14:27:33.779 DEBUG [http-nio-0.0.0.0-8081-exec-1] c.e.n.m.M.countStdWordList - <==      Total: 1
2025-12-20 14:27:33.779 DEBUG [http-nio-0.0.0.0-8081-exec-1] o.s.w.s.v.ContentNegotiatingViewResolver - Selected 'text/html' given [text/html, application/xhtml+xml, image/avif, image/webp, image/apng, application/xml;q=0.9, */*;q=0.8, application/signed-exchange;v=b3;q=0.7]
2025-12-20 14:27:33.782 DEBUG [http-nio-0.0.0.0-8081-exec-1] o.s.web.servlet.DispatcherServlet - Completed 200 OK
2025-12-20 14:27:33.800 DEBUG [http-nio-0.0.0.0-8081-exec-5] o.s.web.servlet.DispatcherServlet - GET "/css/common.css", parameters={}
2025-12-20 14:27:33.801 DEBUG [http-nio-0.0.0.0-8081-exec-5] o.s.w.s.h.SimpleUrlHandlerMapping - Mapped to ResourceHttpRequestHandler [classpath [META-INF/resources/], classpath [resources/], classpath [static/], classpath [public/], ServletContext [/]]
2025-12-20 14:27:33.802 DEBUG [http-nio-0.0.0.0-8081-exec-7] o.s.web.servlet.DispatcherServlet - GET "/css/std_word_list.css", parameters={}
2025-12-20 14:27:33.802 DEBUG [http-nio-0.0.0.0-8081-exec-6] o.s.web.servlet.DispatcherServlet - GET "/js/std_word_list.js", parameters={}
2025-12-20 14:27:33.802 DEBUG [http-nio-0.0.0.0-8081-exec-7] o.s.w.s.h.SimpleUrlHandlerMapping - Mapped to ResourceHttpRequestHandler [classpath [META-INF/resources/], classpath [resources/], classpath [static/], classpath [public/], ServletContext [/]]
2025-12-20 14:27:33.802 DEBUG [http-nio-0.0.0.0-8081-exec-6] o.s.w.s.h.SimpleUrlHandlerMapping - Mapped to ResourceHttpRequestHandler [classpath [META-INF/resources/], classpath [resources/], classpath [static/], classpath [public/], ServletContext [/]]
2025-12-20 14:27:33.802 DEBUG [http-nio-0.0.0.0-8081-exec-5] o.s.web.servlet.DispatcherServlet - Completed 200 OK
2025-12-20 14:27:33.803 DEBUG [http-nio-0.0.0.0-8081-exec-7] o.s.web.servlet.DispatcherServlet - Completed 200 OK
2025-12-20 14:27:33.804 DEBUG [http-nio-0.0.0.0-8081-exec-6] o.s.web.servlet.DispatcherServlet - Completed 200 OK
2025-12-20 14:27:33.958 DEBUG [http-nio-0.0.0.0-8081-exec-3] o.s.web.servlet.DispatcherServlet - GET "/std-word/list?size=10&stdWordName=%EC%9D%B4%EB%B3%84", parameters={masked}
2025-12-20 14:27:33.958 DEBUG [http-nio-0.0.0.0-8081-exec-3] o.s.w.s.m.m.a.RequestMappingHandlerMapping - Mapped to com.example.nproject.controller.MetaStdWordController#list(MetaStdWordDto, Model)
2025-12-20 14:27:33.959 DEBUG [http-nio-0.0.0.0-8081-exec-3] o.s.jdbc.datasource.DataSourceUtils - Fetching JDBC Connection from DataSource
2025-12-20 14:27:33.959 DEBUG [http-nio-0.0.0.0-8081-exec-3] c.e.n.m.M.selectStdWordList - ==>  Preparing: SELECT word_id as wordId, std_word_name as stdWordName, eng_abbr_name as engAbbrName, eng_full_name as engFullName, definition, domain_type as domainType, use_yn as useYn FROM meta_std_word WHERE std_word_name LIKE '%' || ? || '%' ORDER BY word_id LIMIT ? OFFSET ?
2025-12-20 14:27:33.959 DEBUG [http-nio-0.0.0.0-8081-exec-3] c.e.n.m.M.selectStdWordList - ==> Parameters: 이별(String), 10(Integer), 0(Integer)
2025-12-20 14:27:33.969 DEBUG [http-nio-0.0.0.0-8081-exec-3] c.e.n.m.M.selectStdWordList - <==      Total: 2
2025-12-20 14:27:33.970 DEBUG [http-nio-0.0.0.0-8081-exec-3] o.s.jdbc.datasource.DataSourceUtils - Fetching JDBC Connection from DataSource
2025-12-20 14:27:33.970 DEBUG [http-nio-0.0.0.0-8081-exec-3] c.e.n.m.M.countStdWordList - ==>  Preparing: SELECT COUNT(*) FROM meta_std_word WHERE std_word_name LIKE '%' || ? || '%'
2025-12-20 14:27:33.970 DEBUG [http-nio-0.0.0.0-8081-exec-3] c.e.n.m.M.countStdWordList - ==> Parameters: 이별(String)
2025-12-20 14:27:33.980 DEBUG [http-nio-0.0.0.0-8081-exec-3] c.e.n.m.M.countStdWordList - <==      Total: 1
2025-12-20 14:27:33.981 DEBUG [http-nio-0.0.0.0-8081-exec-3] o.s.w.s.v.ContentNegotiatingViewResolver - Selected 'text/html' given [text/html, application/xhtml+xml, image/avif, image/webp, image/apng, application/xml;q=0.9, */*;q=0.8, application/signed-exchange;v=b3;q=0.7]
2025-12-20 14:27:33.983 DEBUG [http-nio-0.0.0.0-8081-exec-3] o.s.web.servlet.DispatcherServlet - Completed 200 OK
2025-12-20 14:27:34.003 DEBUG [http-nio-0.0.0.0-8081-exec-8] o.s.web.servlet.DispatcherServlet - GET "/css/common.css", parameters={}
2025-12-20 14:27:34.003 DEBUG [http-nio-0.0.0.0-8081-exec-8] o.s.w.s.h.SimpleUrlHandlerMapping - Mapped to ResourceHttpRequestHandler [classpath [META-INF/resources/], classpath [resources/], classpath [static/], classpath [public/], ServletContext [/]]
2025-12-20 14:27:34.004 DEBUG [http-nio-0.0.0.0-8081-exec-10] o.s.web.servlet.DispatcherServlet - GET "/css/std_word_list.css", parameters={}
2025-12-20 14:27:34.004 DEBUG [http-nio-0.0.0.0-8081-exec-4] o.s.web.servlet.DispatcherServlet - GET "/js/std_word_list.js", parameters={}
2025-12-20 14:27:34.004 DEBUG [http-nio-0.0.0.0-8081-exec-4] o.s.w.s.h.SimpleUrlHandlerMapping - Mapped to ResourceHttpRequestHandler [classpath [META-INF/resources/], classpath [resources/], classpath [static/], classpath [public/], ServletContext [/]]
2025-12-20 14:27:34.004 DEBUG [http-nio-0.0.0.0-8081-exec-10] o.s.w.s.h.SimpleUrlHandlerMapping - Mapped to ResourceHttpRequestHandler [classpath [META-INF/resources/], classpath [resources/], classpath [static/], classpath [public/], ServletContext [/]]
2025-12-20 14:27:34.005 DEBUG [http-nio-0.0.0.0-8081-exec-8] o.s.web.servlet.DispatcherServlet - Completed 200 OK
2025-12-20 14:27:34.007 DEBUG [http-nio-0.0.0.0-8081-exec-10] o.s.web.servlet.DispatcherServlet - Completed 200 OK
2025-12-20 14:27:34.007 DEBUG [http-nio-0.0.0.0-8081-exec-4] o.s.web.servlet.DispatcherServlet - Completed 200 OK
2025-12-20 14:27:34.182 DEBUG [http-nio-0.0.0.0-8081-exec-2] o.s.web.servlet.DispatcherServlet - GET "/std-word/list?size=10&stdWordName=%EC%9D%B4%EB%B3%84", parameters={masked}
2025-12-20 14:27:34.182 DEBUG [http-nio-0.0.0.0-8081-exec-2] o.s.w.s.m.m.a.RequestMappingHandlerMapping - Mapped to com.example.nproject.controller.MetaStdWordController#list(MetaStdWordDto, Model)
2025-12-20 14:27:34.182 DEBUG [http-nio-0.0.0.0-8081-exec-2] o.s.jdbc.datasource.DataSourceUtils - Fetching JDBC Connection from DataSource
2025-12-20 14:27:34.183 DEBUG [http-nio-0.0.0.0-8081-exec-2] c.e.n.m.M.selectStdWordList - ==>  Preparing: SELECT word_id as wordId, std_word_name as stdWordName, eng_abbr_name as engAbbrName, eng_full_name as engFullName, definition, domain_type as domainType, use_yn as useYn FROM meta_std_word WHERE std_word_name LIKE '%' || ? || '%' ORDER BY word_id LIMIT ? OFFSET ?
2025-12-20 14:27:34.183 DEBUG [http-nio-0.0.0.0-8081-exec-2] c.e.n.m.M.selectStdWordList - ==> Parameters: 이별(String), 10(Integer), 0(Integer)
2025-12-20 14:27:34.192 DEBUG [http-nio-0.0.0.0-8081-exec-2] c.e.n.m.M.selectStdWordList - <==      Total: 2
2025-12-20 14:27:34.192 DEBUG [http-nio-0.0.0.0-8081-exec-2] o.s.jdbc.datasource.DataSourceUtils - Fetching JDBC Connection from DataSource
2025-12-20 14:27:34.192 DEBUG [http-nio-0.0.0.0-8081-exec-2] c.e.n.m.M.countStdWordList - ==>  Preparing: SELECT COUNT(*) FROM meta_std_word WHERE std_word_name LIKE '%' || ? || '%'
2025-12-20 14:27:34.192 DEBUG [http-nio-0.0.0.0-8081-exec-2] c.e.n.m.M.countStdWordList - ==> Parameters: 이별(String)
2025-12-20 14:27:34.202 DEBUG [http-nio-0.0.0.0-8081-exec-2] c.e.n.m.M.countStdWordList - <==      Total: 1
2025-12-20 14:27:34.203 DEBUG [http-nio-0.0.0.0-8081-exec-2] o.s.w.s.v.ContentNegotiatingViewResolver - Selected 'text/html' given [text/html, application/xhtml+xml, image/avif, image/webp, image/apng, application/xml;q=0.9, */*;q=0.8, application/signed-exchange;v=b3;q=0.7]
2025-12-20 14:27:34.204 DEBUG [http-nio-0.0.0.0-8081-exec-2] o.s.web.servlet.DispatcherServlet - Completed 200 OK
2025-12-20 14:27:34.225 DEBUG [http-nio-0.0.0.0-8081-exec-9] o.s.web.servlet.DispatcherServlet - GET "/css/common.css", parameters={}
2025-12-20 14:27:34.225 DEBUG [http-nio-0.0.0.0-8081-exec-9] o.s.w.s.h.SimpleUrlHandlerMapping - Mapped to ResourceHttpRequestHandler [classpath [META-INF/resources/], classpath [resources/], classpath [static/], classpath [public/], ServletContext [/]]
2025-12-20 14:27:34.227 DEBUG [http-nio-0.0.0.0-8081-exec-9] o.s.web.servlet.DispatcherServlet - Completed 200 OK
2025-12-20 14:27:34.227 DEBUG [http-nio-0.0.0.0-8081-exec-1] o.s.web.servlet.DispatcherServlet - GET "/css/std_word_list.css", parameters={}
2025-12-20 14:27:34.227 DEBUG [http-nio-0.0.0.0-8081-exec-5] o.s.web.servlet.DispatcherServlet - GET "/js/std_word_list.js", parameters={}
2025-12-20 14:27:34.227 DEBUG [http-nio-0.0.0.0-8081-exec-5] o.s.w.s.h.SimpleUrlHandlerMapping - Mapped to ResourceHttpRequestHandler [classpath [META-INF/resources/], classpath [resources/], classpath [static/], classpath [public/], ServletContext [/]]
2025-12-20 14:27:34.227 DEBUG [http-nio-0.0.0.0-8081-exec-1] o.s.w.s.h.SimpleUrlHandlerMapping - Mapped to ResourceHttpRequestHandler [classpath [META-INF/resources/], classpath [resources/], classpath [static/], classpath [public/], ServletContext [/]]
2025-12-20 14:27:34.229 DEBUG [http-nio-0.0.0.0-8081-exec-5] o.s.web.servlet.DispatcherServlet - Completed 200 OK
2025-12-20 14:27:34.229 DEBUG [http-nio-0.0.0.0-8081-exec-1] o.s.web.servlet.DispatcherServlet - Completed 200 OK
2025-12-20 14:27:34.381 DEBUG [http-nio-0.0.0.0-8081-exec-7] o.s.web.servlet.DispatcherServlet - GET "/std-word/list?size=10&stdWordName=%EC%9D%B4%EB%B3%84", parameters={masked}
2025-12-20 14:27:34.381 DEBUG [http-nio-0.0.0.0-8081-exec-7] o.s.w.s.m.m.a.RequestMappingHandlerMapping - Mapped to com.example.nproject.controller.MetaStdWordController#list(MetaStdWordDto, Model)
2025-12-20 14:27:34.381 DEBUG [http-nio-0.0.0.0-8081-exec-7] o.s.jdbc.datasource.DataSourceUtils - Fetching JDBC Connection from DataSource
2025-12-20 14:27:34.382 DEBUG [http-nio-0.0.0.0-8081-exec-7] c.e.n.m.M.selectStdWordList - ==>  Preparing: SELECT word_id as wordId, std_word_name as stdWordName, eng_abbr_name as engAbbrName, eng_full_name as engFullName, definition, domain_type as domainType, use_yn as useYn FROM meta_std_word WHERE std_word_name LIKE '%' || ? || '%' ORDER BY word_id LIMIT ? OFFSET ?
2025-12-20 14:27:34.382 DEBUG [http-nio-0.0.0.0-8081-exec-7] c.e.n.m.M.selectStdWordList - ==> Parameters: 이별(String), 10(Integer), 0(Integer)
2025-12-20 14:27:34.397 DEBUG [http-nio-0.0.0.0-8081-exec-7] c.e.n.m.M.selectStdWordList - <==      Total: 2
2025-12-20 14:27:34.397 DEBUG [http-nio-0.0.0.0-8081-exec-7] o.s.jdbc.datasource.DataSourceUtils - Fetching JDBC Connection from DataSource
2025-12-20 14:27:34.397 DEBUG [http-nio-0.0.0.0-8081-exec-7] c.e.n.m.M.countStdWordList - ==>  Preparing: SELECT COUNT(*) FROM meta_std_word WHERE std_word_name LIKE '%' || ? || '%'
2025-12-20 14:27:34.397 DEBUG [http-nio-0.0.0.0-8081-exec-7] c.e.n.m.M.countStdWordList - ==> Parameters: 이별(String)
2025-12-20 14:27:34.407 DEBUG [http-nio-0.0.0.0-8081-exec-7] c.e.n.m.M.countStdWordList - <==      Total: 1
2025-12-20 14:27:34.407 DEBUG [http-nio-0.0.0.0-8081-exec-7] o.s.w.s.v.ContentNegotiatingViewResolver - Selected 'text/html' given [text/html, application/xhtml+xml, image/avif, image/webp, image/apng, application/xml;q=0.9, */*;q=0.8, application/signed-exchange;v=b3;q=0.7]
2025-12-20 14:27:34.410 DEBUG [http-nio-0.0.0.0-8081-exec-7] o.s.web.servlet.DispatcherServlet - Completed 200 OK
2025-12-20 14:27:34.430 DEBUG [http-nio-0.0.0.0-8081-exec-6] o.s.web.servlet.DispatcherServlet - GET "/css/common.css", parameters={}
2025-12-20 14:27:34.430 DEBUG [http-nio-0.0.0.0-8081-exec-6] o.s.w.s.h.SimpleUrlHandlerMapping - Mapped to ResourceHttpRequestHandler [classpath [META-INF/resources/], classpath [resources/], classpath [static/], classpath [public/], ServletContext [/]]
2025-12-20 14:27:34.431 DEBUG [http-nio-0.0.0.0-8081-exec-6] o.s.web.servlet.DispatcherServlet - Completed 200 OK
2025-12-20 14:27:34.433 DEBUG [http-nio-0.0.0.0-8081-exec-6] o.s.web.servlet.DispatcherServlet - GET "/css/std_word_list.css", parameters={}
2025-12-20 14:27:34.433 DEBUG [http-nio-0.0.0.0-8081-exec-6] o.s.w.s.h.SimpleUrlHandlerMapping - Mapped to ResourceHttpRequestHandler [classpath [META-INF/resources/], classpath [resources/], classpath [static/], classpath [public/], ServletContext [/]]
2025-12-20 14:27:34.433 DEBUG [http-nio-0.0.0.0-8081-exec-8] o.s.web.servlet.DispatcherServlet - GET "/js/std_word_list.js", parameters={}
2025-12-20 14:27:34.433 DEBUG [http-nio-0.0.0.0-8081-exec-8] o.s.w.s.h.SimpleUrlHandlerMapping - Mapped to ResourceHttpRequestHandler [classpath [META-INF/resources/], classpath [resources/], classpath [static/], classpath [public/], ServletContext [/]]
2025-12-20 14:27:34.435 DEBUG [http-nio-0.0.0.0-8081-exec-8] o.s.web.servlet.DispatcherServlet - Completed 200 OK
2025-12-20 14:27:34.435 DEBUG [http-nio-0.0.0.0-8081-exec-6] o.s.web.servlet.DispatcherServlet - Completed 200 OK
2025-12-20 14:27:36.873 DEBUG [http-nio-0.0.0.0-8081-exec-4] o.s.web.servlet.DispatcherServlet - GET "/std-word/list?size=10&stdWordName=", parameters={masked}
2025-12-20 14:27:36.873 DEBUG [http-nio-0.0.0.0-8081-exec-4] o.s.w.s.m.m.a.RequestMappingHandlerMapping - Mapped to com.example.nproject.controller.MetaStdWordController#list(MetaStdWordDto, Model)
2025-12-20 14:27:36.874 DEBUG [http-nio-0.0.0.0-8081-exec-4] o.s.jdbc.datasource.DataSourceUtils - Fetching JDBC Connection from DataSource
2025-12-20 14:27:36.883 DEBUG [http-nio-0.0.0.0-8081-exec-4] c.e.n.m.M.selectStdWordList - ==>  Preparing: SELECT word_id as wordId, std_word_name as stdWordName, eng_abbr_name as engAbbrName, eng_full_name as engFullName, definition, domain_type as domainType, use_yn as useYn FROM meta_std_word ORDER BY word_id LIMIT ? OFFSET ?
2025-12-20 14:27:36.883 DEBUG [http-nio-0.0.0.0-8081-exec-4] c.e.n.m.M.selectStdWordList - ==> Parameters: 10(Integer), 0(Integer)
2025-12-20 14:27:36.893 DEBUG [http-nio-0.0.0.0-8081-exec-4] c.e.n.m.M.selectStdWordList - <==      Total: 10
2025-12-20 14:27:36.893 DEBUG [http-nio-0.0.0.0-8081-exec-4] o.s.jdbc.datasource.DataSourceUtils - Fetching JDBC Connection from DataSource
2025-12-20 14:27:36.893 DEBUG [http-nio-0.0.0.0-8081-exec-4] c.e.n.m.M.countStdWordList - ==>  Preparing: SELECT COUNT(*) FROM meta_std_word
2025-12-20 14:27:36.893 DEBUG [http-nio-0.0.0.0-8081-exec-4] c.e.n.m.M.countStdWordList - ==> Parameters: 
2025-12-20 14:27:36.902 DEBUG [http-nio-0.0.0.0-8081-exec-4] c.e.n.m.M.countStdWordList - <==      Total: 1
2025-12-20 14:27:36.903 DEBUG [http-nio-0.0.0.0-8081-exec-4] o.s.w.s.v.ContentNegotiatingViewResolver - Selected 'text/html' given [text/html, application/xhtml+xml, image/avif, image/webp, image/apng, application/xml;q=0.9, */*;q=0.8, application/signed-exchange;v=b3;q=0.7]
2025-12-20 14:27:36.908 DEBUG [http-nio-0.0.0.0-8081-exec-4] o.s.web.servlet.DispatcherServlet - Completed 200 OK
2025-12-20 14:27:36.925 DEBUG [http-nio-0.0.0.0-8081-exec-10] o.s.web.servlet.DispatcherServlet - GET "/css/common.css", parameters={}
2025-12-20 14:27:36.925 DEBUG [http-nio-0.0.0.0-8081-exec-10] o.s.w.s.h.SimpleUrlHandlerMapping - Mapped to ResourceHttpRequestHandler [classpath [META-INF/resources/], classpath [resources/], classpath [static/], classpath [public/], ServletContext [/]]
2025-12-20 14:27:36.926 DEBUG [http-nio-0.0.0.0-8081-exec-10] o.s.web.servlet.DispatcherServlet - Completed 200 OK
2025-12-20 14:27:36.929 DEBUG [http-nio-0.0.0.0-8081-exec-9] o.s.web.servlet.DispatcherServlet - GET "/js/std_word_list.js", parameters={}
2025-12-20 14:27:36.929 DEBUG [http-nio-0.0.0.0-8081-exec-2] o.s.web.servlet.DispatcherServlet - GET "/css/std_word_list.css", parameters={}
2025-12-20 14:27:36.929 DEBUG [http-nio-0.0.0.0-8081-exec-9] o.s.w.s.h.SimpleUrlHandlerMapping - Mapped to ResourceHttpRequestHandler [classpath [META-INF/resources/], classpath [resources/], classpath [static/], classpath [public/], ServletContext [/]]
2025-12-20 14:27:36.929 DEBUG [http-nio-0.0.0.0-8081-exec-2] o.s.w.s.h.SimpleUrlHandlerMapping - Mapped to ResourceHttpRequestHandler [classpath [META-INF/resources/], classpath [resources/], classpath [static/], classpath [public/], ServletContext [/]]
2025-12-20 14:27:36.931 DEBUG [http-nio-0.0.0.0-8081-exec-2] o.s.web.servlet.DispatcherServlet - Completed 200 OK
2025-12-20 14:27:36.931 DEBUG [http-nio-0.0.0.0-8081-exec-9] o.s.web.servlet.DispatcherServlet - Completed 200 OK
2025-12-20 14:27:38.062 DEBUG [http-nio-0.0.0.0-8081-exec-5] o.s.web.servlet.DispatcherServlet - GET "/std-word/update?wordId=8", parameters={masked}
2025-12-20 14:27:38.062 DEBUG [http-nio-0.0.0.0-8081-exec-5] o.s.w.s.m.m.a.RequestMappingHandlerMapping - Mapped to com.example.nproject.controller.MetaStdWordController#updateForm(Long, Model)
2025-12-20 14:27:38.064 DEBUG [http-nio-0.0.0.0-8081-exec-5] o.s.jdbc.datasource.DataSourceUtils - Fetching JDBC Connection from DataSource
2025-12-20 14:27:38.073 DEBUG [http-nio-0.0.0.0-8081-exec-5] c.e.n.m.M.selectStdWord - ==>  Preparing: SELECT word_id as wordId, std_word_name as stdWordName, eng_abbr_name as engAbbrName, eng_full_name as engFullName, definition, domain_type as domainType, use_yn as useYn FROM meta_std_word WHERE word_id = ?
2025-12-20 14:27:38.073 DEBUG [http-nio-0.0.0.0-8081-exec-5] c.e.n.m.M.selectStdWord - ==> Parameters: 8(Long)
2025-12-20 14:27:38.082 DEBUG [http-nio-0.0.0.0-8081-exec-5] c.e.n.m.M.selectStdWord - <==      Total: 1
2025-12-20 14:27:38.084 DEBUG [http-nio-0.0.0.0-8081-exec-5] o.s.w.s.v.ContentNegotiatingViewResolver - Selected 'text/html' given [text/html, application/xhtml+xml, image/avif, image/webp, image/apng, application/xml;q=0.9, */*;q=0.8, application/signed-exchange;v=b3;q=0.7]
2025-12-20 14:27:38.086 DEBUG [http-nio-0.0.0.0-8081-exec-5] o.s.web.servlet.DispatcherServlet - Completed 200 OK
2025-12-20 14:27:38.092 DEBUG [http-nio-0.0.0.0-8081-exec-1] o.s.web.servlet.DispatcherServlet - GET "/css/common.css", parameters={}
2025-12-20 14:27:38.092 DEBUG [http-nio-0.0.0.0-8081-exec-7] o.s.web.servlet.DispatcherServlet - GET "/css/std_word_insert.css", parameters={}
2025-12-20 14:27:38.092 DEBUG [http-nio-0.0.0.0-8081-exec-3] o.s.web.servlet.DispatcherServlet - GET "/js/std_update.js", parameters={}
2025-12-20 14:27:38.092 DEBUG [http-nio-0.0.0.0-8081-exec-7] o.s.w.s.h.SimpleUrlHandlerMapping - Mapped to ResourceHttpRequestHandler [classpath [META-INF/resources/], classpath [resources/], classpath [static/], classpath [public/], ServletContext [/]]
2025-12-20 14:27:38.092 DEBUG [http-nio-0.0.0.0-8081-exec-1] o.s.w.s.h.SimpleUrlHandlerMapping - Mapped to ResourceHttpRequestHandler [classpath [META-INF/resources/], classpath [resources/], classpath [static/], classpath [public/], ServletContext [/]]
2025-12-20 14:27:38.092 DEBUG [http-nio-0.0.0.0-8081-exec-3] o.s.w.s.h.SimpleUrlHandlerMapping - Mapped to ResourceHttpRequestHandler [classpath [META-INF/resources/], classpath [resources/], classpath [static/], classpath [public/], ServletContext [/]]
2025-12-20 14:27:38.093 DEBUG [http-nio-0.0.0.0-8081-exec-1] o.s.web.servlet.DispatcherServlet - Completed 200 OK
2025-12-20 14:27:38.093 DEBUG [http-nio-0.0.0.0-8081-exec-3] o.s.web.servlet.DispatcherServlet - Completed 200 OK
2025-12-20 14:27:38.093 DEBUG [http-nio-0.0.0.0-8081-exec-7] o.s.web.servlet.DispatcherServlet - Completed 200 OK
2025-12-20 14:29:37.269 INFO  [File Watcher] o.s.b.d.a.LocalDevToolsAutoConfiguration$RestartingClassPathChangeChangedEventListener - Restarting due to 28 class path changes (0 additions, 28 deletions, 0 modifications)
2025-12-20 14:29:37.272 INFO  [Thread-5] o.a.coyote.http11.Http11NioProtocol - Stopping ProtocolHandler ["http-nio-0.0.0.0-8081"]
2025-12-20 14:29:37.288 INFO  [Thread-5] com.zaxxer.hikari.HikariDataSource - HikariPool-1 - Shutdown initiated...
2025-12-20 14:29:37.293 INFO  [Thread-5] com.zaxxer.hikari.HikariDataSource - HikariPool-1 - Shutdown completed.
2025-12-20 14:29:47.480 INFO  [restartedMain] c.e.nproject.NprojectApplication - Starting NprojectApplication using Java 17.0.12 with PID 17628 (C:\Dev_antigravity_git\meta_system\nproject\target\classes started by jkljkl in C:\Dev_antigravity_git\meta_system\nproject)
2025-12-20 14:29:47.482 DEBUG [restartedMain] c.e.nproject.NprojectApplication - Running with Spring Boot v3.2.0, Spring v6.1.1
2025-12-20 14:29:47.482 INFO  [restartedMain] c.e.nproject.NprojectApplication - No active profile set, falling back to 1 default profile: "default"
2025-12-20 14:29:47.528 INFO  [restartedMain] o.s.b.d.e.DevToolsPropertyDefaultsPostProcessor - Devtools property defaults active! Set 'spring.devtools.add-properties' to 'false' to disable
2025-12-20 14:29:47.529 INFO  [restartedMain] o.s.b.d.e.DevToolsPropertyDefaultsPostProcessor - For additional web related logging consider setting the 'logging.level.web' property to 'DEBUG'
2025-12-20 14:29:48.090 DEBUG [restartedMain] o.apache.ibatis.logging.LogFactory - Logging initialized using 'class org.apache.ibatis.logging.slf4j.Slf4jImpl' adapter.
2025-12-20 14:29:48.404 INFO  [restartedMain] o.s.b.w.e.tomcat.TomcatWebServer - Tomcat initialized with port 8081 (http)
2025-12-20 14:29:48.410 INFO  [restartedMain] o.a.coyote.http11.Http11NioProtocol - Initializing ProtocolHandler ["http-nio-0.0.0.0-8081"]
2025-12-20 14:29:48.413 INFO  [restartedMain] o.a.catalina.core.StandardService - Starting service [Tomcat]
2025-12-20 14:29:48.413 INFO  [restartedMain] o.a.catalina.core.StandardEngine - Starting Servlet engine: [Apache Tomcat/10.1.16]
2025-12-20 14:29:48.450 INFO  [restartedMain] o.a.c.c.C.[Tomcat].[localhost].[/] - Initializing Spring embedded WebApplicationContext
2025-12-20 14:29:48.450 INFO  [restartedMain] o.s.b.w.s.c.ServletWebServerApplicationContext - Root WebApplicationContext: initialization completed in 921 ms
2025-12-20 14:29:48.772 DEBUG [restartedMain] o.s.w.s.m.m.a.RequestMappingHandlerMapping - 14 mappings in 'requestMappingHandlerMapping'
2025-12-20 14:29:48.826 DEBUG [restartedMain] o.s.w.s.h.SimpleUrlHandlerMapping - Patterns [/webjars/**, /**] in 'resourceHandlerMapping'
2025-12-20 14:29:48.845 DEBUG [restartedMain] o.s.w.s.m.m.a.RequestMappingHandlerAdapter - ControllerAdvice beans: 0 @ModelAttribute, 0 @InitBinder, 1 RequestBodyAdvice, 1 ResponseBodyAdvice
2025-12-20 14:29:48.872 DEBUG [restartedMain] o.s.w.s.m.m.a.ExceptionHandlerExceptionResolver - ControllerAdvice beans: 0 @ExceptionHandler, 1 ResponseBodyAdvice
2025-12-20 14:29:48.962 INFO  [restartedMain] o.s.b.d.a.OptionalLiveReloadServer - LiveReload server is running on port 35729
2025-12-20 14:29:48.978 INFO  [restartedMain] o.a.coyote.http11.Http11NioProtocol - Starting ProtocolHandler ["http-nio-0.0.0.0-8081"]
2025-12-20 14:29:48.993 INFO  [restartedMain] o.s.b.w.e.tomcat.TomcatWebServer - Tomcat started on port 8081 (http) with context path ''
2025-12-20 14:29:49.001 INFO  [restartedMain] c.e.nproject.NprojectApplication - Started NprojectApplication in 1.897 seconds (process running for 2.411)
2025-12-20 14:30:17.089 INFO  [http-nio-0.0.0.0-8081-exec-1] o.a.c.c.C.[Tomcat].[localhost].[/] - Initializing Spring DispatcherServlet 'dispatcherServlet'
2025-12-20 14:30:17.090 INFO  [http-nio-0.0.0.0-8081-exec-1] o.s.web.servlet.DispatcherServlet - Initializing Servlet 'dispatcherServlet'
2025-12-20 14:30:17.090 DEBUG [http-nio-0.0.0.0-8081-exec-1] o.s.web.servlet.DispatcherServlet - Detected StandardServletMultipartResolver
2025-12-20 14:30:17.090 DEBUG [http-nio-0.0.0.0-8081-exec-1] o.s.web.servlet.DispatcherServlet - Detected AcceptHeaderLocaleResolver
2025-12-20 14:30:17.090 DEBUG [http-nio-0.0.0.0-8081-exec-1] o.s.web.servlet.DispatcherServlet - Detected FixedThemeResolver
2025-12-20 14:30:17.091 DEBUG [http-nio-0.0.0.0-8081-exec-1] o.s.web.servlet.DispatcherServlet - Detected org.springframework.web.servlet.view.DefaultRequestToViewNameTranslator@37e93473
2025-12-20 14:30:17.091 DEBUG [http-nio-0.0.0.0-8081-exec-1] o.s.web.servlet.DispatcherServlet - Detected org.springframework.web.servlet.support.SessionFlashMapManager@1f047b31
2025-12-20 14:30:17.092 DEBUG [http-nio-0.0.0.0-8081-exec-1] o.s.web.servlet.DispatcherServlet - enableLoggingRequestDetails='false': request parameters and headers will be masked to prevent unsafe logging of potentially sensitive data
2025-12-20 14:30:17.092 INFO  [http-nio-0.0.0.0-8081-exec-1] o.s.web.servlet.DispatcherServlet - Completed initialization in 2 ms
2025-12-20 14:30:17.099 DEBUG [http-nio-0.0.0.0-8081-exec-1] o.s.web.servlet.DispatcherServlet - GET "/std-word/list", parameters={}
2025-12-20 14:30:17.111 DEBUG [http-nio-0.0.0.0-8081-exec-1] o.s.w.s.m.m.a.RequestMappingHandlerMapping - Mapped to com.example.nproject.controller.MetaStdWordController#list(MetaStdWordDto, Model)
2025-12-20 14:30:17.162 DEBUG [http-nio-0.0.0.0-8081-exec-1] o.s.jdbc.datasource.DataSourceUtils - Fetching JDBC Connection from DataSource
2025-12-20 14:30:17.162 INFO  [http-nio-0.0.0.0-8081-exec-1] com.zaxxer.hikari.HikariDataSource - HikariPool-1 - Starting...
2025-12-20 14:30:17.480 INFO  [http-nio-0.0.0.0-8081-exec-1] com.zaxxer.hikari.pool.HikariPool - HikariPool-1 - Added connection org.postgresql.jdbc.PgConnection@6fe15d31
2025-12-20 14:30:17.481 INFO  [http-nio-0.0.0.0-8081-exec-1] com.zaxxer.hikari.HikariDataSource - HikariPool-1 - Start completed.
2025-12-20 14:30:17.490 DEBUG [http-nio-0.0.0.0-8081-exec-1] c.e.n.m.M.selectStdWordList - ==>  Preparing: SELECT word_id as wordId, std_word_name as stdWordName, eng_abbr_name as engAbbrName, eng_full_name as engFullName, definition, domain_type as domainType, use_yn as useYn FROM meta_std_word ORDER BY word_id LIMIT ? OFFSET ?
2025-12-20 14:30:17.504 DEBUG [http-nio-0.0.0.0-8081-exec-1] c.e.n.m.M.selectStdWordList - ==> Parameters: 10(Integer), 0(Integer)
2025-12-20 14:30:17.526 DEBUG [http-nio-0.0.0.0-8081-exec-1] c.e.n.m.M.selectStdWordList - <==      Total: 10
2025-12-20 14:30:17.532 DEBUG [http-nio-0.0.0.0-8081-exec-1] o.s.jdbc.datasource.DataSourceUtils - Fetching JDBC Connection from DataSource
2025-12-20 14:30:17.533 DEBUG [http-nio-0.0.0.0-8081-exec-1] c.e.n.m.M.countStdWordList - ==>  Preparing: SELECT COUNT(*) FROM meta_std_word
2025-12-20 14:30:17.533 DEBUG [http-nio-0.0.0.0-8081-exec-1] c.e.n.m.M.countStdWordList - ==> Parameters: 
2025-12-20 14:30:17.540 DEBUG [http-nio-0.0.0.0-8081-exec-1] c.e.n.m.M.countStdWordList - <==      Total: 1
2025-12-20 14:30:17.549 DEBUG [http-nio-0.0.0.0-8081-exec-1] o.s.w.s.v.ContentNegotiatingViewResolver - Selected 'text/html' given [text/html, application/xhtml+xml, image/avif, image/webp, image/apng, application/xml;q=0.9, */*;q=0.8, application/signed-exchange;v=b3;q=0.7]
2025-12-20 14:30:17.792 DEBUG [http-nio-0.0.0.0-8081-exec-1] o.s.web.servlet.DispatcherServlet - Completed 200 OK
2025-12-20 14:30:17.807 DEBUG [http-nio-0.0.0.0-8081-exec-2] o.s.web.servlet.DispatcherServlet - GET "/css/common.css", parameters={}
2025-12-20 14:30:17.810 DEBUG [http-nio-0.0.0.0-8081-exec-2] o.s.w.s.h.SimpleUrlHandlerMapping - Mapped to ResourceHttpRequestHandler [classpath [META-INF/resources/], classpath [resources/], classpath [static/], classpath [public/], ServletContext [/]]
2025-12-20 14:30:17.815 DEBUG [http-nio-0.0.0.0-8081-exec-3] o.s.web.servlet.DispatcherServlet - GET "/css/std_word_list.css", parameters={}
2025-12-20 14:30:17.816 DEBUG [http-nio-0.0.0.0-8081-exec-4] o.s.web.servlet.DispatcherServlet - GET "/js/std_word_list.js", parameters={}
2025-12-20 14:30:17.816 DEBUG [http-nio-0.0.0.0-8081-exec-4] o.s.w.s.h.SimpleUrlHandlerMapping - Mapped to ResourceHttpRequestHandler [classpath [META-INF/resources/], classpath [resources/], classpath [static/], classpath [public/], ServletContext [/]]
2025-12-20 14:30:17.816 DEBUG [http-nio-0.0.0.0-8081-exec-3] o.s.w.s.h.SimpleUrlHandlerMapping - Mapped to ResourceHttpRequestHandler [classpath [META-INF/resources/], classpath [resources/], classpath [static/], classpath [public/], ServletContext [/]]
2025-12-20 14:30:17.832 DEBUG [http-nio-0.0.0.0-8081-exec-4] o.s.web.servlet.DispatcherServlet - Completed 200 OK
2025-12-20 14:30:17.832 DEBUG [http-nio-0.0.0.0-8081-exec-2] o.s.web.servlet.DispatcherServlet - Completed 200 OK
2025-12-20 14:30:17.841 DEBUG [http-nio-0.0.0.0-8081-exec-3] o.s.web.servlet.DispatcherServlet - Completed 200 OK
2025-12-20 14:30:18.836 DEBUG [http-nio-0.0.0.0-8081-exec-5] o.s.web.servlet.DispatcherServlet - GET "/std-word/update?wordId=5", parameters={masked}
2025-12-20 14:30:18.837 DEBUG [http-nio-0.0.0.0-8081-exec-5] o.s.w.s.m.m.a.RequestMappingHandlerMapping - Mapped to com.example.nproject.controller.MetaStdWordController#updateForm(Long, Model)
2025-12-20 14:30:18.838 DEBUG [http-nio-0.0.0.0-8081-exec-5] o.s.jdbc.datasource.DataSourceUtils - Fetching JDBC Connection from DataSource
2025-12-20 14:30:18.843 DEBUG [http-nio-0.0.0.0-8081-exec-5] c.e.n.m.M.selectStdWord - ==>  Preparing: SELECT word_id as wordId, std_word_name as stdWordName, eng_abbr_name as engAbbrName, eng_full_name as engFullName, definition, domain_type as domainType, use_yn as useYn FROM meta_std_word WHERE word_id = ?
2025-12-20 14:30:18.843 DEBUG [http-nio-0.0.0.0-8081-exec-5] c.e.n.m.M.selectStdWord - ==> Parameters: 5(Long)
2025-12-20 14:30:18.850 DEBUG [http-nio-0.0.0.0-8081-exec-5] c.e.n.m.M.selectStdWord - <==      Total: 1
2025-12-20 14:30:18.852 DEBUG [http-nio-0.0.0.0-8081-exec-5] o.s.w.s.v.ContentNegotiatingViewResolver - Selected 'text/html' given [text/html, application/xhtml+xml, image/avif, image/webp, image/apng, application/xml;q=0.9, */*;q=0.8, application/signed-exchange;v=b3;q=0.7]
2025-12-20 14:30:18.860 DEBUG [http-nio-0.0.0.0-8081-exec-5] o.s.web.servlet.DispatcherServlet - Completed 200 OK
2025-12-20 14:30:18.867 DEBUG [http-nio-0.0.0.0-8081-exec-6] o.s.web.servlet.DispatcherServlet - GET "/css/common.css", parameters={}
2025-12-20 14:30:18.867 DEBUG [http-nio-0.0.0.0-8081-exec-8] o.s.web.servlet.DispatcherServlet - GET "/js/std_update.js", parameters={}
2025-12-20 14:30:18.867 DEBUG [http-nio-0.0.0.0-8081-exec-7] o.s.web.servlet.DispatcherServlet - GET "/css/std_word_insert.css", parameters={}
2025-12-20 14:30:18.868 DEBUG [http-nio-0.0.0.0-8081-exec-8] o.s.w.s.h.SimpleUrlHandlerMapping - Mapped to ResourceHttpRequestHandler [classpath [META-INF/resources/], classpath [resources/], classpath [static/], classpath [public/], ServletContext [/]]
2025-12-20 14:30:18.868 DEBUG [http-nio-0.0.0.0-8081-exec-7] o.s.w.s.h.SimpleUrlHandlerMapping - Mapped to ResourceHttpRequestHandler [classpath [META-INF/resources/], classpath [resources/], classpath [static/], classpath [public/], ServletContext [/]]
2025-12-20 14:30:18.868 DEBUG [http-nio-0.0.0.0-8081-exec-6] o.s.w.s.h.SimpleUrlHandlerMapping - Mapped to ResourceHttpRequestHandler [classpath [META-INF/resources/], classpath [resources/], classpath [static/], classpath [public/], ServletContext [/]]
2025-12-20 14:30:18.870 DEBUG [http-nio-0.0.0.0-8081-exec-6] o.s.web.servlet.DispatcherServlet - Completed 200 OK
2025-12-20 14:30:18.871 DEBUG [http-nio-0.0.0.0-8081-exec-7] o.s.web.servlet.DispatcherServlet - Completed 200 OK
2025-12-20 14:30:18.893 DEBUG [http-nio-0.0.0.0-8081-exec-8] o.s.web.servlet.DispatcherServlet - Completed 200 OK
2025-12-20 14:30:45.768 DEBUG [http-nio-0.0.0.0-8081-exec-9] o.s.web.servlet.DispatcherServlet - GET "/std-word/list", parameters={}
2025-12-20 14:30:45.769 DEBUG [http-nio-0.0.0.0-8081-exec-9] o.s.w.s.m.m.a.RequestMappingHandlerMapping - Mapped to com.example.nproject.controller.MetaStdWordController#list(MetaStdWordDto, Model)
2025-12-20 14:30:45.769 DEBUG [http-nio-0.0.0.0-8081-exec-9] o.s.jdbc.datasource.DataSourceUtils - Fetching JDBC Connection from DataSource
2025-12-20 14:30:45.779 DEBUG [http-nio-0.0.0.0-8081-exec-9] c.e.n.m.M.selectStdWordList - ==>  Preparing: SELECT word_id as wordId, std_word_name as stdWordName, eng_abbr_name as engAbbrName, eng_full_name as engFullName, definition, domain_type as domainType, use_yn as useYn FROM meta_std_word ORDER BY word_id LIMIT ? OFFSET ?
2025-12-20 14:30:45.779 DEBUG [http-nio-0.0.0.0-8081-exec-9] c.e.n.m.M.selectStdWordList - ==> Parameters: 10(Integer), 0(Integer)
2025-12-20 14:30:45.795 DEBUG [http-nio-0.0.0.0-8081-exec-9] c.e.n.m.M.selectStdWordList - <==      Total: 10
2025-12-20 14:30:45.795 DEBUG [http-nio-0.0.0.0-8081-exec-9] o.s.jdbc.datasource.DataSourceUtils - Fetching JDBC Connection from DataSource
2025-12-20 14:30:45.795 DEBUG [http-nio-0.0.0.0-8081-exec-9] c.e.n.m.M.countStdWordList - ==>  Preparing: SELECT COUNT(*) FROM meta_std_word
2025-12-20 14:30:45.795 DEBUG [http-nio-0.0.0.0-8081-exec-9] c.e.n.m.M.countStdWordList - ==> Parameters: 
2025-12-20 14:30:45.801 DEBUG [http-nio-0.0.0.0-8081-exec-9] c.e.n.m.M.countStdWordList - <==      Total: 1
2025-12-20 14:30:45.802 DEBUG [http-nio-0.0.0.0-8081-exec-9] o.s.w.s.v.ContentNegotiatingViewResolver - Selected 'text/html' given [text/html, application/xhtml+xml, image/avif, image/webp, image/apng, application/xml;q=0.9, */*;q=0.8, application/signed-exchange;v=b3;q=0.7]
2025-12-20 14:30:45.815 DEBUG [http-nio-0.0.0.0-8081-exec-9] o.s.web.servlet.DispatcherServlet - Completed 200 OK
2025-12-20 14:30:45.833 DEBUG [http-nio-0.0.0.0-8081-exec-10] o.s.web.servlet.DispatcherServlet - GET "/css/common.css", parameters={}
2025-12-20 14:30:45.833 DEBUG [http-nio-0.0.0.0-8081-exec-4] o.s.web.servlet.DispatcherServlet - GET "/js/std_word_list.js", parameters={}
2025-12-20 14:30:45.833 DEBUG [http-nio-0.0.0.0-8081-exec-1] o.s.web.servlet.DispatcherServlet - GET "/css/std_word_list.css", parameters={}
2025-12-20 14:30:45.834 DEBUG [http-nio-0.0.0.0-8081-exec-10] o.s.w.s.h.SimpleUrlHandlerMapping - Mapped to ResourceHttpRequestHandler [classpath [META-INF/resources/], classpath [resources/], classpath [static/], classpath [public/], ServletContext [/]]
2025-12-20 14:30:45.834 DEBUG [http-nio-0.0.0.0-8081-exec-4] o.s.w.s.h.SimpleUrlHandlerMapping - Mapped to ResourceHttpRequestHandler [classpath [META-INF/resources/], classpath [resources/], classpath [static/], classpath [public/], ServletContext [/]]
2025-12-20 14:30:45.835 DEBUG [http-nio-0.0.0.0-8081-exec-1] o.s.w.s.h.SimpleUrlHandlerMapping - Mapped to ResourceHttpRequestHandler [classpath [META-INF/resources/], classpath [resources/], classpath [static/], classpath [public/], ServletContext [/]]
2025-12-20 14:30:45.836 DEBUG [http-nio-0.0.0.0-8081-exec-4] o.s.web.servlet.DispatcherServlet - Completed 200 OK
2025-12-20 14:30:45.836 DEBUG [http-nio-0.0.0.0-8081-exec-10] o.s.web.servlet.DispatcherServlet - Completed 200 OK
2025-12-20 14:30:45.837 DEBUG [http-nio-0.0.0.0-8081-exec-1] o.s.web.servlet.DispatcherServlet - Completed 200 OK
2025-12-20 14:30:46.697 DEBUG [http-nio-0.0.0.0-8081-exec-2] o.s.web.servlet.DispatcherServlet - GET "/std-word/update?wordId=3", parameters={masked}
2025-12-20 14:30:46.697 DEBUG [http-nio-0.0.0.0-8081-exec-2] o.s.w.s.m.m.a.RequestMappingHandlerMapping - Mapped to com.example.nproject.controller.MetaStdWordController#updateForm(Long, Model)
2025-12-20 14:30:46.697 DEBUG [http-nio-0.0.0.0-8081-exec-2] o.s.jdbc.datasource.DataSourceUtils - Fetching JDBC Connection from DataSource
2025-12-20 14:30:46.704 DEBUG [http-nio-0.0.0.0-8081-exec-2] c.e.n.m.M.selectStdWord - ==>  Preparing: SELECT word_id as wordId, std_word_name as stdWordName, eng_abbr_name as engAbbrName, eng_full_name as engFullName, definition, domain_type as domainType, use_yn as useYn FROM meta_std_word WHERE word_id = ?
2025-12-20 14:30:46.704 DEBUG [http-nio-0.0.0.0-8081-exec-2] c.e.n.m.M.selectStdWord - ==> Parameters: 3(Long)
2025-12-20 14:30:46.709 DEBUG [http-nio-0.0.0.0-8081-exec-2] c.e.n.m.M.selectStdWord - <==      Total: 1
2025-12-20 14:30:46.711 DEBUG [http-nio-0.0.0.0-8081-exec-2] o.s.w.s.v.ContentNegotiatingViewResolver - Selected 'text/html' given [text/html, application/xhtml+xml, image/avif, image/webp, image/apng, application/xml;q=0.9, */*;q=0.8, application/signed-exchange;v=b3;q=0.7]
2025-12-20 14:30:46.715 DEBUG [http-nio-0.0.0.0-8081-exec-2] o.s.web.servlet.DispatcherServlet - Completed 200 OK
2025-12-20 14:30:46.721 DEBUG [http-nio-0.0.0.0-8081-exec-3] o.s.web.servlet.DispatcherServlet - GET "/css/common.css", parameters={}
2025-12-20 14:30:46.721 DEBUG [http-nio-0.0.0.0-8081-exec-6] o.s.web.servlet.DispatcherServlet - GET "/js/std_update.js", parameters={}
2025-12-20 14:30:46.721 DEBUG [http-nio-0.0.0.0-8081-exec-5] o.s.web.servlet.DispatcherServlet - GET "/css/std_word_insert.css", parameters={}
2025-12-20 14:30:46.721 DEBUG [http-nio-0.0.0.0-8081-exec-3] o.s.w.s.h.SimpleUrlHandlerMapping - Mapped to ResourceHttpRequestHandler [classpath [META-INF/resources/], classpath [resources/], classpath [static/], classpath [public/], ServletContext [/]]
2025-12-20 14:30:46.722 DEBUG [http-nio-0.0.0.0-8081-exec-6] o.s.w.s.h.SimpleUrlHandlerMapping - Mapped to ResourceHttpRequestHandler [classpath [META-INF/resources/], classpath [resources/], classpath [static/], classpath [public/], ServletContext [/]]
2025-12-20 14:30:46.722 DEBUG [http-nio-0.0.0.0-8081-exec-5] o.s.w.s.h.SimpleUrlHandlerMapping - Mapped to ResourceHttpRequestHandler [classpath [META-INF/resources/], classpath [resources/], classpath [static/], classpath [public/], ServletContext [/]]
2025-12-20 14:30:46.723 DEBUG [http-nio-0.0.0.0-8081-exec-3] o.s.web.servlet.DispatcherServlet - Completed 200 OK
2025-12-20 14:30:46.723 DEBUG [http-nio-0.0.0.0-8081-exec-5] o.s.web.servlet.DispatcherServlet - Completed 200 OK
2025-12-20 14:30:46.743 DEBUG [http-nio-0.0.0.0-8081-exec-6] o.s.web.servlet.DispatcherServlet - Completed 200 OK
2025-12-20 14:30:49.711 DEBUG [http-nio-0.0.0.0-8081-exec-7] o.s.web.servlet.DispatcherServlet - GET "/std-word/update?wordId=3", parameters={masked}
2025-12-20 14:30:49.712 DEBUG [http-nio-0.0.0.0-8081-exec-7] o.s.w.s.m.m.a.RequestMappingHandlerMapping - Mapped to com.example.nproject.controller.MetaStdWordController#updateForm(Long, Model)
2025-12-20 14:30:49.712 DEBUG [http-nio-0.0.0.0-8081-exec-7] o.s.jdbc.datasource.DataSourceUtils - Fetching JDBC Connection from DataSource
2025-12-20 14:30:49.722 DEBUG [http-nio-0.0.0.0-8081-exec-7] c.e.n.m.M.selectStdWord - ==>  Preparing: SELECT word_id as wordId, std_word_name as stdWordName, eng_abbr_name as engAbbrName, eng_full_name as engFullName, definition, domain_type as domainType, use_yn as useYn FROM meta_std_word WHERE word_id = ?
2025-12-20 14:30:49.724 DEBUG [http-nio-0.0.0.0-8081-exec-7] c.e.n.m.M.selectStdWord - ==> Parameters: 3(Long)
2025-12-20 14:30:49.733 DEBUG [http-nio-0.0.0.0-8081-exec-7] c.e.n.m.M.selectStdWord - <==      Total: 1
2025-12-20 14:30:49.734 DEBUG [http-nio-0.0.0.0-8081-exec-7] o.s.w.s.v.ContentNegotiatingViewResolver - Selected 'text/html' given [text/html, application/xhtml+xml, image/avif, image/webp, image/apng, application/xml;q=0.9, */*;q=0.8, application/signed-exchange;v=b3;q=0.7]
2025-12-20 14:30:49.739 DEBUG [http-nio-0.0.0.0-8081-exec-7] o.s.web.servlet.DispatcherServlet - Completed 200 OK
2025-12-20 14:30:49.746 DEBUG [http-nio-0.0.0.0-8081-exec-8] o.s.web.servlet.DispatcherServlet - GET "/css/common.css", parameters={}
2025-12-20 14:30:49.747 DEBUG [http-nio-0.0.0.0-8081-exec-8] o.s.w.s.h.SimpleUrlHandlerMapping - Mapped to ResourceHttpRequestHandler [classpath [META-INF/resources/], classpath [resources/], classpath [static/], classpath [public/], ServletContext [/]]
2025-12-20 14:30:49.748 DEBUG [http-nio-0.0.0.0-8081-exec-10] o.s.web.servlet.DispatcherServlet - GET "/js/std_update.js", parameters={}
2025-12-20 14:30:49.748 DEBUG [http-nio-0.0.0.0-8081-exec-9] o.s.web.servlet.DispatcherServlet - GET "/css/std_word_insert.css", parameters={}
2025-12-20 14:30:49.749 DEBUG [http-nio-0.0.0.0-8081-exec-10] o.s.w.s.h.SimpleUrlHandlerMapping - Mapped to ResourceHttpRequestHandler [classpath [META-INF/resources/], classpath [resources/], classpath [static/], classpath [public/], ServletContext [/]]
2025-12-20 14:30:49.749 DEBUG [http-nio-0.0.0.0-8081-exec-9] o.s.w.s.h.SimpleUrlHandlerMapping - Mapped to ResourceHttpRequestHandler [classpath [META-INF/resources/], classpath [resources/], classpath [static/], classpath [public/], ServletContext [/]]
2025-12-20 14:30:49.749 DEBUG [http-nio-0.0.0.0-8081-exec-8] o.s.web.servlet.DispatcherServlet - Completed 200 OK
2025-12-20 14:30:49.750 DEBUG [http-nio-0.0.0.0-8081-exec-9] o.s.web.servlet.DispatcherServlet - Completed 200 OK
2025-12-20 14:30:49.750 DEBUG [http-nio-0.0.0.0-8081-exec-10] o.s.web.servlet.DispatcherServlet - Completed 200 OK
2025-12-20 14:31:01.181 DEBUG [http-nio-0.0.0.0-8081-exec-4] o.s.web.servlet.DispatcherServlet - GET "/std-word/update?wordId=4", parameters={masked}
2025-12-20 14:31:01.182 DEBUG [http-nio-0.0.0.0-8081-exec-4] o.s.w.s.m.m.a.RequestMappingHandlerMapping - Mapped to com.example.nproject.controller.MetaStdWordController#updateForm(Long, Model)
2025-12-20 14:31:01.182 DEBUG [http-nio-0.0.0.0-8081-exec-4] o.s.jdbc.datasource.DataSourceUtils - Fetching JDBC Connection from DataSource
2025-12-20 14:31:01.191 DEBUG [http-nio-0.0.0.0-8081-exec-4] c.e.n.m.M.selectStdWord - ==>  Preparing: SELECT word_id as wordId, std_word_name as stdWordName, eng_abbr_name as engAbbrName, eng_full_name as engFullName, definition, domain_type as domainType, use_yn as useYn FROM meta_std_word WHERE word_id = ?
2025-12-20 14:31:01.192 DEBUG [http-nio-0.0.0.0-8081-exec-4] c.e.n.m.M.selectStdWord - ==> Parameters: 4(Long)
2025-12-20 14:31:01.200 DEBUG [http-nio-0.0.0.0-8081-exec-4] c.e.n.m.M.selectStdWord - <==      Total: 1
2025-12-20 14:31:01.201 DEBUG [http-nio-0.0.0.0-8081-exec-4] o.s.w.s.v.ContentNegotiatingViewResolver - Selected 'text/html' given [text/html, application/xhtml+xml, image/avif, image/webp, image/apng, application/xml;q=0.9, */*;q=0.8, application/signed-exchange;v=b3;q=0.7]
2025-12-20 14:31:01.207 DEBUG [http-nio-0.0.0.0-8081-exec-4] o.s.web.servlet.DispatcherServlet - Completed 200 OK
2025-12-20 14:31:01.215 DEBUG [http-nio-0.0.0.0-8081-exec-1] o.s.web.servlet.DispatcherServlet - GET "/css/common.css", parameters={}
2025-12-20 14:31:01.216 DEBUG [http-nio-0.0.0.0-8081-exec-1] o.s.w.s.h.SimpleUrlHandlerMapping - Mapped to ResourceHttpRequestHandler [classpath [META-INF/resources/], classpath [resources/], classpath [static/], classpath [public/], ServletContext [/]]
2025-12-20 14:31:01.217 DEBUG [http-nio-0.0.0.0-8081-exec-2] o.s.web.servlet.DispatcherServlet - GET "/css/std_word_insert.css", parameters={}
2025-12-20 14:31:01.217 DEBUG [http-nio-0.0.0.0-8081-exec-5] o.s.web.servlet.DispatcherServlet - GET "/js/std_update.js", parameters={}
2025-12-20 14:31:01.219 DEBUG [http-nio-0.0.0.0-8081-exec-5] o.s.w.s.h.SimpleUrlHandlerMapping - Mapped to ResourceHttpRequestHandler [classpath [META-INF/resources/], classpath [resources/], classpath [static/], classpath [public/], ServletContext [/]]
2025-12-20 14:31:01.219 DEBUG [http-nio-0.0.0.0-8081-exec-2] o.s.w.s.h.SimpleUrlHandlerMapping - Mapped to ResourceHttpRequestHandler [classpath [META-INF/resources/], classpath [resources/], classpath [static/], classpath [public/], ServletContext [/]]
2025-12-20 14:31:01.220 DEBUG [http-nio-0.0.0.0-8081-exec-1] o.s.web.servlet.DispatcherServlet - Completed 200 OK
2025-12-20 14:31:01.222 DEBUG [http-nio-0.0.0.0-8081-exec-2] o.s.web.servlet.DispatcherServlet - Completed 200 OK
2025-12-20 14:31:01.242 DEBUG [http-nio-0.0.0.0-8081-exec-5] o.s.web.servlet.DispatcherServlet - Completed 200 OK
2025-12-20 14:31:01.919 INFO  [File Watcher] o.s.b.d.a.LocalDevToolsAutoConfiguration$RestartingClassPathChangeChangedEventListener - Restarting due to 15 class path changes (0 additions, 0 deletions, 15 modifications)
2025-12-20 14:31:01.923 INFO  [Thread-5] o.a.coyote.http11.Http11NioProtocol - Stopping ProtocolHandler ["http-nio-0.0.0.0-8081"]
2025-12-20 14:31:01.938 INFO  [Thread-5] com.zaxxer.hikari.HikariDataSource - HikariPool-1 - Shutdown initiated...
2025-12-20 14:31:01.993 INFO  [Thread-5] com.zaxxer.hikari.HikariDataSource - HikariPool-1 - Shutdown completed.
2025-12-20 14:31:02.062 INFO  [restartedMain] c.e.nproject.NprojectApplication - Starting NprojectApplication using Java 17.0.12 with PID 17628 (C:\Dev_antigravity_git\meta_system\nproject\target\classes started by jkljkl in C:\Dev_antigravity_git\meta_system\nproject)
2025-12-20 14:31:02.062 DEBUG [restartedMain] c.e.nproject.NprojectApplication - Running with Spring Boot v3.2.0, Spring v6.1.1
2025-12-20 14:31:02.062 INFO  [restartedMain] c.e.nproject.NprojectApplication - No active profile set, falling back to 1 default profile: "default"
2025-12-20 14:31:02.308 INFO  [restartedMain] o.s.b.w.e.tomcat.TomcatWebServer - Tomcat initialized with port 8081 (http)
2025-12-20 14:31:02.308 INFO  [restartedMain] o.a.coyote.http11.Http11NioProtocol - Initializing ProtocolHandler ["http-nio-0.0.0.0-8081"]
2025-12-20 14:31:02.308 INFO  [restartedMain] o.a.catalina.core.StandardService - Starting service [Tomcat]
2025-12-20 14:31:02.308 INFO  [restartedMain] o.a.catalina.core.StandardEngine - Starting Servlet engine: [Apache Tomcat/10.1.16]
2025-12-20 14:31:02.324 INFO  [restartedMain] o.a.c.c.C.[Tomcat].[localhost].[/] - Initializing Spring embedded WebApplicationContext
2025-12-20 14:31:02.325 INFO  [restartedMain] o.s.b.w.s.c.ServletWebServerApplicationContext - Root WebApplicationContext: initialization completed in 261 ms
2025-12-20 14:31:02.409 DEBUG [restartedMain] o.s.w.s.m.m.a.RequestMappingHandlerMapping - 14 mappings in 'requestMappingHandlerMapping'
2025-12-20 14:31:02.426 DEBUG [restartedMain] o.s.w.s.h.SimpleUrlHandlerMapping - Patterns [/webjars/**, /**] in 'resourceHandlerMapping'
2025-12-20 14:31:02.432 DEBUG [restartedMain] o.s.w.s.m.m.a.RequestMappingHandlerAdapter - ControllerAdvice beans: 0 @ModelAttribute, 0 @InitBinder, 1 RequestBodyAdvice, 1 ResponseBodyAdvice
2025-12-20 14:31:02.436 DEBUG [restartedMain] o.s.w.s.m.m.a.ExceptionHandlerExceptionResolver - ControllerAdvice beans: 0 @ExceptionHandler, 1 ResponseBodyAdvice
2025-12-20 14:31:02.461 INFO  [restartedMain] o.s.b.d.a.OptionalLiveReloadServer - LiveReload server is running on port 35729
2025-12-20 14:31:02.469 INFO  [restartedMain] o.a.coyote.http11.Http11NioProtocol - Starting ProtocolHandler ["http-nio-0.0.0.0-8081"]
2025-12-20 14:31:02.472 INFO  [restartedMain] o.s.b.w.e.tomcat.TomcatWebServer - Tomcat started on port 8081 (http) with context path ''
2025-12-20 14:31:02.476 INFO  [restartedMain] c.e.nproject.NprojectApplication - Started NprojectApplication in 0.44 seconds (process running for 75.886)
2025-12-20 14:31:02.478 INFO  [restartedMain] o.s.b.d.a.ConditionEvaluationDeltaLoggingListener - Condition evaluation unchanged
2025-12-20 14:32:04.324 INFO  [http-nio-0.0.0.0-8081-exec-1] o.a.c.c.C.[Tomcat].[localhost].[/] - Initializing Spring DispatcherServlet 'dispatcherServlet'
2025-12-20 14:32:04.325 INFO  [http-nio-0.0.0.0-8081-exec-1] o.s.web.servlet.DispatcherServlet - Initializing Servlet 'dispatcherServlet'
2025-12-20 14:32:04.325 DEBUG [http-nio-0.0.0.0-8081-exec-1] o.s.web.servlet.DispatcherServlet - Detected StandardServletMultipartResolver
2025-12-20 14:32:04.325 DEBUG [http-nio-0.0.0.0-8081-exec-1] o.s.web.servlet.DispatcherServlet - Detected AcceptHeaderLocaleResolver
2025-12-20 14:32:04.325 DEBUG [http-nio-0.0.0.0-8081-exec-1] o.s.web.servlet.DispatcherServlet - Detected FixedThemeResolver
2025-12-20 14:32:04.325 DEBUG [http-nio-0.0.0.0-8081-exec-1] o.s.web.servlet.DispatcherServlet - Detected org.springframework.web.servlet.view.DefaultRequestToViewNameTranslator@3d2c12da
2025-12-20 14:32:04.325 DEBUG [http-nio-0.0.0.0-8081-exec-1] o.s.web.servlet.DispatcherServlet - Detected org.springframework.web.servlet.support.SessionFlashMapManager@33ebfb0f
2025-12-20 14:32:04.325 DEBUG [http-nio-0.0.0.0-8081-exec-1] o.s.web.servlet.DispatcherServlet - enableLoggingRequestDetails='false': request parameters and headers will be masked to prevent unsafe logging of potentially sensitive data
2025-12-20 14:32:04.325 INFO  [http-nio-0.0.0.0-8081-exec-1] o.s.web.servlet.DispatcherServlet - Completed initialization in 0 ms
2025-12-20 14:32:04.326 DEBUG [http-nio-0.0.0.0-8081-exec-1] o.s.web.servlet.DispatcherServlet - GET "/std-word/update?wordId=5", parameters={masked}
2025-12-20 14:32:04.326 DEBUG [http-nio-0.0.0.0-8081-exec-1] o.s.w.s.m.m.a.RequestMappingHandlerMapping - Mapped to com.example.nproject.controller.MetaStdWordController#updateForm(Long, Model)
2025-12-20 14:32:04.326 DEBUG [http-nio-0.0.0.0-8081-exec-1] o.s.jdbc.datasource.DataSourceUtils - Fetching JDBC Connection from DataSource
2025-12-20 14:32:04.326 INFO  [http-nio-0.0.0.0-8081-exec-1] com.zaxxer.hikari.HikariDataSource - HikariPool-2 - Starting...
2025-12-20 14:32:04.442 INFO  [http-nio-0.0.0.0-8081-exec-1] com.zaxxer.hikari.pool.HikariPool - HikariPool-2 - Added connection org.postgresql.jdbc.PgConnection@55621289
2025-12-20 14:32:04.443 INFO  [http-nio-0.0.0.0-8081-exec-1] com.zaxxer.hikari.HikariDataSource - HikariPool-2 - Start completed.
2025-12-20 14:32:04.443 DEBUG [http-nio-0.0.0.0-8081-exec-1] c.e.n.m.M.selectStdWord - ==>  Preparing: SELECT word_id as wordId, std_word_name as stdWordName, eng_abbr_name as engAbbrName, eng_full_name as engFullName, definition, domain_type as domainType, use_yn as useYn FROM meta_std_word WHERE word_id = ?
2025-12-20 14:32:04.443 DEBUG [http-nio-0.0.0.0-8081-exec-1] c.e.n.m.M.selectStdWord - ==> Parameters: 5(Long)
2025-12-20 14:32:04.451 DEBUG [http-nio-0.0.0.0-8081-exec-1] c.e.n.m.M.selectStdWord - <==      Total: 1
2025-12-20 14:32:04.453 DEBUG [http-nio-0.0.0.0-8081-exec-1] o.s.w.s.v.ContentNegotiatingViewResolver - Selected 'text/html' given [text/html, application/xhtml+xml, image/avif, image/webp, image/apng, application/xml;q=0.9, */*;q=0.8, application/signed-exchange;v=b3;q=0.7]
2025-12-20 14:32:04.465 DEBUG [http-nio-0.0.0.0-8081-exec-1] o.s.web.servlet.DispatcherServlet - Completed 200 OK
2025-12-20 14:32:04.472 DEBUG [http-nio-0.0.0.0-8081-exec-2] o.s.web.servlet.DispatcherServlet - GET "/css/common.css", parameters={}
2025-12-20 14:32:04.473 DEBUG [http-nio-0.0.0.0-8081-exec-2] o.s.w.s.h.SimpleUrlHandlerMapping - Mapped to ResourceHttpRequestHandler [classpath [META-INF/resources/], classpath [resources/], classpath [static/], classpath [public/], ServletContext [/]]
2025-12-20 14:32:04.474 DEBUG [http-nio-0.0.0.0-8081-exec-3] o.s.web.servlet.DispatcherServlet - GET "/css/std_word_insert.css", parameters={}
2025-12-20 14:32:04.474 DEBUG [http-nio-0.0.0.0-8081-exec-4] o.s.web.servlet.DispatcherServlet - GET "/js/std_update.js", parameters={}
2025-12-20 14:32:04.474 DEBUG [http-nio-0.0.0.0-8081-exec-4] o.s.w.s.h.SimpleUrlHandlerMapping - Mapped to ResourceHttpRequestHandler [classpath [META-INF/resources/], classpath [resources/], classpath [static/], classpath [public/], ServletContext [/]]
2025-12-20 14:32:04.474 DEBUG [http-nio-0.0.0.0-8081-exec-3] o.s.w.s.h.SimpleUrlHandlerMapping - Mapped to ResourceHttpRequestHandler [classpath [META-INF/resources/], classpath [resources/], classpath [static/], classpath [public/], ServletContext [/]]
2025-12-20 14:32:04.475 DEBUG [http-nio-0.0.0.0-8081-exec-2] o.s.web.servlet.DispatcherServlet - Completed 200 OK
2025-12-20 14:32:04.476 DEBUG [http-nio-0.0.0.0-8081-exec-3] o.s.web.servlet.DispatcherServlet - Completed 200 OK
2025-12-20 14:32:04.496 DEBUG [http-nio-0.0.0.0-8081-exec-4] o.s.web.servlet.DispatcherServlet - Completed 200 OK
2025-12-20 14:32:43.399 DEBUG [http-nio-0.0.0.0-8081-exec-5] o.s.web.servlet.DispatcherServlet - GET "/std-word/list?size=10&stdWordName=%EC%82%AC%EB%9E%91", parameters={masked}
2025-12-20 14:32:43.400 DEBUG [http-nio-0.0.0.0-8081-exec-5] o.s.w.s.m.m.a.RequestMappingHandlerMapping - Mapped to com.example.nproject.controller.MetaStdWordController#list(MetaStdWordDto, Model)
2025-12-20 14:32:43.402 DEBUG [http-nio-0.0.0.0-8081-exec-5] o.s.jdbc.datasource.DataSourceUtils - Fetching JDBC Connection from DataSource
2025-12-20 14:32:43.410 DEBUG [http-nio-0.0.0.0-8081-exec-5] c.e.n.m.M.selectStdWordList - ==>  Preparing: SELECT word_id as wordId, std_word_name as stdWordName, eng_abbr_name as engAbbrName, eng_full_name as engFullName, definition, domain_type as domainType, use_yn as useYn FROM meta_std_word WHERE std_word_name LIKE '%' || ? || '%' ORDER BY word_id LIMIT ? OFFSET ?
2025-12-20 14:32:43.410 DEBUG [http-nio-0.0.0.0-8081-exec-5] c.e.n.m.M.selectStdWordList - ==> Parameters: 사랑(String), 10(Integer), 0(Integer)
2025-12-20 14:32:43.420 DEBUG [http-nio-0.0.0.0-8081-exec-5] c.e.n.m.M.selectStdWordList - <==      Total: 1
2025-12-20 14:32:43.421 DEBUG [http-nio-0.0.0.0-8081-exec-5] o.s.jdbc.datasource.DataSourceUtils - Fetching JDBC Connection from DataSource
2025-12-20 14:32:43.421 DEBUG [http-nio-0.0.0.0-8081-exec-5] c.e.n.m.M.countStdWordList - ==>  Preparing: SELECT COUNT(*) FROM meta_std_word WHERE std_word_name LIKE '%' || ? || '%'
2025-12-20 14:32:43.421 DEBUG [http-nio-0.0.0.0-8081-exec-5] c.e.n.m.M.countStdWordList - ==> Parameters: 사랑(String)
2025-12-20 14:32:43.429 DEBUG [http-nio-0.0.0.0-8081-exec-5] c.e.n.m.M.countStdWordList - <==      Total: 1
2025-12-20 14:32:43.430 DEBUG [http-nio-0.0.0.0-8081-exec-5] o.s.w.s.v.ContentNegotiatingViewResolver - Selected 'text/html' given [text/html, application/xhtml+xml, image/avif, image/webp, image/apng, application/xml;q=0.9, */*;q=0.8, application/signed-exchange;v=b3;q=0.7]
2025-12-20 14:32:43.439 DEBUG [http-nio-0.0.0.0-8081-exec-5] o.s.web.servlet.DispatcherServlet - Completed 200 OK
2025-12-20 14:32:43.456 DEBUG [http-nio-0.0.0.0-8081-exec-6] o.s.web.servlet.DispatcherServlet - GET "/css/common.css", parameters={}
2025-12-20 14:32:43.456 DEBUG [http-nio-0.0.0.0-8081-exec-6] o.s.w.s.h.SimpleUrlHandlerMapping - Mapped to ResourceHttpRequestHandler [classpath [META-INF/resources/], classpath [resources/], classpath [static/], classpath [public/], ServletContext [/]]
2025-12-20 14:32:43.458 DEBUG [http-nio-0.0.0.0-8081-exec-6] o.s.web.servlet.DispatcherServlet - Completed 200 OK
2025-12-20 14:32:43.461 DEBUG [http-nio-0.0.0.0-8081-exec-7] o.s.web.servlet.DispatcherServlet - GET "/css/std_word_list.css", parameters={}
2025-12-20 14:32:43.461 DEBUG [http-nio-0.0.0.0-8081-exec-8] o.s.web.servlet.DispatcherServlet - GET "/js/std_word_list.js", parameters={}
2025-12-20 14:32:43.461 DEBUG [http-nio-0.0.0.0-8081-exec-7] o.s.w.s.h.SimpleUrlHandlerMapping - Mapped to ResourceHttpRequestHandler [classpath [META-INF/resources/], classpath [resources/], classpath [static/], classpath [public/], ServletContext [/]]
2025-12-20 14:32:43.461 DEBUG [http-nio-0.0.0.0-8081-exec-8] o.s.w.s.h.SimpleUrlHandlerMapping - Mapped to ResourceHttpRequestHandler [classpath [META-INF/resources/], classpath [resources/], classpath [static/], classpath [public/], ServletContext [/]]
2025-12-20 14:32:43.464 DEBUG [http-nio-0.0.0.0-8081-exec-8] o.s.web.servlet.DispatcherServlet - Completed 200 OK
2025-12-20 14:32:43.474 DEBUG [http-nio-0.0.0.0-8081-exec-7] o.s.web.servlet.DispatcherServlet - Completed 200 OK
2025-12-20 14:32:44.546 DEBUG [http-nio-0.0.0.0-8081-exec-9] o.s.web.servlet.DispatcherServlet - GET "/std-word/update?wordId=766", parameters={masked}
2025-12-20 14:32:44.546 DEBUG [http-nio-0.0.0.0-8081-exec-9] o.s.w.s.m.m.a.RequestMappingHandlerMapping - Mapped to com.example.nproject.controller.MetaStdWordController#updateForm(Long, Model)
2025-12-20 14:32:44.546 DEBUG [http-nio-0.0.0.0-8081-exec-9] o.s.jdbc.datasource.DataSourceUtils - Fetching JDBC Connection from DataSource
2025-12-20 14:32:44.559 DEBUG [http-nio-0.0.0.0-8081-exec-9] c.e.n.m.M.selectStdWord - ==>  Preparing: SELECT word_id as wordId, std_word_name as stdWordName, eng_abbr_name as engAbbrName, eng_full_name as engFullName, definition, domain_type as domainType, use_yn as useYn FROM meta_std_word WHERE word_id = ?
2025-12-20 14:32:44.559 DEBUG [http-nio-0.0.0.0-8081-exec-9] c.e.n.m.M.selectStdWord - ==> Parameters: 766(Long)
2025-12-20 14:32:44.567 DEBUG [http-nio-0.0.0.0-8081-exec-9] c.e.n.m.M.selectStdWord - <==      Total: 1
2025-12-20 14:32:44.568 DEBUG [http-nio-0.0.0.0-8081-exec-9] o.s.w.s.v.ContentNegotiatingViewResolver - Selected 'text/html' given [text/html, application/xhtml+xml, image/avif, image/webp, image/apng, application/xml;q=0.9, */*;q=0.8, application/signed-exchange;v=b3;q=0.7]
2025-12-20 14:32:44.571 DEBUG [http-nio-0.0.0.0-8081-exec-9] o.s.web.servlet.DispatcherServlet - Completed 200 OK
2025-12-20 14:32:44.577 DEBUG [http-nio-0.0.0.0-8081-exec-10] o.s.web.servlet.DispatcherServlet - GET "/css/common.css", parameters={}
2025-12-20 14:32:44.578 DEBUG [http-nio-0.0.0.0-8081-exec-2] o.s.web.servlet.DispatcherServlet - GET "/js/std_update.js", parameters={}
2025-12-20 14:32:44.578 DEBUG [http-nio-0.0.0.0-8081-exec-10] o.s.w.s.h.SimpleUrlHandlerMapping - Mapped to ResourceHttpRequestHandler [classpath [META-INF/resources/], classpath [resources/], classpath [static/], classpath [public/], ServletContext [/]]
2025-12-20 14:32:44.578 DEBUG [http-nio-0.0.0.0-8081-exec-1] o.s.web.servlet.DispatcherServlet - GET "/css/std_word_insert.css", parameters={}
2025-12-20 14:32:44.578 DEBUG [http-nio-0.0.0.0-8081-exec-2] o.s.w.s.h.SimpleUrlHandlerMapping - Mapped to ResourceHttpRequestHandler [classpath [META-INF/resources/], classpath [resources/], classpath [static/], classpath [public/], ServletContext [/]]
2025-12-20 14:32:44.578 DEBUG [http-nio-0.0.0.0-8081-exec-1] o.s.w.s.h.SimpleUrlHandlerMapping - Mapped to ResourceHttpRequestHandler [classpath [META-INF/resources/], classpath [resources/], classpath [static/], classpath [public/], ServletContext [/]]
2025-12-20 14:32:44.580 DEBUG [http-nio-0.0.0.0-8081-exec-10] o.s.web.servlet.DispatcherServlet - Completed 200 OK
2025-12-20 14:32:44.580 DEBUG [http-nio-0.0.0.0-8081-exec-1] o.s.web.servlet.DispatcherServlet - Completed 200 OK
2025-12-20 14:32:44.580 DEBUG [http-nio-0.0.0.0-8081-exec-2] o.s.web.servlet.DispatcherServlet - Completed 200 OK
2025-12-20 14:32:56.904 DEBUG [http-nio-0.0.0.0-8081-exec-3] o.s.web.servlet.DispatcherServlet - POST "/std-word/update", parameters={}
2025-12-20 14:32:56.905 DEBUG [http-nio-0.0.0.0-8081-exec-3] o.s.w.s.m.m.a.RequestMappingHandlerMapping - Mapped to com.example.nproject.controller.MetaStdWordController#update(MetaStdWordDto)
2025-12-20 14:32:56.954 DEBUG [http-nio-0.0.0.0-8081-exec-3] o.s.w.s.m.m.a.RequestResponseBodyMethodProcessor - Read "application/json;charset=UTF-8" to [com.example.nproject.dto.MetaStdWordDto@6e1a4a6b]
2025-12-20 14:32:56.954 DEBUG [http-nio-0.0.0.0-8081-exec-3] o.s.jdbc.datasource.DataSourceUtils - Fetching JDBC Connection from DataSource
2025-12-20 14:32:56.967 DEBUG [http-nio-0.0.0.0-8081-exec-3] c.e.n.m.M.updateStdWord - ==>  Preparing: UPDATE meta_std_word SET std_word_name = ?, eng_abbr_name = ?, eng_full_name = ?, definition = ?, domain_type = ?, use_yn = ? WHERE word_id = ?
2025-12-20 14:32:56.967 DEBUG [http-nio-0.0.0.0-8081-exec-3] c.e.n.m.M.updateStdWord - ==> Parameters: ㄹ(String), SSSS(String), LOVE(String), TEST 사랑(String), TEST(String), N(String), 766(Integer)
2025-12-20 14:32:56.976 DEBUG [http-nio-0.0.0.0-8081-exec-3] c.e.n.m.M.updateStdWord - <==    Updates: 1
2025-12-20 14:32:56.981 DEBUG [http-nio-0.0.0.0-8081-exec-3] o.s.w.s.m.m.a.RequestResponseBodyMethodProcessor - Using 'text/plain', given [*/*] and supported [text/plain, */*, application/json, application/*+json]
2025-12-20 14:32:56.982 DEBUG [http-nio-0.0.0.0-8081-exec-3] o.s.w.s.m.m.a.RequestResponseBodyMethodProcessor - Writing ["SUCCESS"]
2025-12-20 14:32:56.982 DEBUG [http-nio-0.0.0.0-8081-exec-3] o.s.web.servlet.DispatcherServlet - Completed 200 OK
2025-12-20 14:32:59.679 DEBUG [http-nio-0.0.0.0-8081-exec-4] o.s.web.servlet.DispatcherServlet - GET "/std-word/list?size=10&stdWordName=%EC%82%AC%EB%9E%91", parameters={masked}
2025-12-20 14:32:59.679 DEBUG [http-nio-0.0.0.0-8081-exec-4] o.s.w.s.m.m.a.RequestMappingHandlerMapping - Mapped to com.example.nproject.controller.MetaStdWordController#list(MetaStdWordDto, Model)
2025-12-20 14:32:59.680 DEBUG [http-nio-0.0.0.0-8081-exec-4] o.s.jdbc.datasource.DataSourceUtils - Fetching JDBC Connection from DataSource
2025-12-20 14:32:59.696 DEBUG [http-nio-0.0.0.0-8081-exec-4] c.e.n.m.M.selectStdWordList - ==>  Preparing: SELECT word_id as wordId, std_word_name as stdWordName, eng_abbr_name as engAbbrName, eng_full_name as engFullName, definition, domain_type as domainType, use_yn as useYn FROM meta_std_word WHERE std_word_name LIKE '%' || ? || '%' ORDER BY word_id LIMIT ? OFFSET ?
2025-12-20 14:32:59.697 DEBUG [http-nio-0.0.0.0-8081-exec-4] c.e.n.m.M.selectStdWordList - ==> Parameters: 사랑(String), 10(Integer), 0(Integer)
2025-12-20 14:32:59.706 DEBUG [http-nio-0.0.0.0-8081-exec-4] c.e.n.m.M.selectStdWordList - <==      Total: 0
2025-12-20 14:32:59.707 DEBUG [http-nio-0.0.0.0-8081-exec-4] o.s.jdbc.datasource.DataSourceUtils - Fetching JDBC Connection from DataSource
2025-12-20 14:32:59.708 DEBUG [http-nio-0.0.0.0-8081-exec-4] c.e.n.m.M.countStdWordList - ==>  Preparing: SELECT COUNT(*) FROM meta_std_word WHERE std_word_name LIKE '%' || ? || '%'
2025-12-20 14:32:59.708 DEBUG [http-nio-0.0.0.0-8081-exec-4] c.e.n.m.M.countStdWordList - ==> Parameters: 사랑(String)
2025-12-20 14:32:59.759 DEBUG [http-nio-0.0.0.0-8081-exec-4] c.e.n.m.M.countStdWordList - <==      Total: 1
2025-12-20 14:32:59.760 DEBUG [http-nio-0.0.0.0-8081-exec-4] o.s.w.s.v.ContentNegotiatingViewResolver - Selected 'text/html' given [text/html, application/xhtml+xml, image/avif, image/webp, image/apng, application/xml;q=0.9, */*;q=0.8, application/signed-exchange;v=b3;q=0.7]
2025-12-20 14:32:59.763 DEBUG [http-nio-0.0.0.0-8081-exec-4] o.s.web.servlet.DispatcherServlet - Completed 200 OK
2025-12-20 14:32:59.781 DEBUG [http-nio-0.0.0.0-8081-exec-5] o.s.web.servlet.DispatcherServlet - GET "/css/common.css", parameters={}
2025-12-20 14:32:59.781 DEBUG [http-nio-0.0.0.0-8081-exec-5] o.s.w.s.h.SimpleUrlHandlerMapping - Mapped to ResourceHttpRequestHandler [classpath [META-INF/resources/], classpath [resources/], classpath [static/], classpath [public/], ServletContext [/]]
2025-12-20 14:32:59.782 DEBUG [http-nio-0.0.0.0-8081-exec-6] o.s.web.servlet.DispatcherServlet - GET "/css/std_word_list.css", parameters={}
2025-12-20 14:32:59.782 DEBUG [http-nio-0.0.0.0-8081-exec-8] o.s.web.servlet.DispatcherServlet - GET "/js/std_word_list.js", parameters={}
2025-12-20 14:32:59.782 DEBUG [http-nio-0.0.0.0-8081-exec-8] o.s.w.s.h.SimpleUrlHandlerMapping - Mapped to ResourceHttpRequestHandler [classpath [META-INF/resources/], classpath [resources/], classpath [static/], classpath [public/], ServletContext [/]]
2025-12-20 14:32:59.782 DEBUG [http-nio-0.0.0.0-8081-exec-6] o.s.w.s.h.SimpleUrlHandlerMapping - Mapped to ResourceHttpRequestHandler [classpath [META-INF/resources/], classpath [resources/], classpath [static/], classpath [public/], ServletContext [/]]
2025-12-20 14:32:59.783 DEBUG [http-nio-0.0.0.0-8081-exec-8] o.s.web.servlet.DispatcherServlet - Completed 200 OK
2025-12-20 14:32:59.783 DEBUG [http-nio-0.0.0.0-8081-exec-5] o.s.web.servlet.DispatcherServlet - Completed 200 OK
2025-12-20 14:32:59.784 DEBUG [http-nio-0.0.0.0-8081-exec-6] o.s.web.servlet.DispatcherServlet - Completed 200 OK
2025-12-20 14:33:04.146 DEBUG [http-nio-0.0.0.0-8081-exec-7] o.s.web.servlet.DispatcherServlet - GET "/std-word/list?size=10&stdWordName=%EC%9D%B4%EB%B3%84", parameters={masked}
2025-12-20 14:33:04.146 DEBUG [http-nio-0.0.0.0-8081-exec-7] o.s.w.s.m.m.a.RequestMappingHandlerMapping - Mapped to com.example.nproject.controller.MetaStdWordController#list(MetaStdWordDto, Model)
2025-12-20 14:33:04.147 DEBUG [http-nio-0.0.0.0-8081-exec-7] o.s.jdbc.datasource.DataSourceUtils - Fetching JDBC Connection from DataSource
2025-12-20 14:33:04.157 DEBUG [http-nio-0.0.0.0-8081-exec-7] c.e.n.m.M.selectStdWordList - ==>  Preparing: SELECT word_id as wordId, std_word_name as stdWordName, eng_abbr_name as engAbbrName, eng_full_name as engFullName, definition, domain_type as domainType, use_yn as useYn FROM meta_std_word WHERE std_word_name LIKE '%' || ? || '%' ORDER BY word_id LIMIT ? OFFSET ?
2025-12-20 14:33:04.158 DEBUG [http-nio-0.0.0.0-8081-exec-7] c.e.n.m.M.selectStdWordList - ==> Parameters: 이별(String), 10(Integer), 0(Integer)
2025-12-20 14:33:04.165 DEBUG [http-nio-0.0.0.0-8081-exec-7] c.e.n.m.M.selectStdWordList - <==      Total: 1
2025-12-20 14:33:04.167 DEBUG [http-nio-0.0.0.0-8081-exec-7] o.s.jdbc.datasource.DataSourceUtils - Fetching JDBC Connection from DataSource
2025-12-20 14:33:04.167 DEBUG [http-nio-0.0.0.0-8081-exec-7] c.e.n.m.M.countStdWordList - ==>  Preparing: SELECT COUNT(*) FROM meta_std_word WHERE std_word_name LIKE '%' || ? || '%'
2025-12-20 14:33:04.167 DEBUG [http-nio-0.0.0.0-8081-exec-7] c.e.n.m.M.countStdWordList - ==> Parameters: 이별(String)
2025-12-20 14:33:04.176 DEBUG [http-nio-0.0.0.0-8081-exec-7] c.e.n.m.M.countStdWordList - <==      Total: 1
2025-12-20 14:33:04.177 DEBUG [http-nio-0.0.0.0-8081-exec-7] o.s.w.s.v.ContentNegotiatingViewResolver - Selected 'text/html' given [text/html, application/xhtml+xml, image/avif, image/webp, image/apng, application/xml;q=0.9, */*;q=0.8, application/signed-exchange;v=b3;q=0.7]
2025-12-20 14:33:04.182 DEBUG [http-nio-0.0.0.0-8081-exec-7] o.s.web.servlet.DispatcherServlet - Completed 200 OK
2025-12-20 14:33:04.200 DEBUG [http-nio-0.0.0.0-8081-exec-9] o.s.web.servlet.DispatcherServlet - GET "/css/common.css", parameters={}
2025-12-20 14:33:04.200 DEBUG [http-nio-0.0.0.0-8081-exec-9] o.s.w.s.h.SimpleUrlHandlerMapping - Mapped to ResourceHttpRequestHandler [classpath [META-INF/resources/], classpath [resources/], classpath [static/], classpath [public/], ServletContext [/]]
2025-12-20 14:33:04.202 DEBUG [http-nio-0.0.0.0-8081-exec-9] o.s.web.servlet.DispatcherServlet - Completed 200 OK
2025-12-20 14:33:04.204 DEBUG [http-nio-0.0.0.0-8081-exec-1] o.s.web.servlet.DispatcherServlet - GET "/css/std_word_list.css", parameters={}
2025-12-20 14:33:04.204 DEBUG [http-nio-0.0.0.0-8081-exec-2] o.s.web.servlet.DispatcherServlet - GET "/js/std_word_list.js", parameters={}
2025-12-20 14:33:04.204 DEBUG [http-nio-0.0.0.0-8081-exec-2] o.s.w.s.h.SimpleUrlHandlerMapping - Mapped to ResourceHttpRequestHandler [classpath [META-INF/resources/], classpath [resources/], classpath [static/], classpath [public/], ServletContext [/]]
2025-12-20 14:33:04.204 DEBUG [http-nio-0.0.0.0-8081-exec-1] o.s.w.s.h.SimpleUrlHandlerMapping - Mapped to ResourceHttpRequestHandler [classpath [META-INF/resources/], classpath [resources/], classpath [static/], classpath [public/], ServletContext [/]]
2025-12-20 14:33:04.207 DEBUG [http-nio-0.0.0.0-8081-exec-2] o.s.web.servlet.DispatcherServlet - Completed 200 OK
2025-12-20 14:33:04.207 DEBUG [http-nio-0.0.0.0-8081-exec-1] o.s.web.servlet.DispatcherServlet - Completed 200 OK
2025-12-20 14:33:05.363 DEBUG [http-nio-0.0.0.0-8081-exec-10] o.s.web.servlet.DispatcherServlet - GET "/std-word/update?wordId=767", parameters={masked}
2025-12-20 14:33:05.363 DEBUG [http-nio-0.0.0.0-8081-exec-10] o.s.w.s.m.m.a.RequestMappingHandlerMapping - Mapped to com.example.nproject.controller.MetaStdWordController#updateForm(Long, Model)
2025-12-20 14:33:05.365 DEBUG [http-nio-0.0.0.0-8081-exec-10] o.s.jdbc.datasource.DataSourceUtils - Fetching JDBC Connection from DataSource
2025-12-20 14:33:05.372 DEBUG [http-nio-0.0.0.0-8081-exec-10] c.e.n.m.M.selectStdWord - ==>  Preparing: SELECT word_id as wordId, std_word_name as stdWordName, eng_abbr_name as engAbbrName, eng_full_name as engFullName, definition, domain_type as domainType, use_yn as useYn FROM meta_std_word WHERE word_id = ?
2025-12-20 14:33:05.372 DEBUG [http-nio-0.0.0.0-8081-exec-10] c.e.n.m.M.selectStdWord - ==> Parameters: 767(Long)
2025-12-20 14:33:05.379 DEBUG [http-nio-0.0.0.0-8081-exec-10] c.e.n.m.M.selectStdWord - <==      Total: 1
2025-12-20 14:33:05.380 DEBUG [http-nio-0.0.0.0-8081-exec-10] o.s.w.s.v.ContentNegotiatingViewResolver - Selected 'text/html' given [text/html, application/xhtml+xml, image/avif, image/webp, image/apng, application/xml;q=0.9, */*;q=0.8, application/signed-exchange;v=b3;q=0.7]
2025-12-20 14:33:05.384 DEBUG [http-nio-0.0.0.0-8081-exec-10] o.s.web.servlet.DispatcherServlet - Completed 200 OK
2025-12-20 14:33:05.390 DEBUG [http-nio-0.0.0.0-8081-exec-3] o.s.web.servlet.DispatcherServlet - GET "/css/common.css", parameters={}
2025-12-20 14:33:05.390 DEBUG [http-nio-0.0.0.0-8081-exec-4] o.s.web.servlet.DispatcherServlet - GET "/css/std_word_insert.css", parameters={}
2025-12-20 14:33:05.390 DEBUG [http-nio-0.0.0.0-8081-exec-5] o.s.web.servlet.DispatcherServlet - GET "/js/std_update.js", parameters={}
2025-12-20 14:33:05.390 DEBUG [http-nio-0.0.0.0-8081-exec-5] o.s.w.s.h.SimpleUrlHandlerMapping - Mapped to ResourceHttpRequestHandler [classpath [META-INF/resources/], classpath [resources/], classpath [static/], classpath [public/], ServletContext [/]]
2025-12-20 14:33:05.390 DEBUG [http-nio-0.0.0.0-8081-exec-3] o.s.w.s.h.SimpleUrlHandlerMapping - Mapped to ResourceHttpRequestHandler [classpath [META-INF/resources/], classpath [resources/], classpath [static/], classpath [public/], ServletContext [/]]
2025-12-20 14:33:05.390 DEBUG [http-nio-0.0.0.0-8081-exec-4] o.s.w.s.h.SimpleUrlHandlerMapping - Mapped to ResourceHttpRequestHandler [classpath [META-INF/resources/], classpath [resources/], classpath [static/], classpath [public/], ServletContext [/]]
2025-12-20 14:33:05.392 DEBUG [http-nio-0.0.0.0-8081-exec-3] o.s.web.servlet.DispatcherServlet - Completed 200 OK
2025-12-20 14:33:05.392 DEBUG [http-nio-0.0.0.0-8081-exec-5] o.s.web.servlet.DispatcherServlet - Completed 200 OK
2025-12-20 14:33:05.392 DEBUG [http-nio-0.0.0.0-8081-exec-4] o.s.web.servlet.DispatcherServlet - Completed 200 OK
2025-12-20 14:34:19.230 DEBUG [http-nio-0.0.0.0-8081-exec-9] o.s.web.servlet.DispatcherServlet - GET "/std-word/list?size=10&stdWordName=", parameters={masked}
2025-12-20 14:34:19.231 DEBUG [http-nio-0.0.0.0-8081-exec-9] o.s.w.s.m.m.a.RequestMappingHandlerMapping - Mapped to com.example.nproject.controller.MetaStdWordController#list(MetaStdWordDto, Model)
2025-12-20 14:34:19.232 DEBUG [http-nio-0.0.0.0-8081-exec-9] o.s.jdbc.datasource.DataSourceUtils - Fetching JDBC Connection from DataSource
2025-12-20 14:34:19.248 DEBUG [http-nio-0.0.0.0-8081-exec-9] c.e.n.m.M.selectStdWordList - ==>  Preparing: SELECT word_id as wordId, std_word_name as stdWordName, eng_abbr_name as engAbbrName, eng_full_name as engFullName, definition, domain_type as domainType, use_yn as useYn FROM meta_std_word ORDER BY word_id LIMIT ? OFFSET ?
2025-12-20 14:34:19.249 DEBUG [http-nio-0.0.0.0-8081-exec-9] c.e.n.m.M.selectStdWordList - ==> Parameters: 10(Integer), 0(Integer)
2025-12-20 14:34:19.275 DEBUG [http-nio-0.0.0.0-8081-exec-9] c.e.n.m.M.selectStdWordList - <==      Total: 10
2025-12-20 14:34:19.275 DEBUG [http-nio-0.0.0.0-8081-exec-9] o.s.jdbc.datasource.DataSourceUtils - Fetching JDBC Connection from DataSource
2025-12-20 14:34:19.275 DEBUG [http-nio-0.0.0.0-8081-exec-9] c.e.n.m.M.countStdWordList - ==>  Preparing: SELECT COUNT(*) FROM meta_std_word
2025-12-20 14:34:19.275 DEBUG [http-nio-0.0.0.0-8081-exec-9] c.e.n.m.M.countStdWordList - ==> Parameters: 
2025-12-20 14:34:19.296 DEBUG [http-nio-0.0.0.0-8081-exec-9] c.e.n.m.M.countStdWordList - <==      Total: 1
2025-12-20 14:34:19.296 DEBUG [http-nio-0.0.0.0-8081-exec-9] o.s.w.s.v.ContentNegotiatingViewResolver - Selected 'text/html' given [text/html, application/xhtml+xml, image/avif, image/webp, image/apng, application/xml;q=0.9, */*;q=0.8, application/signed-exchange;v=b3;q=0.7]
2025-12-20 14:34:19.304 DEBUG [http-nio-0.0.0.0-8081-exec-9] o.s.web.servlet.DispatcherServlet - Completed 200 OK
2025-12-20 14:34:19.321 DEBUG [http-nio-0.0.0.0-8081-exec-1] o.s.web.servlet.DispatcherServlet - GET "/css/common.css", parameters={}
2025-12-20 14:34:19.321 DEBUG [http-nio-0.0.0.0-8081-exec-1] o.s.w.s.h.SimpleUrlHandlerMapping - Mapped to ResourceHttpRequestHandler [classpath [META-INF/resources/], classpath [resources/], classpath [static/], classpath [public/], ServletContext [/]]
2025-12-20 14:34:19.323 DEBUG [http-nio-0.0.0.0-8081-exec-1] o.s.web.servlet.DispatcherServlet - Completed 200 OK
2025-12-20 14:34:19.326 DEBUG [http-nio-0.0.0.0-8081-exec-2] o.s.web.servlet.DispatcherServlet - GET "/css/std_word_list.css", parameters={}
2025-12-20 14:34:19.326 DEBUG [http-nio-0.0.0.0-8081-exec-10] o.s.web.servlet.DispatcherServlet - GET "/js/std_word_list.js", parameters={}
2025-12-20 14:34:19.326 DEBUG [http-nio-0.0.0.0-8081-exec-10] o.s.w.s.h.SimpleUrlHandlerMapping - Mapped to ResourceHttpRequestHandler [classpath [META-INF/resources/], classpath [resources/], classpath [static/], classpath [public/], ServletContext [/]]
2025-12-20 14:34:19.326 DEBUG [http-nio-0.0.0.0-8081-exec-2] o.s.w.s.h.SimpleUrlHandlerMapping - Mapped to ResourceHttpRequestHandler [classpath [META-INF/resources/], classpath [resources/], classpath [static/], classpath [public/], ServletContext [/]]
2025-12-20 14:34:19.327 DEBUG [http-nio-0.0.0.0-8081-exec-10] o.s.web.servlet.DispatcherServlet - Completed 200 OK
2025-12-20 14:34:19.328 DEBUG [http-nio-0.0.0.0-8081-exec-2] o.s.web.servlet.DispatcherServlet - Completed 200 OK
2025-12-20 14:34:29.963 DEBUG [http-nio-0.0.0.0-8081-exec-5] o.s.web.servlet.DispatcherServlet - GET "/std-word/list?size=10&stdWordName=%E3%85%90", parameters={masked}
2025-12-20 14:34:29.963 DEBUG [http-nio-0.0.0.0-8081-exec-5] o.s.w.s.m.m.a.RequestMappingHandlerMapping - Mapped to com.example.nproject.controller.MetaStdWordController#list(MetaStdWordDto, Model)
2025-12-20 14:34:29.963 DEBUG [http-nio-0.0.0.0-8081-exec-5] o.s.jdbc.datasource.DataSourceUtils - Fetching JDBC Connection from DataSource
2025-12-20 14:34:29.971 DEBUG [http-nio-0.0.0.0-8081-exec-5] c.e.n.m.M.selectStdWordList - ==>  Preparing: SELECT word_id as wordId, std_word_name as stdWordName, eng_abbr_name as engAbbrName, eng_full_name as engFullName, definition, domain_type as domainType, use_yn as useYn FROM meta_std_word WHERE std_word_name LIKE '%' || ? || '%' ORDER BY word_id LIMIT ? OFFSET ?
2025-12-20 14:34:29.971 DEBUG [http-nio-0.0.0.0-8081-exec-5] c.e.n.m.M.selectStdWordList - ==> Parameters: ㅐ(String), 10(Integer), 0(Integer)
2025-12-20 14:34:29.982 DEBUG [http-nio-0.0.0.0-8081-exec-5] c.e.n.m.M.selectStdWordList - <==      Total: 0
2025-12-20 14:34:29.983 DEBUG [http-nio-0.0.0.0-8081-exec-5] o.s.jdbc.datasource.DataSourceUtils - Fetching JDBC Connection from DataSource
2025-12-20 14:34:29.983 DEBUG [http-nio-0.0.0.0-8081-exec-5] c.e.n.m.M.countStdWordList - ==>  Preparing: SELECT COUNT(*) FROM meta_std_word WHERE std_word_name LIKE '%' || ? || '%'
2025-12-20 14:34:29.983 DEBUG [http-nio-0.0.0.0-8081-exec-5] c.e.n.m.M.countStdWordList - ==> Parameters: ㅐ(String)
2025-12-20 14:34:29.991 DEBUG [http-nio-0.0.0.0-8081-exec-5] c.e.n.m.M.countStdWordList - <==      Total: 1
2025-12-20 14:34:29.991 DEBUG [http-nio-0.0.0.0-8081-exec-5] o.s.w.s.v.ContentNegotiatingViewResolver - Selected 'text/html' given [text/html, application/xhtml+xml, image/avif, image/webp, image/apng, application/xml;q=0.9, */*;q=0.8, application/signed-exchange;v=b3;q=0.7]
2025-12-20 14:34:29.995 DEBUG [http-nio-0.0.0.0-8081-exec-5] o.s.web.servlet.DispatcherServlet - Completed 200 OK
2025-12-20 14:34:30.017 DEBUG [http-nio-0.0.0.0-8081-exec-3] o.s.web.servlet.DispatcherServlet - GET "/css/common.css", parameters={}
2025-12-20 14:34:30.018 DEBUG [http-nio-0.0.0.0-8081-exec-3] o.s.w.s.h.SimpleUrlHandlerMapping - Mapped to ResourceHttpRequestHandler [classpath [META-INF/resources/], classpath [resources/], classpath [static/], classpath [public/], ServletContext [/]]
2025-12-20 14:34:30.020 DEBUG [http-nio-0.0.0.0-8081-exec-3] o.s.web.servlet.DispatcherServlet - Completed 200 OK
2025-12-20 14:34:30.021 DEBUG [http-nio-0.0.0.0-8081-exec-4] o.s.web.servlet.DispatcherServlet - GET "/css/std_word_list.css", parameters={}
2025-12-20 14:34:30.022 DEBUG [http-nio-0.0.0.0-8081-exec-4] o.s.w.s.h.SimpleUrlHandlerMapping - Mapped to ResourceHttpRequestHandler [classpath [META-INF/resources/], classpath [resources/], classpath [static/], classpath [public/], ServletContext [/]]
2025-12-20 14:34:30.022 DEBUG [http-nio-0.0.0.0-8081-exec-7] o.s.web.servlet.DispatcherServlet - GET "/js/std_word_list.js", parameters={}
2025-12-20 14:34:30.023 DEBUG [http-nio-0.0.0.0-8081-exec-7] o.s.w.s.h.SimpleUrlHandlerMapping - Mapped to ResourceHttpRequestHandler [classpath [META-INF/resources/], classpath [resources/], classpath [static/], classpath [public/], ServletContext [/]]
2025-12-20 14:34:30.024 DEBUG [http-nio-0.0.0.0-8081-exec-7] o.s.web.servlet.DispatcherServlet - Completed 200 OK
2025-12-20 14:34:30.025 DEBUG [http-nio-0.0.0.0-8081-exec-4] o.s.web.servlet.DispatcherServlet - Completed 200 OK
2025-12-20 14:34:33.542 DEBUG [http-nio-0.0.0.0-8081-exec-8] o.s.web.servlet.DispatcherServlet - GET "/std-word/list?size=10&stdWordName=%EC%82%AC%EB%9E%91", parameters={masked}
2025-12-20 14:34:33.542 DEBUG [http-nio-0.0.0.0-8081-exec-8] o.s.w.s.m.m.a.RequestMappingHandlerMapping - Mapped to com.example.nproject.controller.MetaStdWordController#list(MetaStdWordDto, Model)
2025-12-20 14:34:33.543 DEBUG [http-nio-0.0.0.0-8081-exec-8] o.s.jdbc.datasource.DataSourceUtils - Fetching JDBC Connection from DataSource
2025-12-20 14:34:33.550 DEBUG [http-nio-0.0.0.0-8081-exec-8] c.e.n.m.M.selectStdWordList - ==>  Preparing: SELECT word_id as wordId, std_word_name as stdWordName, eng_abbr_name as engAbbrName, eng_full_name as engFullName, definition, domain_type as domainType, use_yn as useYn FROM meta_std_word WHERE std_word_name LIKE '%' || ? || '%' ORDER BY word_id LIMIT ? OFFSET ?
2025-12-20 14:34:33.550 DEBUG [http-nio-0.0.0.0-8081-exec-8] c.e.n.m.M.selectStdWordList - ==> Parameters: 사랑(String), 10(Integer), 0(Integer)
2025-12-20 14:34:33.602 DEBUG [http-nio-0.0.0.0-8081-exec-8] c.e.n.m.M.selectStdWordList - <==      Total: 0
2025-12-20 14:34:33.602 DEBUG [http-nio-0.0.0.0-8081-exec-8] o.s.jdbc.datasource.DataSourceUtils - Fetching JDBC Connection from DataSource
2025-12-20 14:34:33.602 DEBUG [http-nio-0.0.0.0-8081-exec-8] c.e.n.m.M.countStdWordList - ==>  Preparing: SELECT COUNT(*) FROM meta_std_word WHERE std_word_name LIKE '%' || ? || '%'
2025-12-20 14:34:33.603 DEBUG [http-nio-0.0.0.0-8081-exec-8] c.e.n.m.M.countStdWordList - ==> Parameters: 사랑(String)
2025-12-20 14:34:33.613 DEBUG [http-nio-0.0.0.0-8081-exec-8] c.e.n.m.M.countStdWordList - <==      Total: 1
2025-12-20 14:34:33.613 DEBUG [http-nio-0.0.0.0-8081-exec-8] o.s.w.s.v.ContentNegotiatingViewResolver - Selected 'text/html' given [text/html, application/xhtml+xml, image/avif, image/webp, image/apng, application/xml;q=0.9, */*;q=0.8, application/signed-exchange;v=b3;q=0.7]
2025-12-20 14:34:33.617 DEBUG [http-nio-0.0.0.0-8081-exec-8] o.s.web.servlet.DispatcherServlet - Completed 200 OK
2025-12-20 14:34:33.634 DEBUG [http-nio-0.0.0.0-8081-exec-6] o.s.web.servlet.DispatcherServlet - GET "/css/common.css", parameters={}
2025-12-20 14:34:33.635 DEBUG [http-nio-0.0.0.0-8081-exec-6] o.s.w.s.h.SimpleUrlHandlerMapping - Mapped to ResourceHttpRequestHandler [classpath [META-INF/resources/], classpath [resources/], classpath [static/], classpath [public/], ServletContext [/]]
2025-12-20 14:34:33.637 DEBUG [http-nio-0.0.0.0-8081-exec-6] o.s.web.servlet.DispatcherServlet - Completed 200 OK
2025-12-20 14:34:33.638 DEBUG [http-nio-0.0.0.0-8081-exec-9] o.s.web.servlet.DispatcherServlet - GET "/css/std_word_list.css", parameters={}
2025-12-20 14:34:33.638 DEBUG [http-nio-0.0.0.0-8081-exec-1] o.s.web.servlet.DispatcherServlet - GET "/js/std_word_list.js", parameters={}
2025-12-20 14:34:33.638 DEBUG [http-nio-0.0.0.0-8081-exec-9] o.s.w.s.h.SimpleUrlHandlerMapping - Mapped to ResourceHttpRequestHandler [classpath [META-INF/resources/], classpath [resources/], classpath [static/], classpath [public/], ServletContext [/]]
2025-12-20 14:34:33.638 DEBUG [http-nio-0.0.0.0-8081-exec-1] o.s.w.s.h.SimpleUrlHandlerMapping - Mapped to ResourceHttpRequestHandler [classpath [META-INF/resources/], classpath [resources/], classpath [static/], classpath [public/], ServletContext [/]]
2025-12-20 14:34:33.640 DEBUG [http-nio-0.0.0.0-8081-exec-1] o.s.web.servlet.DispatcherServlet - Completed 200 OK
2025-12-20 14:34:33.640 DEBUG [http-nio-0.0.0.0-8081-exec-9] o.s.web.servlet.DispatcherServlet - Completed 200 OK
2025-12-20 14:35:06.048 DEBUG [http-nio-0.0.0.0-8081-exec-2] o.s.web.servlet.DispatcherServlet - GET "/std-word/list?size=500&stdWordName=%EC%82%AC%EB%9E%91&page=1", parameters={masked}
2025-12-20 14:35:06.048 DEBUG [http-nio-0.0.0.0-8081-exec-2] o.s.w.s.m.m.a.RequestMappingHandlerMapping - Mapped to com.example.nproject.controller.MetaStdWordController#list(MetaStdWordDto, Model)
2025-12-20 14:35:06.049 DEBUG [http-nio-0.0.0.0-8081-exec-2] o.s.jdbc.datasource.DataSourceUtils - Fetching JDBC Connection from DataSource
2025-12-20 14:35:06.065 DEBUG [http-nio-0.0.0.0-8081-exec-2] c.e.n.m.M.selectStdWordList - ==>  Preparing: SELECT word_id as wordId, std_word_name as stdWordName, eng_abbr_name as engAbbrName, eng_full_name as engFullName, definition, domain_type as domainType, use_yn as useYn FROM meta_std_word WHERE std_word_name LIKE '%' || ? || '%' ORDER BY word_id LIMIT ? OFFSET ?
2025-12-20 14:35:06.065 DEBUG [http-nio-0.0.0.0-8081-exec-2] c.e.n.m.M.selectStdWordList - ==> Parameters: 사랑(String), 500(Integer), 0(Integer)
2025-12-20 14:35:06.084 DEBUG [http-nio-0.0.0.0-8081-exec-2] c.e.n.m.M.selectStdWordList - <==      Total: 0
2025-12-20 14:35:06.085 DEBUG [http-nio-0.0.0.0-8081-exec-2] o.s.jdbc.datasource.DataSourceUtils - Fetching JDBC Connection from DataSource
2025-12-20 14:35:06.085 DEBUG [http-nio-0.0.0.0-8081-exec-2] c.e.n.m.M.countStdWordList - ==>  Preparing: SELECT COUNT(*) FROM meta_std_word WHERE std_word_name LIKE '%' || ? || '%'
2025-12-20 14:35:06.085 DEBUG [http-nio-0.0.0.0-8081-exec-2] c.e.n.m.M.countStdWordList - ==> Parameters: 사랑(String)
2025-12-20 14:35:06.097 DEBUG [http-nio-0.0.0.0-8081-exec-2] c.e.n.m.M.countStdWordList - <==      Total: 1
2025-12-20 14:35:06.097 DEBUG [http-nio-0.0.0.0-8081-exec-2] o.s.w.s.v.ContentNegotiatingViewResolver - Selected 'text/html' given [text/html, application/xhtml+xml, image/avif, image/webp, image/apng, application/xml;q=0.9, */*;q=0.8, application/signed-exchange;v=b3;q=0.7]
2025-12-20 14:35:06.101 DEBUG [http-nio-0.0.0.0-8081-exec-2] o.s.web.servlet.DispatcherServlet - Completed 200 OK
2025-12-20 14:35:06.119 DEBUG [http-nio-0.0.0.0-8081-exec-10] o.s.web.servlet.DispatcherServlet - GET "/css/common.css", parameters={}
2025-12-20 14:35:06.120 DEBUG [http-nio-0.0.0.0-8081-exec-10] o.s.w.s.h.SimpleUrlHandlerMapping - Mapped to ResourceHttpRequestHandler [classpath [META-INF/resources/], classpath [resources/], classpath [static/], classpath [public/], ServletContext [/]]
2025-12-20 14:35:06.121 DEBUG [http-nio-0.0.0.0-8081-exec-10] o.s.web.servlet.DispatcherServlet - Completed 200 OK
2025-12-20 14:35:06.126 DEBUG [http-nio-0.0.0.0-8081-exec-5] o.s.web.servlet.DispatcherServlet - GET "/css/std_word_list.css", parameters={}
2025-12-20 14:35:06.126 DEBUG [http-nio-0.0.0.0-8081-exec-3] o.s.web.servlet.DispatcherServlet - GET "/js/std_word_list.js", parameters={}
2025-12-20 14:35:06.126 DEBUG [http-nio-0.0.0.0-8081-exec-3] o.s.w.s.h.SimpleUrlHandlerMapping - Mapped to ResourceHttpRequestHandler [classpath [META-INF/resources/], classpath [resources/], classpath [static/], classpath [public/], ServletContext [/]]
2025-12-20 14:35:06.126 DEBUG [http-nio-0.0.0.0-8081-exec-5] o.s.w.s.h.SimpleUrlHandlerMapping - Mapped to ResourceHttpRequestHandler [classpath [META-INF/resources/], classpath [resources/], classpath [static/], classpath [public/], ServletContext [/]]
2025-12-20 14:35:06.127 DEBUG [http-nio-0.0.0.0-8081-exec-3] o.s.web.servlet.DispatcherServlet - Completed 200 OK
2025-12-20 14:35:06.128 DEBUG [http-nio-0.0.0.0-8081-exec-5] o.s.web.servlet.DispatcherServlet - Completed 200 OK
2025-12-20 14:35:11.607 DEBUG [http-nio-0.0.0.0-8081-exec-7] o.s.web.servlet.DispatcherServlet - GET "/std-word/insert", parameters={}
2025-12-20 14:35:11.607 DEBUG [http-nio-0.0.0.0-8081-exec-7] o.s.w.s.m.m.a.RequestMappingHandlerMapping - Mapped to com.example.nproject.controller.MetaStdWordController#insertForm(Model)
2025-12-20 14:35:11.608 DEBUG [http-nio-0.0.0.0-8081-exec-7] o.s.w.s.v.ContentNegotiatingViewResolver - Selected 'text/html' given [text/html, application/xhtml+xml, image/avif, image/webp, image/apng, application/xml;q=0.9, */*;q=0.8, application/signed-exchange;v=b3;q=0.7]
2025-12-20 14:35:11.617 DEBUG [http-nio-0.0.0.0-8081-exec-7] o.s.web.servlet.DispatcherServlet - Completed 200 OK
2025-12-20 14:35:11.633 DEBUG [http-nio-0.0.0.0-8081-exec-4] o.s.web.servlet.DispatcherServlet - GET "/css/common.css", parameters={}
2025-12-20 14:35:11.634 DEBUG [http-nio-0.0.0.0-8081-exec-4] o.s.w.s.h.SimpleUrlHandlerMapping - Mapped to ResourceHttpRequestHandler [classpath [META-INF/resources/], classpath [resources/], classpath [static/], classpath [public/], ServletContext [/]]
2025-12-20 14:35:11.636 DEBUG [http-nio-0.0.0.0-8081-exec-4] o.s.web.servlet.DispatcherServlet - Completed 200 OK
2025-12-20 14:35:11.638 DEBUG [http-nio-0.0.0.0-8081-exec-6] o.s.web.servlet.DispatcherServlet - GET "/js/std_word_insert.js", parameters={}
2025-12-20 14:35:11.638 DEBUG [http-nio-0.0.0.0-8081-exec-8] o.s.web.servlet.DispatcherServlet - GET "/css/std_word_insert.css", parameters={}
2025-12-20 14:35:11.638 DEBUG [http-nio-0.0.0.0-8081-exec-6] o.s.w.s.h.SimpleUrlHandlerMapping - Mapped to ResourceHttpRequestHandler [classpath [META-INF/resources/], classpath [resources/], classpath [static/], classpath [public/], ServletContext [/]]
2025-12-20 14:35:11.638 DEBUG [http-nio-0.0.0.0-8081-exec-8] o.s.w.s.h.SimpleUrlHandlerMapping - Mapped to ResourceHttpRequestHandler [classpath [META-INF/resources/], classpath [resources/], classpath [static/], classpath [public/], ServletContext [/]]
2025-12-20 14:35:11.640 DEBUG [http-nio-0.0.0.0-8081-exec-8] o.s.web.servlet.DispatcherServlet - Completed 200 OK
2025-12-20 14:35:11.641 DEBUG [http-nio-0.0.0.0-8081-exec-6] o.s.web.servlet.DispatcherServlet - Completed 200 OK
2025-12-20 14:35:12.347 DEBUG [http-nio-0.0.0.0-8081-exec-1] o.s.web.servlet.DispatcherServlet - GET "/std-word/list", parameters={}
2025-12-20 14:35:12.347 DEBUG [http-nio-0.0.0.0-8081-exec-1] o.s.w.s.m.m.a.RequestMappingHandlerMapping - Mapped to com.example.nproject.controller.MetaStdWordController#list(MetaStdWordDto, Model)
2025-12-20 14:35:12.348 DEBUG [http-nio-0.0.0.0-8081-exec-1] o.s.jdbc.datasource.DataSourceUtils - Fetching JDBC Connection from DataSource
2025-12-20 14:35:12.355 DEBUG [http-nio-0.0.0.0-8081-exec-1] c.e.n.m.M.selectStdWordList - ==>  Preparing: SELECT word_id as wordId, std_word_name as stdWordName, eng_abbr_name as engAbbrName, eng_full_name as engFullName, definition, domain_type as domainType, use_yn as useYn FROM meta_std_word ORDER BY word_id LIMIT ? OFFSET ?
2025-12-20 14:35:12.355 DEBUG [http-nio-0.0.0.0-8081-exec-1] c.e.n.m.M.selectStdWordList - ==> Parameters: 10(Integer), 0(Integer)
2025-12-20 14:35:12.363 DEBUG [http-nio-0.0.0.0-8081-exec-1] c.e.n.m.M.selectStdWordList - <==      Total: 10
2025-12-20 14:35:12.363 DEBUG [http-nio-0.0.0.0-8081-exec-1] o.s.jdbc.datasource.DataSourceUtils - Fetching JDBC Connection from DataSource
2025-12-20 14:35:12.363 DEBUG [http-nio-0.0.0.0-8081-exec-1] c.e.n.m.M.countStdWordList - ==>  Preparing: SELECT COUNT(*) FROM meta_std_word
2025-12-20 14:35:12.363 DEBUG [http-nio-0.0.0.0-8081-exec-1] c.e.n.m.M.countStdWordList - ==> Parameters: 
2025-12-20 14:35:12.372 DEBUG [http-nio-0.0.0.0-8081-exec-1] c.e.n.m.M.countStdWordList - <==      Total: 1
2025-12-20 14:35:12.372 DEBUG [http-nio-0.0.0.0-8081-exec-1] o.s.w.s.v.ContentNegotiatingViewResolver - Selected 'text/html' given [text/html, application/xhtml+xml, image/avif, image/webp, image/apng, application/xml;q=0.9, */*;q=0.8, application/signed-exchange;v=b3;q=0.7]
2025-12-20 14:35:12.377 DEBUG [http-nio-0.0.0.0-8081-exec-1] o.s.web.servlet.DispatcherServlet - Completed 200 OK
2025-12-20 14:35:12.393 DEBUG [http-nio-0.0.0.0-8081-exec-9] o.s.web.servlet.DispatcherServlet - GET "/css/common.css", parameters={}
2025-12-20 14:35:12.393 DEBUG [http-nio-0.0.0.0-8081-exec-9] o.s.w.s.h.SimpleUrlHandlerMapping - Mapped to ResourceHttpRequestHandler [classpath [META-INF/resources/], classpath [resources/], classpath [static/], classpath [public/], ServletContext [/]]
2025-12-20 14:35:12.396 DEBUG [http-nio-0.0.0.0-8081-exec-9] o.s.web.servlet.DispatcherServlet - Completed 200 OK
2025-12-20 14:35:12.399 DEBUG [http-nio-0.0.0.0-8081-exec-2] o.s.web.servlet.DispatcherServlet - GET "/css/std_word_list.css", parameters={}
2025-12-20 14:35:12.399 DEBUG [http-nio-0.0.0.0-8081-exec-10] o.s.web.servlet.DispatcherServlet - GET "/js/std_word_list.js", parameters={}
2025-12-20 14:35:12.399 DEBUG [http-nio-0.0.0.0-8081-exec-10] o.s.w.s.h.SimpleUrlHandlerMapping - Mapped to ResourceHttpRequestHandler [classpath [META-INF/resources/], classpath [resources/], classpath [static/], classpath [public/], ServletContext [/]]
2025-12-20 14:35:12.399 DEBUG [http-nio-0.0.0.0-8081-exec-2] o.s.w.s.h.SimpleUrlHandlerMapping - Mapped to ResourceHttpRequestHandler [classpath [META-INF/resources/], classpath [resources/], classpath [static/], classpath [public/], ServletContext [/]]
2025-12-20 14:35:12.402 DEBUG [http-nio-0.0.0.0-8081-exec-10] o.s.web.servlet.DispatcherServlet - Completed 200 OK
2025-12-20 14:35:12.402 DEBUG [http-nio-0.0.0.0-8081-exec-2] o.s.web.servlet.DispatcherServlet - Completed 200 OK
2025-12-20 14:35:16.910 DEBUG [http-nio-0.0.0.0-8081-exec-3] o.s.web.servlet.DispatcherServlet - GET "/std-word/update?wordId=3", parameters={masked}
2025-12-20 14:35:16.910 DEBUG [http-nio-0.0.0.0-8081-exec-3] o.s.w.s.m.m.a.RequestMappingHandlerMapping - Mapped to com.example.nproject.controller.MetaStdWordController#updateForm(Long, Model)
2025-12-20 14:35:16.910 DEBUG [http-nio-0.0.0.0-8081-exec-3] o.s.jdbc.datasource.DataSourceUtils - Fetching JDBC Connection from DataSource
2025-12-20 14:35:16.917 DEBUG [http-nio-0.0.0.0-8081-exec-3] c.e.n.m.M.selectStdWord - ==>  Preparing: SELECT word_id as wordId, std_word_name as stdWordName, eng_abbr_name as engAbbrName, eng_full_name as engFullName, definition, domain_type as domainType, use_yn as useYn FROM meta_std_word WHERE word_id = ?
2025-12-20 14:35:16.917 DEBUG [http-nio-0.0.0.0-8081-exec-3] c.e.n.m.M.selectStdWord - ==> Parameters: 3(Long)
2025-12-20 14:35:16.925 DEBUG [http-nio-0.0.0.0-8081-exec-3] c.e.n.m.M.selectStdWord - <==      Total: 1
2025-12-20 14:35:16.925 DEBUG [http-nio-0.0.0.0-8081-exec-3] o.s.w.s.v.ContentNegotiatingViewResolver - Selected 'text/html' given [text/html, application/xhtml+xml, image/avif, image/webp, image/apng, application/xml;q=0.9, */*;q=0.8, application/signed-exchange;v=b3;q=0.7]
2025-12-20 14:35:16.926 DEBUG [http-nio-0.0.0.0-8081-exec-3] o.s.web.servlet.DispatcherServlet - Completed 200 OK
2025-12-20 14:35:16.931 DEBUG [http-nio-0.0.0.0-8081-exec-5] o.s.web.servlet.DispatcherServlet - GET "/css/common.css", parameters={}
2025-12-20 14:35:16.932 DEBUG [http-nio-0.0.0.0-8081-exec-7] o.s.web.servlet.DispatcherServlet - GET "/css/std_word_insert.css", parameters={}
2025-12-20 14:35:16.932 DEBUG [http-nio-0.0.0.0-8081-exec-4] o.s.web.servlet.DispatcherServlet - GET "/js/std_update.js", parameters={}
2025-12-20 14:35:16.932 DEBUG [http-nio-0.0.0.0-8081-exec-5] o.s.w.s.h.SimpleUrlHandlerMapping - Mapped to ResourceHttpRequestHandler [classpath [META-INF/resources/], classpath [resources/], classpath [static/], classpath [public/], ServletContext [/]]
2025-12-20 14:35:16.932 DEBUG [http-nio-0.0.0.0-8081-exec-7] o.s.w.s.h.SimpleUrlHandlerMapping - Mapped to ResourceHttpRequestHandler [classpath [META-INF/resources/], classpath [resources/], classpath [static/], classpath [public/], ServletContext [/]]
2025-12-20 14:35:16.932 DEBUG [http-nio-0.0.0.0-8081-exec-4] o.s.w.s.h.SimpleUrlHandlerMapping - Mapped to ResourceHttpRequestHandler [classpath [META-INF/resources/], classpath [resources/], classpath [static/], classpath [public/], ServletContext [/]]
2025-12-20 14:35:16.934 DEBUG [http-nio-0.0.0.0-8081-exec-7] o.s.web.servlet.DispatcherServlet - Completed 200 OK
2025-12-20 14:35:16.934 DEBUG [http-nio-0.0.0.0-8081-exec-5] o.s.web.servlet.DispatcherServlet - Completed 200 OK
2025-12-20 14:35:16.955 DEBUG [http-nio-0.0.0.0-8081-exec-4] o.s.web.servlet.DispatcherServlet - Completed 200 OK
2025-12-20 14:35:23.998 DEBUG [http-nio-0.0.0.0-8081-exec-8] o.s.web.servlet.DispatcherServlet - GET "/std-word/update?wordId=4", parameters={masked}
2025-12-20 14:35:23.998 DEBUG [http-nio-0.0.0.0-8081-exec-8] o.s.w.s.m.m.a.RequestMappingHandlerMapping - Mapped to com.example.nproject.controller.MetaStdWordController#updateForm(Long, Model)
2025-12-20 14:35:23.998 DEBUG [http-nio-0.0.0.0-8081-exec-8] o.s.jdbc.datasource.DataSourceUtils - Fetching JDBC Connection from DataSource
2025-12-20 14:35:24.005 DEBUG [http-nio-0.0.0.0-8081-exec-8] c.e.n.m.M.selectStdWord - ==>  Preparing: SELECT word_id as wordId, std_word_name as stdWordName, eng_abbr_name as engAbbrName, eng_full_name as engFullName, definition, domain_type as domainType, use_yn as useYn FROM meta_std_word WHERE word_id = ?
2025-12-20 14:35:24.005 DEBUG [http-nio-0.0.0.0-8081-exec-8] c.e.n.m.M.selectStdWord - ==> Parameters: 4(Long)
2025-12-20 14:35:24.013 DEBUG [http-nio-0.0.0.0-8081-exec-8] c.e.n.m.M.selectStdWord - <==      Total: 1
2025-12-20 14:35:24.014 DEBUG [http-nio-0.0.0.0-8081-exec-8] o.s.w.s.v.ContentNegotiatingViewResolver - Selected 'text/html' given [text/html, application/xhtml+xml, image/avif, image/webp, image/apng, application/xml;q=0.9, */*;q=0.8, application/signed-exchange;v=b3;q=0.7]
2025-12-20 14:35:24.015 DEBUG [http-nio-0.0.0.0-8081-exec-8] o.s.web.servlet.DispatcherServlet - Completed 200 OK
2025-12-20 14:35:24.023 DEBUG [http-nio-0.0.0.0-8081-exec-6] o.s.web.servlet.DispatcherServlet - GET "/css/common.css", parameters={}
2025-12-20 14:35:24.023 DEBUG [http-nio-0.0.0.0-8081-exec-6] o.s.w.s.h.SimpleUrlHandlerMapping - Mapped to ResourceHttpRequestHandler [classpath [META-INF/resources/], classpath [resources/], classpath [static/], classpath [public/], ServletContext [/]]
2025-12-20 14:35:24.025 DEBUG [http-nio-0.0.0.0-8081-exec-1] o.s.web.servlet.DispatcherServlet - GET "/css/std_word_insert.css", parameters={}
2025-12-20 14:35:24.025 DEBUG [http-nio-0.0.0.0-8081-exec-1] o.s.w.s.h.SimpleUrlHandlerMapping - Mapped to ResourceHttpRequestHandler [classpath [META-INF/resources/], classpath [resources/], classpath [static/], classpath [public/], ServletContext [/]]
2025-12-20 14:35:24.025 DEBUG [http-nio-0.0.0.0-8081-exec-6] o.s.web.servlet.DispatcherServlet - Completed 200 OK
2025-12-20 14:35:24.025 DEBUG [http-nio-0.0.0.0-8081-exec-9] o.s.web.servlet.DispatcherServlet - GET "/js/std_update.js", parameters={}
2025-12-20 14:35:24.025 DEBUG [http-nio-0.0.0.0-8081-exec-9] o.s.w.s.h.SimpleUrlHandlerMapping - Mapped to ResourceHttpRequestHandler [classpath [META-INF/resources/], classpath [resources/], classpath [static/], classpath [public/], ServletContext [/]]
2025-12-20 14:35:24.027 DEBUG [http-nio-0.0.0.0-8081-exec-9] o.s.web.servlet.DispatcherServlet - Completed 200 OK
2025-12-20 14:35:24.027 DEBUG [http-nio-0.0.0.0-8081-exec-1] o.s.web.servlet.DispatcherServlet - Completed 200 OK
2025-12-20 14:35:33.103 DEBUG [http-nio-0.0.0.0-8081-exec-10] o.s.web.servlet.DispatcherServlet - GET "/std-word/list?size=300&page=1", parameters={masked}
2025-12-20 14:35:33.103 DEBUG [http-nio-0.0.0.0-8081-exec-10] o.s.w.s.m.m.a.RequestMappingHandlerMapping - Mapped to com.example.nproject.controller.MetaStdWordController#list(MetaStdWordDto, Model)
2025-12-20 14:35:33.104 DEBUG [http-nio-0.0.0.0-8081-exec-10] o.s.jdbc.datasource.DataSourceUtils - Fetching JDBC Connection from DataSource
2025-12-20 14:35:33.117 DEBUG [http-nio-0.0.0.0-8081-exec-10] c.e.n.m.M.selectStdWordList - ==>  Preparing: SELECT word_id as wordId, std_word_name as stdWordName, eng_abbr_name as engAbbrName, eng_full_name as engFullName, definition, domain_type as domainType, use_yn as useYn FROM meta_std_word ORDER BY word_id LIMIT ? OFFSET ?
2025-12-20 14:35:33.118 DEBUG [http-nio-0.0.0.0-8081-exec-10] c.e.n.m.M.selectStdWordList - ==> Parameters: 300(Integer), 0(Integer)
2025-12-20 14:35:33.194 DEBUG [http-nio-0.0.0.0-8081-exec-10] c.e.n.m.M.selectStdWordList - <==      Total: 300
2025-12-20 14:35:33.194 DEBUG [http-nio-0.0.0.0-8081-exec-10] o.s.jdbc.datasource.DataSourceUtils - Fetching JDBC Connection from DataSource
2025-12-20 14:35:33.194 DEBUG [http-nio-0.0.0.0-8081-exec-10] c.e.n.m.M.countStdWordList - ==>  Preparing: SELECT COUNT(*) FROM meta_std_word
2025-12-20 14:35:33.194 DEBUG [http-nio-0.0.0.0-8081-exec-10] c.e.n.m.M.countStdWordList - ==> Parameters: 
2025-12-20 14:35:33.215 DEBUG [http-nio-0.0.0.0-8081-exec-10] c.e.n.m.M.countStdWordList - <==      Total: 1
2025-12-20 14:35:33.215 DEBUG [http-nio-0.0.0.0-8081-exec-10] o.s.w.s.v.ContentNegotiatingViewResolver - Selected 'text/html' given [text/html, application/xhtml+xml, image/avif, image/webp, image/apng, application/xml;q=0.9, */*;q=0.8, application/signed-exchange;v=b3;q=0.7]
2025-12-20 14:35:33.240 DEBUG [http-nio-0.0.0.0-8081-exec-2] o.s.web.servlet.DispatcherServlet - GET "/css/common.css", parameters={}
2025-12-20 14:35:33.240 DEBUG [http-nio-0.0.0.0-8081-exec-2] o.s.w.s.h.SimpleUrlHandlerMapping - Mapped to ResourceHttpRequestHandler [classpath [META-INF/resources/], classpath [resources/], classpath [static/], classpath [public/], ServletContext [/]]
2025-12-20 14:35:33.242 DEBUG [http-nio-0.0.0.0-8081-exec-2] o.s.web.servlet.DispatcherServlet - Completed 200 OK
2025-12-20 14:35:33.244 DEBUG [http-nio-0.0.0.0-8081-exec-3] o.s.web.servlet.DispatcherServlet - GET "/css/std_word_list.css", parameters={}
2025-12-20 14:35:33.246 DEBUG [http-nio-0.0.0.0-8081-exec-3] o.s.w.s.h.SimpleUrlHandlerMapping - Mapped to ResourceHttpRequestHandler [classpath [META-INF/resources/], classpath [resources/], classpath [static/], classpath [public/], ServletContext [/]]
2025-12-20 14:35:33.248 DEBUG [http-nio-0.0.0.0-8081-exec-3] o.s.web.servlet.DispatcherServlet - Completed 200 OK
2025-12-20 14:35:33.249 DEBUG [http-nio-0.0.0.0-8081-exec-10] o.s.web.servlet.DispatcherServlet - Completed 200 OK
2025-12-20 14:35:33.270 DEBUG [http-nio-0.0.0.0-8081-exec-7] o.s.web.servlet.DispatcherServlet - GET "/js/std_word_list.js", parameters={}
2025-12-20 14:35:33.271 DEBUG [http-nio-0.0.0.0-8081-exec-7] o.s.w.s.h.SimpleUrlHandlerMapping - Mapped to ResourceHttpRequestHandler [classpath [META-INF/resources/], classpath [resources/], classpath [static/], classpath [public/], ServletContext [/]]
2025-12-20 14:35:33.272 DEBUG [http-nio-0.0.0.0-8081-exec-7] o.s.web.servlet.DispatcherServlet - Completed 200 OK
2025-12-20 14:35:33.777 DEBUG [http-nio-0.0.0.0-8081-exec-5] o.s.web.servlet.DispatcherServlet - GET "/std-word/update?wordId=14", parameters={masked}
2025-12-20 14:35:33.777 DEBUG [http-nio-0.0.0.0-8081-exec-5] o.s.w.s.m.m.a.RequestMappingHandlerMapping - Mapped to com.example.nproject.controller.MetaStdWordController#updateForm(Long, Model)
2025-12-20 14:35:33.777 DEBUG [http-nio-0.0.0.0-8081-exec-5] o.s.jdbc.datasource.DataSourceUtils - Fetching JDBC Connection from DataSource
2025-12-20 14:35:33.787 DEBUG [http-nio-0.0.0.0-8081-exec-5] c.e.n.m.M.selectStdWord - ==>  Preparing: SELECT word_id as wordId, std_word_name as stdWordName, eng_abbr_name as engAbbrName, eng_full_name as engFullName, definition, domain_type as domainType, use_yn as useYn FROM meta_std_word WHERE word_id = ?
2025-12-20 14:35:33.787 DEBUG [http-nio-0.0.0.0-8081-exec-5] c.e.n.m.M.selectStdWord - ==> Parameters: 14(Long)
2025-12-20 14:35:33.797 DEBUG [http-nio-0.0.0.0-8081-exec-5] c.e.n.m.M.selectStdWord - <==      Total: 1
2025-12-20 14:35:33.797 DEBUG [http-nio-0.0.0.0-8081-exec-5] o.s.w.s.v.ContentNegotiatingViewResolver - Selected 'text/html' given [text/html, application/xhtml+xml, image/avif, image/webp, image/apng, application/xml;q=0.9, */*;q=0.8, application/signed-exchange;v=b3;q=0.7]
2025-12-20 14:35:33.799 DEBUG [http-nio-0.0.0.0-8081-exec-5] o.s.web.servlet.DispatcherServlet - Completed 200 OK
2025-12-20 14:35:33.806 DEBUG [http-nio-0.0.0.0-8081-exec-4] o.s.web.servlet.DispatcherServlet - GET "/css/common.css", parameters={}
2025-12-20 14:35:33.806 DEBUG [http-nio-0.0.0.0-8081-exec-6] o.s.web.servlet.DispatcherServlet - GET "/js/std_update.js", parameters={}
2025-12-20 14:35:33.806 DEBUG [http-nio-0.0.0.0-8081-exec-8] o.s.web.servlet.DispatcherServlet - GET "/css/std_word_insert.css", parameters={}
2025-12-20 14:35:33.806 DEBUG [http-nio-0.0.0.0-8081-exec-4] o.s.w.s.h.SimpleUrlHandlerMapping - Mapped to ResourceHttpRequestHandler [classpath [META-INF/resources/], classpath [resources/], classpath [static/], classpath [public/], ServletContext [/]]
2025-12-20 14:35:33.806 DEBUG [http-nio-0.0.0.0-8081-exec-8] o.s.w.s.h.SimpleUrlHandlerMapping - Mapped to ResourceHttpRequestHandler [classpath [META-INF/resources/], classpath [resources/], classpath [static/], classpath [public/], ServletContext [/]]
2025-12-20 14:35:33.806 DEBUG [http-nio-0.0.0.0-8081-exec-6] o.s.w.s.h.SimpleUrlHandlerMapping - Mapped to ResourceHttpRequestHandler [classpath [META-INF/resources/], classpath [resources/], classpath [static/], classpath [public/], ServletContext [/]]
2025-12-20 14:35:33.809 DEBUG [http-nio-0.0.0.0-8081-exec-6] o.s.web.servlet.DispatcherServlet - Completed 200 OK
2025-12-20 14:35:33.809 DEBUG [http-nio-0.0.0.0-8081-exec-8] o.s.web.servlet.DispatcherServlet - Completed 200 OK
2025-12-20 14:35:33.809 DEBUG [http-nio-0.0.0.0-8081-exec-4] o.s.web.servlet.DispatcherServlet - Completed 200 OK
2025-12-20 14:35:39.171 DEBUG [http-nio-0.0.0.0-8081-exec-1] o.s.web.servlet.DispatcherServlet - GET "/std-word/update?wordId=1", parameters={masked}
2025-12-20 14:35:39.171 DEBUG [http-nio-0.0.0.0-8081-exec-1] o.s.w.s.m.m.a.RequestMappingHandlerMapping - Mapped to com.example.nproject.controller.MetaStdWordController#updateForm(Long, Model)
2025-12-20 14:35:39.172 DEBUG [http-nio-0.0.0.0-8081-exec-1] o.s.jdbc.datasource.DataSourceUtils - Fetching JDBC Connection from DataSource
2025-12-20 14:35:39.178 DEBUG [http-nio-0.0.0.0-8081-exec-1] c.e.n.m.M.selectStdWord - ==>  Preparing: SELECT word_id as wordId, std_word_name as stdWordName, eng_abbr_name as engAbbrName, eng_full_name as engFullName, definition, domain_type as domainType, use_yn as useYn FROM meta_std_word WHERE word_id = ?
2025-12-20 14:35:39.178 DEBUG [http-nio-0.0.0.0-8081-exec-1] c.e.n.m.M.selectStdWord - ==> Parameters: 1(Long)
2025-12-20 14:35:39.187 DEBUG [http-nio-0.0.0.0-8081-exec-1] c.e.n.m.M.selectStdWord - <==      Total: 1
2025-12-20 14:35:39.187 DEBUG [http-nio-0.0.0.0-8081-exec-1] o.s.w.s.v.ContentNegotiatingViewResolver - Selected 'text/html' given [text/html, application/xhtml+xml, image/avif, image/webp, image/apng, application/xml;q=0.9, */*;q=0.8, application/signed-exchange;v=b3;q=0.7]
2025-12-20 14:35:39.189 DEBUG [http-nio-0.0.0.0-8081-exec-1] o.s.web.servlet.DispatcherServlet - Completed 200 OK
2025-12-20 14:35:39.196 DEBUG [http-nio-0.0.0.0-8081-exec-9] o.s.web.servlet.DispatcherServlet - GET "/css/common.css", parameters={}
2025-12-20 14:35:39.197 DEBUG [http-nio-0.0.0.0-8081-exec-9] o.s.w.s.h.SimpleUrlHandlerMapping - Mapped to ResourceHttpRequestHandler [classpath [META-INF/resources/], classpath [resources/], classpath [static/], classpath [public/], ServletContext [/]]
2025-12-20 14:35:39.197 DEBUG [http-nio-0.0.0.0-8081-exec-2] o.s.web.servlet.DispatcherServlet - GET "/css/std_word_insert.css", parameters={}
2025-12-20 14:35:39.197 DEBUG [http-nio-0.0.0.0-8081-exec-3] o.s.web.servlet.DispatcherServlet - GET "/js/std_update.js", parameters={}
2025-12-20 14:35:39.197 DEBUG [http-nio-0.0.0.0-8081-exec-2] o.s.w.s.h.SimpleUrlHandlerMapping - Mapped to ResourceHttpRequestHandler [classpath [META-INF/resources/], classpath [resources/], classpath [static/], classpath [public/], ServletContext [/]]
2025-12-20 14:35:39.197 DEBUG [http-nio-0.0.0.0-8081-exec-3] o.s.w.s.h.SimpleUrlHandlerMapping - Mapped to ResourceHttpRequestHandler [classpath [META-INF/resources/], classpath [resources/], classpath [static/], classpath [public/], ServletContext [/]]
2025-12-20 14:35:39.199 DEBUG [http-nio-0.0.0.0-8081-exec-9] o.s.web.servlet.DispatcherServlet - Completed 200 OK
2025-12-20 14:35:39.199 DEBUG [http-nio-0.0.0.0-8081-exec-2] o.s.web.servlet.DispatcherServlet - Completed 200 OK
2025-12-20 14:35:39.199 DEBUG [http-nio-0.0.0.0-8081-exec-3] o.s.web.servlet.DispatcherServlet - Completed 200 OK
2025-12-20 14:35:41.042 DEBUG [http-nio-0.0.0.0-8081-exec-10] o.s.web.servlet.DispatcherServlet - GET "/std-word/update?wordId=18", parameters={masked}
2025-12-20 14:35:41.042 DEBUG [http-nio-0.0.0.0-8081-exec-10] o.s.w.s.m.m.a.RequestMappingHandlerMapping - Mapped to com.example.nproject.controller.MetaStdWordController#updateForm(Long, Model)
2025-12-20 14:35:41.042 DEBUG [http-nio-0.0.0.0-8081-exec-10] o.s.jdbc.datasource.DataSourceUtils - Fetching JDBC Connection from DataSource
2025-12-20 14:35:41.054 DEBUG [http-nio-0.0.0.0-8081-exec-10] c.e.n.m.M.selectStdWord - ==>  Preparing: SELECT word_id as wordId, std_word_name as stdWordName, eng_abbr_name as engAbbrName, eng_full_name as engFullName, definition, domain_type as domainType, use_yn as useYn FROM meta_std_word WHERE word_id = ?
2025-12-20 14:35:41.054 DEBUG [http-nio-0.0.0.0-8081-exec-10] c.e.n.m.M.selectStdWord - ==> Parameters: 18(Long)
2025-12-20 14:35:41.080 DEBUG [http-nio-0.0.0.0-8081-exec-10] c.e.n.m.M.selectStdWord - <==      Total: 1
2025-12-20 14:35:41.082 DEBUG [http-nio-0.0.0.0-8081-exec-10] o.s.w.s.v.ContentNegotiatingViewResolver - Selected 'text/html' given [text/html, application/xhtml+xml, image/avif, image/webp, image/apng, application/xml;q=0.9, */*;q=0.8, application/signed-exchange;v=b3;q=0.7]
2025-12-20 14:35:41.083 DEBUG [http-nio-0.0.0.0-8081-exec-10] o.s.web.servlet.DispatcherServlet - Completed 200 OK
2025-12-20 14:35:41.089 DEBUG [http-nio-0.0.0.0-8081-exec-7] o.s.web.servlet.DispatcherServlet - GET "/css/common.css", parameters={}
2025-12-20 14:35:41.090 DEBUG [http-nio-0.0.0.0-8081-exec-7] o.s.w.s.h.SimpleUrlHandlerMapping - Mapped to ResourceHttpRequestHandler [classpath [META-INF/resources/], classpath [resources/], classpath [static/], classpath [public/], ServletContext [/]]
2025-12-20 14:35:41.090 DEBUG [http-nio-0.0.0.0-8081-exec-5] o.s.web.servlet.DispatcherServlet - GET "/js/std_update.js", parameters={}
2025-12-20 14:35:41.090 DEBUG [http-nio-0.0.0.0-8081-exec-6] o.s.web.servlet.DispatcherServlet - GET "/css/std_word_insert.css", parameters={}
2025-12-20 14:35:41.090 DEBUG [http-nio-0.0.0.0-8081-exec-5] o.s.w.s.h.SimpleUrlHandlerMapping - Mapped to ResourceHttpRequestHandler [classpath [META-INF/resources/], classpath [resources/], classpath [static/], classpath [public/], ServletContext [/]]
2025-12-20 14:35:41.090 DEBUG [http-nio-0.0.0.0-8081-exec-6] o.s.w.s.h.SimpleUrlHandlerMapping - Mapped to ResourceHttpRequestHandler [classpath [META-INF/resources/], classpath [resources/], classpath [static/], classpath [public/], ServletContext [/]]
2025-12-20 14:35:41.092 DEBUG [http-nio-0.0.0.0-8081-exec-7] o.s.web.servlet.DispatcherServlet - Completed 200 OK
2025-12-20 14:35:41.092 DEBUG [http-nio-0.0.0.0-8081-exec-6] o.s.web.servlet.DispatcherServlet - Completed 200 OK
2025-12-20 14:35:41.092 DEBUG [http-nio-0.0.0.0-8081-exec-5] o.s.web.servlet.DispatcherServlet - Completed 200 OK
