2025-12-07 07:35:13.201 INFO  [restartedMain] c.e.nproject.NprojectApplication - Starting NprojectApplication using Java 17.0.12 with PID 16216 (C:\Dev_antigravity_git\meta_system\nproject\target\classes started by jkljkl in C:\Dev_antigravity_git\meta_system\nproject)
2025-12-07 07:35:13.206 DEBUG [restartedMain] c.e.nproject.NprojectApplication - Running with Spring Boot v3.2.0, Spring v6.1.1
2025-12-07 07:35:13.207 INFO  [restartedMain] c.e.nproject.NprojectApplication - No active profile set, falling back to 1 default profile: "default"
2025-12-07 07:35:13.259 INFO  [restartedMain] o.s.b.d.e.DevToolsPropertyDefaultsPostProcessor - Devtools property defaults active! Set 'spring.devtools.add-properties' to 'false' to disable
2025-12-07 07:35:13.260 INFO  [restartedMain] o.s.b.d.e.DevToolsPropertyDefaultsPostProcessor - For additional web related logging consider setting the 'logging.level.web' property to 'DEBUG'
2025-12-07 07:35:13.918 DEBUG [restartedMain] o.apache.ibatis.logging.LogFactory - Logging initialized using 'class org.apache.ibatis.logging.slf4j.Slf4jImpl' adapter.
2025-12-07 07:35:14.238 INFO  [restartedMain] o.s.b.w.e.tomcat.TomcatWebServer - Tomcat initialized with port 8081 (http)
2025-12-07 07:35:14.245 INFO  [restartedMain] o.a.coyote.http11.Http11NioProtocol - Initializing ProtocolHandler ["http-nio-8081"]
2025-12-07 07:35:14.247 INFO  [restartedMain] o.a.catalina.core.StandardService - Starting service [Tomcat]
2025-12-07 07:35:14.247 INFO  [restartedMain] o.a.catalina.core.StandardEngine - Starting Servlet engine: [Apache Tomcat/10.1.16]
2025-12-07 07:35:14.284 INFO  [restartedMain] o.a.c.c.C.[Tomcat].[localhost].[/] - Initializing Spring embedded WebApplicationContext
2025-12-07 07:35:14.285 INFO  [restartedMain] o.s.b.w.s.c.ServletWebServerApplicationContext - Root WebApplicationContext: initialization completed in 1024 ms
2025-12-07 07:35:14.597 DEBUG [restartedMain] o.s.w.s.m.m.a.RequestMappingHandlerMapping - 9 mappings in 'requestMappingHandlerMapping'
2025-12-07 07:35:14.645 DEBUG [restartedMain] o.s.w.s.h.SimpleUrlHandlerMapping - Patterns [/webjars/**, /**] in 'resourceHandlerMapping'
2025-12-07 07:35:14.667 DEBUG [restartedMain] o.s.w.s.m.m.a.RequestMappingHandlerAdapter - ControllerAdvice beans: 0 @ModelAttribute, 0 @InitBinder, 1 RequestBodyAdvice, 1 ResponseBodyAdvice
2025-12-07 07:35:14.691 DEBUG [restartedMain] o.s.w.s.m.m.a.ExceptionHandlerExceptionResolver - ControllerAdvice beans: 0 @ExceptionHandler, 1 ResponseBodyAdvice
2025-12-07 07:35:14.766 INFO  [restartedMain] o.s.b.d.a.OptionalLiveReloadServer - LiveReload server is running on port 35729
2025-12-07 07:35:14.783 INFO  [restartedMain] o.a.coyote.http11.Http11NioProtocol - Starting ProtocolHandler ["http-nio-8081"]
2025-12-07 07:35:14.805 INFO  [restartedMain] o.s.b.w.e.tomcat.TomcatWebServer - Tomcat started on port 8081 (http) with context path ''
2025-12-07 07:35:14.814 INFO  [restartedMain] c.e.nproject.NprojectApplication - Started NprojectApplication in 2.048 seconds (process running for 2.523)
2025-12-07 07:35:28.615 INFO  [http-nio-8081-exec-1] o.a.c.c.C.[Tomcat].[localhost].[/] - Initializing Spring DispatcherServlet 'dispatcherServlet'
2025-12-07 07:35:28.615 INFO  [http-nio-8081-exec-1] o.s.web.servlet.DispatcherServlet - Initializing Servlet 'dispatcherServlet'
2025-12-07 07:35:28.615 DEBUG [http-nio-8081-exec-1] o.s.web.servlet.DispatcherServlet - Detected StandardServletMultipartResolver
2025-12-07 07:35:28.615 DEBUG [http-nio-8081-exec-1] o.s.web.servlet.DispatcherServlet - Detected AcceptHeaderLocaleResolver
2025-12-07 07:35:28.615 DEBUG [http-nio-8081-exec-1] o.s.web.servlet.DispatcherServlet - Detected FixedThemeResolver
2025-12-07 07:35:28.617 DEBUG [http-nio-8081-exec-1] o.s.web.servlet.DispatcherServlet - Detected org.springframework.web.servlet.view.DefaultRequestToViewNameTranslator@60bce168
2025-12-07 07:35:28.618 DEBUG [http-nio-8081-exec-1] o.s.web.servlet.DispatcherServlet - Detected org.springframework.web.servlet.support.SessionFlashMapManager@15095dbf
2025-12-07 07:35:28.619 DEBUG [http-nio-8081-exec-1] o.s.web.servlet.DispatcherServlet - enableLoggingRequestDetails='false': request parameters and headers will be masked to prevent unsafe logging of potentially sensitive data
2025-12-07 07:35:28.619 INFO  [http-nio-8081-exec-1] o.s.web.servlet.DispatcherServlet - Completed initialization in 4 ms
2025-12-07 07:35:28.629 DEBUG [http-nio-8081-exec-1] o.s.web.servlet.DispatcherServlet - GET "/sample/jdbc", parameters={}
2025-12-07 07:35:28.640 DEBUG [http-nio-8081-exec-1] o.s.w.s.m.m.a.RequestMappingHandlerMapping - Mapped to com.example.nproject.controller.SampleJdbcController#testConnection()
2025-12-07 07:35:28.654 INFO  [http-nio-8081-exec-1] c.e.n.c.SampleJdbcController - === Starting Supabase DB Connection Test ===
2025-12-07 07:35:28.654 DEBUG [http-nio-8081-exec-1] c.e.n.c.SampleJdbcController - Calling sampleMapper.selectVersion()
2025-12-07 07:35:28.673 DEBUG [http-nio-8081-exec-1] o.s.jdbc.datasource.DataSourceUtils - Fetching JDBC Connection from DataSource
2025-12-07 07:35:28.675 INFO  [http-nio-8081-exec-1] com.zaxxer.hikari.HikariDataSource - HikariPool-1 - Starting...
2025-12-07 07:35:29.347 INFO  [http-nio-8081-exec-1] com.zaxxer.hikari.pool.HikariPool - HikariPool-1 - Added connection org.postgresql.jdbc.PgConnection@4a58016b
2025-12-07 07:35:29.350 INFO  [http-nio-8081-exec-1] com.zaxxer.hikari.HikariDataSource - HikariPool-1 - Start completed.
2025-12-07 07:35:29.357 DEBUG [http-nio-8081-exec-1] c.e.n.m.SampleMapper.selectVersion - ==>  Preparing: SELECT id,name from public.users2
2025-12-07 07:35:29.371 DEBUG [http-nio-8081-exec-1] c.e.n.m.SampleMapper.selectVersion - ==> Parameters: 
2025-12-07 07:35:29.403 DEBUG [http-nio-8081-exec-1] c.e.n.m.SampleMapper.selectVersion - <==      Total: 0
2025-12-07 07:35:29.411 INFO  [http-nio-8081-exec-1] c.e.n.c.SampleJdbcController - ✓ Successfully connected to Supabase DB
2025-12-07 07:35:29.411 INFO  [http-nio-8081-exec-1] c.e.n.c.SampleJdbcController - Query result: null
2025-12-07 07:35:29.411 INFO  [http-nio-8081-exec-1] c.e.n.c.SampleJdbcController - === Supabase DB Connection Test Completed ===
2025-12-07 07:35:29.430 DEBUG [http-nio-8081-exec-1] o.s.w.s.m.m.a.RequestResponseBodyMethodProcessor - Using 'application/json;q=0.8', given [text/html, application/xhtml+xml, image/avif, image/webp, image/apng, application/xml;q=0.9, */*;q=0.8, application/signed-exchange;v=b3;q=0.7] and supported [application/json, application/*+json]
2025-12-07 07:35:29.432 DEBUG [http-nio-8081-exec-1] o.s.w.s.m.m.a.RequestResponseBodyMethodProcessor - Writing [{data=null, message=Supabase DB Connection Success!!, status=success, timestamp=2025-12-07T07:35:29. (truncated)...]
2025-12-07 07:35:29.450 DEBUG [http-nio-8081-exec-1] o.s.web.servlet.DispatcherServlet - Completed 200 OK
2025-12-07 07:35:29.644 DEBUG [http-nio-8081-exec-2] o.s.web.servlet.DispatcherServlet - GET "/favicon.ico", parameters={}
2025-12-07 07:35:29.650 DEBUG [http-nio-8081-exec-2] o.s.w.s.h.SimpleUrlHandlerMapping - Mapped to ResourceHttpRequestHandler [classpath [META-INF/resources/], classpath [resources/], classpath [static/], classpath [public/], ServletContext [/]]
2025-12-07 07:35:29.655 DEBUG [http-nio-8081-exec-2] o.s.w.s.r.ResourceHttpRequestHandler - Resource not found
2025-12-07 07:35:29.659 DEBUG [http-nio-8081-exec-2] o.s.w.s.m.s.DefaultHandlerExceptionResolver - Resolved [org.springframework.web.servlet.resource.NoResourceFoundException: No static resource favicon.ico.]
2025-12-07 07:35:29.660 DEBUG [http-nio-8081-exec-2] o.s.web.servlet.DispatcherServlet - Completed 404 NOT_FOUND
2025-12-07 07:35:29.667 DEBUG [http-nio-8081-exec-2] o.s.web.servlet.DispatcherServlet - "ERROR" dispatch for GET "/error", parameters={}
2025-12-07 07:35:29.670 DEBUG [http-nio-8081-exec-2] o.s.w.s.m.m.a.RequestMappingHandlerMapping - Mapped to org.springframework.boot.autoconfigure.web.servlet.error.BasicErrorController#error(HttpServletRequest)
2025-12-07 07:35:29.682 DEBUG [http-nio-8081-exec-2] o.s.w.s.m.m.a.HttpEntityMethodProcessor - Using 'application/json;q=0.8', given [image/avif, image/webp, image/apng, image/svg+xml, image/*, */*;q=0.8] and supported [application/json, application/*+json]
2025-12-07 07:35:29.684 DEBUG [http-nio-8081-exec-2] o.s.w.s.m.m.a.HttpEntityMethodProcessor - Writing [{timestamp=Sun Dec 07 07:35:29 KST 2025, status=404, error=Not Found, trace=org.springframework.web. (truncated)...]
2025-12-07 07:35:29.714 DEBUG [http-nio-8081-exec-2] o.s.web.servlet.DispatcherServlet - Exiting from "ERROR" dispatch, status 404
2025-12-07 07:39:42.570 INFO  [File Watcher] o.s.b.d.a.LocalDevToolsAutoConfiguration$RestartingClassPathChangeChangedEventListener - Restarting due to 14 class path changes (0 additions, 14 deletions, 0 modifications)
2025-12-07 07:39:42.587 INFO  [Thread-5] o.a.coyote.http11.Http11NioProtocol - Stopping ProtocolHandler ["http-nio-8081"]
2025-12-07 07:39:42.624 INFO  [Thread-5] com.zaxxer.hikari.HikariDataSource - HikariPool-1 - Shutdown initiated...
2025-12-07 07:39:42.753 INFO  [Thread-5] com.zaxxer.hikari.HikariDataSource - HikariPool-1 - Shutdown completed.
2025-12-07 07:39:44.935 INFO  [restartedMain] c.e.nproject.NprojectApplication - Starting NprojectApplication using Java 17.0.12 with PID 16216 (C:\Dev_antigravity_git\meta_system\nproject\target\classes started by jkljkl in C:\Dev_antigravity_git\meta_system\nproject)
2025-12-07 07:39:44.935 DEBUG [restartedMain] c.e.nproject.NprojectApplication - Running with Spring Boot v3.2.0, Spring v6.1.1
2025-12-07 07:39:44.935 INFO  [restartedMain] c.e.nproject.NprojectApplication - No active profile set, falling back to 1 default profile: "default"
2025-12-07 07:39:45.240 INFO  [restartedMain] o.s.b.w.e.tomcat.TomcatWebServer - Tomcat initialized with port 8081 (http)
2025-12-07 07:39:45.241 INFO  [restartedMain] o.a.catalina.core.StandardService - Starting service [Tomcat]
2025-12-07 07:39:45.242 INFO  [restartedMain] o.a.catalina.core.StandardEngine - Starting Servlet engine: [Apache Tomcat/10.1.16]
2025-12-07 07:39:45.263 INFO  [restartedMain] o.a.c.c.C.[Tomcat-1].[localhost].[/] - Initializing Spring embedded WebApplicationContext
2025-12-07 07:39:45.264 INFO  [restartedMain] o.s.b.w.s.c.ServletWebServerApplicationContext - Root WebApplicationContext: initialization completed in 326 ms
2025-12-07 07:39:45.357 DEBUG [restartedMain] o.s.w.s.m.m.a.RequestMappingHandlerMapping - 9 mappings in 'requestMappingHandlerMapping'
2025-12-07 07:39:45.387 DEBUG [restartedMain] o.s.w.s.h.SimpleUrlHandlerMapping - Patterns [/webjars/**, /**] in 'resourceHandlerMapping'
2025-12-07 07:39:45.391 DEBUG [restartedMain] o.s.w.s.m.m.a.RequestMappingHandlerAdapter - ControllerAdvice beans: 0 @ModelAttribute, 0 @InitBinder, 1 RequestBodyAdvice, 1 ResponseBodyAdvice
2025-12-07 07:39:45.395 DEBUG [restartedMain] o.s.w.s.m.m.a.ExceptionHandlerExceptionResolver - ControllerAdvice beans: 0 @ExceptionHandler, 1 ResponseBodyAdvice
2025-12-07 07:39:45.420 INFO  [restartedMain] o.s.b.d.a.OptionalLiveReloadServer - LiveReload server is running on port 35729
2025-12-07 07:39:45.434 INFO  [restartedMain] o.s.b.w.e.tomcat.TomcatWebServer - Tomcat started on port 8081 (http) with context path ''
2025-12-07 07:39:45.440 INFO  [restartedMain] c.e.nproject.NprojectApplication - Started NprojectApplication in 0.558 seconds (process running for 273.148)
2025-12-07 07:39:45.445 INFO  [restartedMain] o.s.b.d.a.ConditionEvaluationDeltaLoggingListener - Condition evaluation unchanged
2025-12-07 07:39:52.009 INFO  [File Watcher] o.s.b.d.a.LocalDevToolsAutoConfiguration$RestartingClassPathChangeChangedEventListener - Restarting due to 1 class path change (1 addition, 0 deletions, 0 modifications)
2025-12-07 07:39:52.079 INFO  [restartedMain] c.e.nproject.NprojectApplication - Starting NprojectApplication using Java 17.0.12 with PID 16216 (C:\Dev_antigravity_git\meta_system\nproject\target\classes started by jkljkl in C:\Dev_antigravity_git\meta_system\nproject)
2025-12-07 07:39:52.080 DEBUG [restartedMain] c.e.nproject.NprojectApplication - Running with Spring Boot v3.2.0, Spring v6.1.1
2025-12-07 07:39:52.080 INFO  [restartedMain] c.e.nproject.NprojectApplication - No active profile set, falling back to 1 default profile: "default"
2025-12-07 07:39:52.252 INFO  [restartedMain] o.s.b.w.e.tomcat.TomcatWebServer - Tomcat initialized with port 8081 (http)
2025-12-07 07:39:52.252 INFO  [restartedMain] o.a.catalina.core.StandardService - Starting service [Tomcat]
2025-12-07 07:39:52.252 INFO  [restartedMain] o.a.catalina.core.StandardEngine - Starting Servlet engine: [Apache Tomcat/10.1.16]
2025-12-07 07:39:52.265 INFO  [restartedMain] o.a.c.c.C.[Tomcat-1].[localhost].[/] - Initializing Spring embedded WebApplicationContext
2025-12-07 07:39:52.265 INFO  [restartedMain] o.s.b.w.s.c.ServletWebServerApplicationContext - Root WebApplicationContext: initialization completed in 183 ms
2025-12-07 07:39:52.338 DEBUG [restartedMain] o.s.w.s.m.m.a.RequestMappingHandlerMapping - 9 mappings in 'requestMappingHandlerMapping'
2025-12-07 07:39:52.357 DEBUG [restartedMain] o.s.w.s.h.SimpleUrlHandlerMapping - Patterns [/webjars/**, /**] in 'resourceHandlerMapping'
2025-12-07 07:39:52.360 DEBUG [restartedMain] o.s.w.s.m.m.a.RequestMappingHandlerAdapter - ControllerAdvice beans: 0 @ModelAttribute, 0 @InitBinder, 1 RequestBodyAdvice, 1 ResponseBodyAdvice
2025-12-07 07:39:52.362 DEBUG [restartedMain] o.s.w.s.m.m.a.ExceptionHandlerExceptionResolver - ControllerAdvice beans: 0 @ExceptionHandler, 1 ResponseBodyAdvice
2025-12-07 07:39:52.380 INFO  [restartedMain] o.s.b.d.a.OptionalLiveReloadServer - LiveReload server is running on port 35729
2025-12-07 07:39:52.388 INFO  [restartedMain] o.s.b.w.e.tomcat.TomcatWebServer - Tomcat started on port 8081 (http) with context path ''
2025-12-07 07:39:52.392 INFO  [restartedMain] c.e.nproject.NprojectApplication - Started NprojectApplication in 0.333 seconds (process running for 280.1)
2025-12-07 07:39:52.395 INFO  [restartedMain] o.s.b.d.a.ConditionEvaluationDeltaLoggingListener - Condition evaluation unchanged
2025-12-07 07:40:27.384 INFO  [File Watcher] o.s.b.d.a.LocalDevToolsAutoConfiguration$RestartingClassPathChangeChangedEventListener - Restarting due to 2 class path changes (2 additions, 0 deletions, 0 modifications)
2025-12-07 07:40:27.450 INFO  [restartedMain] c.e.nproject.NprojectApplication - Starting NprojectApplication using Java 17.0.12 with PID 16216 (C:\Dev_antigravity_git\meta_system\nproject\target\classes started by jkljkl in C:\Dev_antigravity_git\meta_system\nproject)
2025-12-07 07:40:27.450 DEBUG [restartedMain] c.e.nproject.NprojectApplication - Running with Spring Boot v3.2.0, Spring v6.1.1
2025-12-07 07:40:27.450 INFO  [restartedMain] c.e.nproject.NprojectApplication - No active profile set, falling back to 1 default profile: "default"
2025-12-07 07:40:27.607 INFO  [restartedMain] o.s.b.w.e.tomcat.TomcatWebServer - Tomcat initialized with port 8081 (http)
2025-12-07 07:40:27.607 INFO  [restartedMain] o.a.catalina.core.StandardService - Starting service [Tomcat]
2025-12-07 07:40:27.607 INFO  [restartedMain] o.a.catalina.core.StandardEngine - Starting Servlet engine: [Apache Tomcat/10.1.16]
2025-12-07 07:40:27.630 INFO  [restartedMain] o.a.c.c.C.[Tomcat-1].[localhost].[/] - Initializing Spring embedded WebApplicationContext
2025-12-07 07:40:27.630 INFO  [restartedMain] o.s.b.w.s.c.ServletWebServerApplicationContext - Root WebApplicationContext: initialization completed in 178 ms
2025-12-07 07:40:27.729 DEBUG [restartedMain] o.s.w.s.m.m.a.RequestMappingHandlerMapping - 10 mappings in 'requestMappingHandlerMapping'
2025-12-07 07:40:27.744 DEBUG [restartedMain] o.s.w.s.h.SimpleUrlHandlerMapping - Patterns [/webjars/**, /**] in 'resourceHandlerMapping'
2025-12-07 07:40:27.747 DEBUG [restartedMain] o.s.w.s.m.m.a.RequestMappingHandlerAdapter - ControllerAdvice beans: 0 @ModelAttribute, 0 @InitBinder, 1 RequestBodyAdvice, 1 ResponseBodyAdvice
2025-12-07 07:40:27.751 DEBUG [restartedMain] o.s.w.s.m.m.a.ExceptionHandlerExceptionResolver - ControllerAdvice beans: 0 @ExceptionHandler, 1 ResponseBodyAdvice
2025-12-07 07:40:27.767 INFO  [restartedMain] o.s.b.d.a.OptionalLiveReloadServer - LiveReload server is running on port 35729
2025-12-07 07:40:27.775 INFO  [restartedMain] o.s.b.w.e.tomcat.TomcatWebServer - Tomcat started on port 8081 (http) with context path ''
2025-12-07 07:40:27.780 INFO  [restartedMain] c.e.nproject.NprojectApplication - Started NprojectApplication in 0.348 seconds (process running for 315.487)
2025-12-07 07:40:27.781 INFO  [restartedMain] o.s.b.d.a.ConditionEvaluationDeltaLoggingListener - Condition evaluation unchanged
2025-12-07 07:40:50.525 INFO  [File Watcher] o.s.b.d.a.LocalDevToolsAutoConfiguration$RestartingClassPathChangeChangedEventListener - Restarting due to 13 class path changes (0 additions, 12 deletions, 1 modification)
2025-12-07 07:40:50.621 INFO  [restartedMain] c.e.nproject.NprojectApplication - Starting NprojectApplication using Java 17.0.12 with PID 16216 (C:\Dev_antigravity_git\meta_system\nproject\target\classes started by jkljkl in C:\Dev_antigravity_git\meta_system\nproject)
2025-12-07 07:40:50.621 DEBUG [restartedMain] c.e.nproject.NprojectApplication - Running with Spring Boot v3.2.0, Spring v6.1.1
2025-12-07 07:40:50.621 INFO  [restartedMain] c.e.nproject.NprojectApplication - No active profile set, falling back to 1 default profile: "default"
2025-12-07 07:40:50.937 INFO  [restartedMain] o.s.b.w.e.tomcat.TomcatWebServer - Tomcat initialized with port 8081 (http)
2025-12-07 07:40:50.938 INFO  [restartedMain] o.a.catalina.core.StandardService - Starting service [Tomcat]
2025-12-07 07:40:50.938 INFO  [restartedMain] o.a.catalina.core.StandardEngine - Starting Servlet engine: [Apache Tomcat/10.1.16]
2025-12-07 07:40:50.970 INFO  [restartedMain] o.a.c.c.C.[Tomcat-1].[localhost].[/] - Initializing Spring embedded WebApplicationContext
2025-12-07 07:40:50.971 INFO  [restartedMain] o.s.b.w.s.c.ServletWebServerApplicationContext - Root WebApplicationContext: initialization completed in 347 ms
2025-12-07 07:40:51.088 DEBUG [restartedMain] o.s.w.s.m.m.a.RequestMappingHandlerMapping - 10 mappings in 'requestMappingHandlerMapping'
2025-12-07 07:40:51.118 DEBUG [restartedMain] o.s.w.s.h.SimpleUrlHandlerMapping - Patterns [/webjars/**, /**] in 'resourceHandlerMapping'
2025-12-07 07:40:51.123 DEBUG [restartedMain] o.s.w.s.m.m.a.RequestMappingHandlerAdapter - ControllerAdvice beans: 0 @ModelAttribute, 0 @InitBinder, 1 RequestBodyAdvice, 1 ResponseBodyAdvice
2025-12-07 07:40:51.125 DEBUG [restartedMain] o.s.w.s.m.m.a.ExceptionHandlerExceptionResolver - ControllerAdvice beans: 0 @ExceptionHandler, 1 ResponseBodyAdvice
2025-12-07 07:40:51.150 INFO  [restartedMain] o.s.b.d.a.OptionalLiveReloadServer - LiveReload server is running on port 35729
2025-12-07 07:40:51.154 INFO  [restartedMain] o.s.b.w.e.tomcat.TomcatWebServer - Tomcat started on port 8081 (http) with context path ''
2025-12-07 07:40:51.164 INFO  [restartedMain] c.e.nproject.NprojectApplication - Started NprojectApplication in 0.572 seconds (process running for 338.871)
2025-12-07 07:40:51.165 INFO  [restartedMain] o.s.b.d.a.ConditionEvaluationDeltaLoggingListener - Condition evaluation unchanged
2025-12-07 07:40:52.574 INFO  [File Watcher] o.s.b.d.a.LocalDevToolsAutoConfiguration$RestartingClassPathChangeChangedEventListener - Restarting due to 12 class path changes (12 additions, 0 deletions, 0 modifications)
2025-12-07 07:40:52.651 INFO  [restartedMain] c.e.nproject.NprojectApplication - Starting NprojectApplication using Java 17.0.12 with PID 16216 (C:\Dev_antigravity_git\meta_system\nproject\target\classes started by jkljkl in C:\Dev_antigravity_git\meta_system\nproject)
2025-12-07 07:40:52.651 DEBUG [restartedMain] c.e.nproject.NprojectApplication - Running with Spring Boot v3.2.0, Spring v6.1.1
2025-12-07 07:40:52.652 INFO  [restartedMain] c.e.nproject.NprojectApplication - No active profile set, falling back to 1 default profile: "default"
2025-12-07 07:40:52.824 INFO  [restartedMain] o.s.b.w.e.tomcat.TomcatWebServer - Tomcat initialized with port 8081 (http)
2025-12-07 07:40:52.825 INFO  [restartedMain] o.a.catalina.core.StandardService - Starting service [Tomcat]
2025-12-07 07:40:52.825 INFO  [restartedMain] o.a.catalina.core.StandardEngine - Starting Servlet engine: [Apache Tomcat/10.1.16]
2025-12-07 07:40:52.840 INFO  [restartedMain] o.a.c.c.C.[Tomcat-1].[localhost].[/] - Initializing Spring embedded WebApplicationContext
2025-12-07 07:40:52.841 INFO  [restartedMain] o.s.b.w.s.c.ServletWebServerApplicationContext - Root WebApplicationContext: initialization completed in 188 ms
2025-12-07 07:40:52.908 DEBUG [restartedMain] o.s.w.s.m.m.a.RequestMappingHandlerMapping - 10 mappings in 'requestMappingHandlerMapping'
2025-12-07 07:40:52.927 DEBUG [restartedMain] o.s.w.s.h.SimpleUrlHandlerMapping - Patterns [/webjars/**, /**] in 'resourceHandlerMapping'
2025-12-07 07:40:52.936 DEBUG [restartedMain] o.s.w.s.m.m.a.RequestMappingHandlerAdapter - ControllerAdvice beans: 0 @ModelAttribute, 0 @InitBinder, 1 RequestBodyAdvice, 1 ResponseBodyAdvice
2025-12-07 07:40:52.941 DEBUG [restartedMain] o.s.w.s.m.m.a.ExceptionHandlerExceptionResolver - ControllerAdvice beans: 0 @ExceptionHandler, 1 ResponseBodyAdvice
2025-12-07 07:40:52.975 INFO  [restartedMain] o.s.b.d.a.OptionalLiveReloadServer - LiveReload server is running on port 35729
2025-12-07 07:40:52.985 INFO  [restartedMain] o.s.b.w.e.tomcat.TomcatWebServer - Tomcat started on port 8081 (http) with context path ''
2025-12-07 07:40:52.991 INFO  [restartedMain] c.e.nproject.NprojectApplication - Started NprojectApplication in 0.365 seconds (process running for 340.699)
2025-12-07 07:40:52.993 INFO  [restartedMain] o.s.b.d.a.ConditionEvaluationDeltaLoggingListener - Condition evaluation unchanged
2025-12-07 07:41:51.070 INFO  [RMI TCP Connection(24)-127.0.0.1] o.s.b.a.SpringApplicationAdminMXBeanRegistrar$SpringApplicationAdmin - Application shutdown requested.
2025-12-07 07:44:04.320 INFO  [restartedMain] c.e.nproject.NprojectApplication - Starting NprojectApplication using Java 17.0.12 with PID 21764 (C:\Dev_antigravity_git\meta_system\nproject\target\classes started by jkljkl in C:\Dev_antigravity_git\meta_system\nproject)
2025-12-07 07:44:04.321 DEBUG [restartedMain] c.e.nproject.NprojectApplication - Running with Spring Boot v3.2.0, Spring v6.1.1
2025-12-07 07:44:04.321 INFO  [restartedMain] c.e.nproject.NprojectApplication - No active profile set, falling back to 1 default profile: "default"
2025-12-07 07:44:04.358 INFO  [restartedMain] o.s.b.d.e.DevToolsPropertyDefaultsPostProcessor - Devtools property defaults active! Set 'spring.devtools.add-properties' to 'false' to disable
2025-12-07 07:44:04.358 INFO  [restartedMain] o.s.b.d.e.DevToolsPropertyDefaultsPostProcessor - For additional web related logging consider setting the 'logging.level.web' property to 'DEBUG'
2025-12-07 07:44:04.870 DEBUG [restartedMain] o.apache.ibatis.logging.LogFactory - Logging initialized using 'class org.apache.ibatis.logging.slf4j.Slf4jImpl' adapter.
2025-12-07 07:44:05.176 INFO  [restartedMain] o.s.b.w.e.tomcat.TomcatWebServer - Tomcat initialized with port 8081 (http)
2025-12-07 07:44:05.182 INFO  [restartedMain] o.a.coyote.http11.Http11NioProtocol - Initializing ProtocolHandler ["http-nio-8081"]
2025-12-07 07:44:05.184 INFO  [restartedMain] o.a.catalina.core.StandardService - Starting service [Tomcat]
2025-12-07 07:44:05.185 INFO  [restartedMain] o.a.catalina.core.StandardEngine - Starting Servlet engine: [Apache Tomcat/10.1.16]
2025-12-07 07:44:05.222 INFO  [restartedMain] o.a.c.c.C.[Tomcat].[localhost].[/] - Initializing Spring embedded WebApplicationContext
2025-12-07 07:44:05.222 INFO  [restartedMain] o.s.b.w.s.c.ServletWebServerApplicationContext - Root WebApplicationContext: initialization completed in 864 ms
2025-12-07 07:44:05.507 DEBUG [restartedMain] o.s.w.s.m.m.a.RequestMappingHandlerMapping - 10 mappings in 'requestMappingHandlerMapping'
2025-12-07 07:44:05.560 DEBUG [restartedMain] o.s.w.s.h.SimpleUrlHandlerMapping - Patterns [/webjars/**, /**] in 'resourceHandlerMapping'
2025-12-07 07:44:05.578 DEBUG [restartedMain] o.s.w.s.m.m.a.RequestMappingHandlerAdapter - ControllerAdvice beans: 0 @ModelAttribute, 0 @InitBinder, 1 RequestBodyAdvice, 1 ResponseBodyAdvice
2025-12-07 07:44:05.602 DEBUG [restartedMain] o.s.w.s.m.m.a.ExceptionHandlerExceptionResolver - ControllerAdvice beans: 0 @ExceptionHandler, 1 ResponseBodyAdvice
2025-12-07 07:44:05.692 INFO  [restartedMain] o.s.b.d.a.OptionalLiveReloadServer - LiveReload server is running on port 35729
2025-12-07 07:44:05.709 INFO  [restartedMain] o.a.coyote.http11.Http11NioProtocol - Starting ProtocolHandler ["http-nio-8081"]
2025-12-07 07:44:05.726 INFO  [restartedMain] o.s.b.w.e.tomcat.TomcatWebServer - Tomcat started on port 8081 (http) with context path ''
2025-12-07 07:44:05.733 INFO  [restartedMain] c.e.nproject.NprojectApplication - Started NprojectApplication in 1.842 seconds (process running for 2.525)
2025-12-07 07:44:13.110 INFO  [http-nio-8081-exec-1] o.a.c.c.C.[Tomcat].[localhost].[/] - Initializing Spring DispatcherServlet 'dispatcherServlet'
2025-12-07 07:44:13.110 INFO  [http-nio-8081-exec-1] o.s.web.servlet.DispatcherServlet - Initializing Servlet 'dispatcherServlet'
2025-12-07 07:44:13.110 DEBUG [http-nio-8081-exec-1] o.s.web.servlet.DispatcherServlet - Detected StandardServletMultipartResolver
2025-12-07 07:44:13.110 DEBUG [http-nio-8081-exec-1] o.s.web.servlet.DispatcherServlet - Detected AcceptHeaderLocaleResolver
2025-12-07 07:44:13.110 DEBUG [http-nio-8081-exec-1] o.s.web.servlet.DispatcherServlet - Detected FixedThemeResolver
2025-12-07 07:44:13.111 DEBUG [http-nio-8081-exec-1] o.s.web.servlet.DispatcherServlet - Detected org.springframework.web.servlet.view.DefaultRequestToViewNameTranslator@8256d81
2025-12-07 07:44:13.112 DEBUG [http-nio-8081-exec-1] o.s.web.servlet.DispatcherServlet - Detected org.springframework.web.servlet.support.SessionFlashMapManager@76396131
2025-12-07 07:44:13.113 DEBUG [http-nio-8081-exec-1] o.s.web.servlet.DispatcherServlet - enableLoggingRequestDetails='false': request parameters and headers will be masked to prevent unsafe logging of potentially sensitive data
2025-12-07 07:44:13.113 INFO  [http-nio-8081-exec-1] o.s.web.servlet.DispatcherServlet - Completed initialization in 3 ms
2025-12-07 07:44:13.132 DEBUG [http-nio-8081-exec-1] o.s.web.servlet.DispatcherServlet - GET "/std-word/list", parameters={}
2025-12-07 07:44:13.147 DEBUG [http-nio-8081-exec-1] o.s.w.s.m.m.a.RequestMappingHandlerMapping - Mapped to com.example.nproject.controller.MetaStdWordController#list(MetaStdWordDto, Model)
2025-12-07 07:44:13.200 DEBUG [http-nio-8081-exec-1] o.s.jdbc.datasource.DataSourceUtils - Fetching JDBC Connection from DataSource
2025-12-07 07:44:13.202 INFO  [http-nio-8081-exec-1] com.zaxxer.hikari.HikariDataSource - HikariPool-1 - Starting...
2025-12-07 07:44:13.506 INFO  [http-nio-8081-exec-1] com.zaxxer.hikari.pool.HikariPool - HikariPool-1 - Added connection org.postgresql.jdbc.PgConnection@3d8ac1e5
2025-12-07 07:44:13.508 INFO  [http-nio-8081-exec-1] com.zaxxer.hikari.HikariDataSource - HikariPool-1 - Start completed.
2025-12-07 07:44:13.515 DEBUG [http-nio-8081-exec-1] c.e.n.m.M.selectStdWordList - ==>  Preparing: SELECT word_id as wordId, std_word_name as stdWordName, eng_abbr_name as engAbbrName, eng_full_name as engFullName, definition, domain_type as domainType, use_yn as useYn FROM meta_std_word ORDER BY word_id LIMIT ? OFFSET ?
2025-12-07 07:44:13.527 DEBUG [http-nio-8081-exec-1] c.e.n.m.M.selectStdWordList - ==> Parameters: 10(Integer), 0(Integer)
2025-12-07 07:44:13.571 DEBUG [http-nio-8081-exec-1] c.e.n.m.M.selectStdWordList - <==      Total: 10
2025-12-07 07:44:13.578 DEBUG [http-nio-8081-exec-1] o.s.jdbc.datasource.DataSourceUtils - Fetching JDBC Connection from DataSource
2025-12-07 07:44:13.578 DEBUG [http-nio-8081-exec-1] c.e.n.m.M.countStdWordList - ==>  Preparing: SELECT COUNT(*) FROM meta_std_word
2025-12-07 07:44:13.578 DEBUG [http-nio-8081-exec-1] c.e.n.m.M.countStdWordList - ==> Parameters: 
2025-12-07 07:44:13.610 DEBUG [http-nio-8081-exec-1] c.e.n.m.M.countStdWordList - <==      Total: 1
2025-12-07 07:44:13.619 DEBUG [http-nio-8081-exec-1] o.s.w.s.v.ContentNegotiatingViewResolver - Selected 'text/html' given [text/html, application/xhtml+xml, image/avif, image/webp, image/apng, application/xml;q=0.9, */*;q=0.8, application/signed-exchange;v=b3;q=0.7]
2025-12-07 07:44:13.894 DEBUG [http-nio-8081-exec-1] o.s.web.servlet.DispatcherServlet - Completed 200 OK
2025-12-07 07:44:34.032 DEBUG [http-nio-8081-exec-2] o.s.web.servlet.DispatcherServlet - GET "/std-word/list?page=34&stdWordName=", parameters={masked}
2025-12-07 07:44:34.033 DEBUG [http-nio-8081-exec-2] o.s.w.s.m.m.a.RequestMappingHandlerMapping - Mapped to com.example.nproject.controller.MetaStdWordController#list(MetaStdWordDto, Model)
2025-12-07 07:44:34.033 DEBUG [http-nio-8081-exec-2] o.s.jdbc.datasource.DataSourceUtils - Fetching JDBC Connection from DataSource
2025-12-07 07:44:34.043 DEBUG [http-nio-8081-exec-2] c.e.n.m.M.selectStdWordList - ==>  Preparing: SELECT word_id as wordId, std_word_name as stdWordName, eng_abbr_name as engAbbrName, eng_full_name as engFullName, definition, domain_type as domainType, use_yn as useYn FROM meta_std_word ORDER BY word_id LIMIT ? OFFSET ?
2025-12-07 07:44:34.043 DEBUG [http-nio-8081-exec-2] c.e.n.m.M.selectStdWordList - ==> Parameters: 10(Integer), 330(Integer)
2025-12-07 07:44:34.053 DEBUG [http-nio-8081-exec-2] c.e.n.m.M.selectStdWordList - <==      Total: 10
2025-12-07 07:44:34.054 DEBUG [http-nio-8081-exec-2] o.s.jdbc.datasource.DataSourceUtils - Fetching JDBC Connection from DataSource
2025-12-07 07:44:34.054 DEBUG [http-nio-8081-exec-2] c.e.n.m.M.countStdWordList - ==>  Preparing: SELECT COUNT(*) FROM meta_std_word
2025-12-07 07:44:34.054 DEBUG [http-nio-8081-exec-2] c.e.n.m.M.countStdWordList - ==> Parameters: 
2025-12-07 07:44:34.061 DEBUG [http-nio-8081-exec-2] c.e.n.m.M.countStdWordList - <==      Total: 1
2025-12-07 07:44:34.062 DEBUG [http-nio-8081-exec-2] o.s.w.s.v.ContentNegotiatingViewResolver - Selected 'text/html' given [text/html, application/xhtml+xml, image/avif, image/webp, image/apng, application/xml;q=0.9, */*;q=0.8, application/signed-exchange;v=b3;q=0.7]
2025-12-07 07:44:34.086 DEBUG [http-nio-8081-exec-2] o.s.web.servlet.DispatcherServlet - Completed 200 OK
2025-12-07 07:44:34.655 DEBUG [http-nio-8081-exec-3] o.s.web.servlet.DispatcherServlet - GET "/std-word/list?page=35&stdWordName=", parameters={masked}
2025-12-07 07:44:34.656 DEBUG [http-nio-8081-exec-3] o.s.w.s.m.m.a.RequestMappingHandlerMapping - Mapped to com.example.nproject.controller.MetaStdWordController#list(MetaStdWordDto, Model)
2025-12-07 07:44:34.656 DEBUG [http-nio-8081-exec-3] o.s.jdbc.datasource.DataSourceUtils - Fetching JDBC Connection from DataSource
2025-12-07 07:44:34.665 DEBUG [http-nio-8081-exec-3] c.e.n.m.M.selectStdWordList - ==>  Preparing: SELECT word_id as wordId, std_word_name as stdWordName, eng_abbr_name as engAbbrName, eng_full_name as engFullName, definition, domain_type as domainType, use_yn as useYn FROM meta_std_word ORDER BY word_id LIMIT ? OFFSET ?
2025-12-07 07:44:34.665 DEBUG [http-nio-8081-exec-3] c.e.n.m.M.selectStdWordList - ==> Parameters: 10(Integer), 340(Integer)
2025-12-07 07:44:34.672 DEBUG [http-nio-8081-exec-3] c.e.n.m.M.selectStdWordList - <==      Total: 10
2025-12-07 07:44:34.674 DEBUG [http-nio-8081-exec-3] o.s.jdbc.datasource.DataSourceUtils - Fetching JDBC Connection from DataSource
2025-12-07 07:44:34.674 DEBUG [http-nio-8081-exec-3] c.e.n.m.M.countStdWordList - ==>  Preparing: SELECT COUNT(*) FROM meta_std_word
2025-12-07 07:44:34.674 DEBUG [http-nio-8081-exec-3] c.e.n.m.M.countStdWordList - ==> Parameters: 
2025-12-07 07:44:34.681 DEBUG [http-nio-8081-exec-3] c.e.n.m.M.countStdWordList - <==      Total: 1
2025-12-07 07:44:34.684 DEBUG [http-nio-8081-exec-3] o.s.w.s.v.ContentNegotiatingViewResolver - Selected 'text/html' given [text/html, application/xhtml+xml, image/avif, image/webp, image/apng, application/xml;q=0.9, */*;q=0.8, application/signed-exchange;v=b3;q=0.7]
2025-12-07 07:44:34.699 DEBUG [http-nio-8081-exec-3] o.s.web.servlet.DispatcherServlet - Completed 200 OK
2025-12-07 07:44:36.084 DEBUG [http-nio-8081-exec-4] o.s.web.servlet.DispatcherServlet - GET "/std-word/list?page=19&stdWordName=", parameters={masked}
2025-12-07 07:44:36.084 DEBUG [http-nio-8081-exec-4] o.s.w.s.m.m.a.RequestMappingHandlerMapping - Mapped to com.example.nproject.controller.MetaStdWordController#list(MetaStdWordDto, Model)
2025-12-07 07:44:36.084 DEBUG [http-nio-8081-exec-4] o.s.jdbc.datasource.DataSourceUtils - Fetching JDBC Connection from DataSource
2025-12-07 07:44:36.093 DEBUG [http-nio-8081-exec-4] c.e.n.m.M.selectStdWordList - ==>  Preparing: SELECT word_id as wordId, std_word_name as stdWordName, eng_abbr_name as engAbbrName, eng_full_name as engFullName, definition, domain_type as domainType, use_yn as useYn FROM meta_std_word ORDER BY word_id LIMIT ? OFFSET ?
2025-12-07 07:44:36.093 DEBUG [http-nio-8081-exec-4] c.e.n.m.M.selectStdWordList - ==> Parameters: 10(Integer), 180(Integer)
2025-12-07 07:44:36.102 DEBUG [http-nio-8081-exec-4] c.e.n.m.M.selectStdWordList - <==      Total: 10
2025-12-07 07:44:36.102 DEBUG [http-nio-8081-exec-4] o.s.jdbc.datasource.DataSourceUtils - Fetching JDBC Connection from DataSource
2025-12-07 07:44:36.103 DEBUG [http-nio-8081-exec-4] c.e.n.m.M.countStdWordList - ==>  Preparing: SELECT COUNT(*) FROM meta_std_word
2025-12-07 07:44:36.103 DEBUG [http-nio-8081-exec-4] c.e.n.m.M.countStdWordList - ==> Parameters: 
2025-12-07 07:44:36.110 DEBUG [http-nio-8081-exec-4] c.e.n.m.M.countStdWordList - <==      Total: 1
2025-12-07 07:44:36.111 DEBUG [http-nio-8081-exec-4] o.s.w.s.v.ContentNegotiatingViewResolver - Selected 'text/html' given [text/html, application/xhtml+xml, image/avif, image/webp, image/apng, application/xml;q=0.9, */*;q=0.8, application/signed-exchange;v=b3;q=0.7]
2025-12-07 07:44:36.122 DEBUG [http-nio-8081-exec-4] o.s.web.servlet.DispatcherServlet - Completed 200 OK
2025-12-07 07:44:54.532 DEBUG [http-nio-8081-exec-5] o.s.web.servlet.DispatcherServlet - GET "/std-word/list?stdWordName=%EB%B3%80%EA%B2%BD", parameters={masked}
2025-12-07 07:44:54.532 DEBUG [http-nio-8081-exec-5] o.s.w.s.m.m.a.RequestMappingHandlerMapping - Mapped to com.example.nproject.controller.MetaStdWordController#list(MetaStdWordDto, Model)
2025-12-07 07:44:54.535 DEBUG [http-nio-8081-exec-5] o.s.jdbc.datasource.DataSourceUtils - Fetching JDBC Connection from DataSource
2025-12-07 07:44:54.544 DEBUG [http-nio-8081-exec-5] c.e.n.m.M.selectStdWordList - ==>  Preparing: SELECT word_id as wordId, std_word_name as stdWordName, eng_abbr_name as engAbbrName, eng_full_name as engFullName, definition, domain_type as domainType, use_yn as useYn FROM meta_std_word WHERE std_word_name LIKE '%' || ? || '%' ORDER BY word_id LIMIT ? OFFSET ?
2025-12-07 07:44:54.544 DEBUG [http-nio-8081-exec-5] c.e.n.m.M.selectStdWordList - ==> Parameters: 변경(String), 10(Integer), 0(Integer)
2025-12-07 07:44:54.583 DEBUG [http-nio-8081-exec-5] c.e.n.m.M.selectStdWordList - <==      Total: 1
2025-12-07 07:44:54.584 DEBUG [http-nio-8081-exec-5] o.s.jdbc.datasource.DataSourceUtils - Fetching JDBC Connection from DataSource
2025-12-07 07:44:54.584 DEBUG [http-nio-8081-exec-5] c.e.n.m.M.countStdWordList - ==>  Preparing: SELECT COUNT(*) FROM meta_std_word WHERE std_word_name LIKE '%' || ? || '%'
2025-12-07 07:44:54.584 DEBUG [http-nio-8081-exec-5] c.e.n.m.M.countStdWordList - ==> Parameters: 변경(String)
2025-12-07 07:44:54.630 DEBUG [http-nio-8081-exec-5] c.e.n.m.M.countStdWordList - <==      Total: 1
2025-12-07 07:44:54.631 DEBUG [http-nio-8081-exec-5] o.s.w.s.v.ContentNegotiatingViewResolver - Selected 'text/html' given [text/html, application/xhtml+xml, image/avif, image/webp, image/apng, application/xml;q=0.9, */*;q=0.8, application/signed-exchange;v=b3;q=0.7]
2025-12-07 07:44:54.637 DEBUG [http-nio-8081-exec-5] o.s.web.servlet.DispatcherServlet - Completed 200 OK
2025-12-07 07:45:27.336 DEBUG [http-nio-8081-exec-7] o.s.web.servlet.DispatcherServlet - GET "/std-word/list?stdWordName=", parameters={masked}
2025-12-07 07:45:27.336 DEBUG [http-nio-8081-exec-7] o.s.w.s.m.m.a.RequestMappingHandlerMapping - Mapped to com.example.nproject.controller.MetaStdWordController#list(MetaStdWordDto, Model)
2025-12-07 07:45:27.337 DEBUG [http-nio-8081-exec-7] o.s.jdbc.datasource.DataSourceUtils - Fetching JDBC Connection from DataSource
2025-12-07 07:45:27.346 DEBUG [http-nio-8081-exec-7] c.e.n.m.M.selectStdWordList - ==>  Preparing: SELECT word_id as wordId, std_word_name as stdWordName, eng_abbr_name as engAbbrName, eng_full_name as engFullName, definition, domain_type as domainType, use_yn as useYn FROM meta_std_word ORDER BY word_id LIMIT ? OFFSET ?
2025-12-07 07:45:27.347 DEBUG [http-nio-8081-exec-7] c.e.n.m.M.selectStdWordList - ==> Parameters: 10(Integer), 0(Integer)
2025-12-07 07:45:27.357 DEBUG [http-nio-8081-exec-7] c.e.n.m.M.selectStdWordList - <==      Total: 10
2025-12-07 07:45:27.358 DEBUG [http-nio-8081-exec-7] o.s.jdbc.datasource.DataSourceUtils - Fetching JDBC Connection from DataSource
2025-12-07 07:45:27.358 DEBUG [http-nio-8081-exec-7] c.e.n.m.M.countStdWordList - ==>  Preparing: SELECT COUNT(*) FROM meta_std_word
2025-12-07 07:45:27.358 DEBUG [http-nio-8081-exec-7] c.e.n.m.M.countStdWordList - ==> Parameters: 
2025-12-07 07:45:27.365 DEBUG [http-nio-8081-exec-7] c.e.n.m.M.countStdWordList - <==      Total: 1
2025-12-07 07:45:27.366 DEBUG [http-nio-8081-exec-7] o.s.w.s.v.ContentNegotiatingViewResolver - Selected 'text/html' given [text/html, application/xhtml+xml, image/avif, image/webp, image/apng, application/xml;q=0.9, */*;q=0.8, application/signed-exchange;v=b3;q=0.7]
2025-12-07 07:45:27.376 DEBUG [http-nio-8081-exec-7] o.s.web.servlet.DispatcherServlet - Completed 200 OK
2025-12-07 07:45:41.628 DEBUG [http-nio-8081-exec-8] o.s.web.servlet.DispatcherServlet - GET "/std-word/list?page=29&stdWordName=", parameters={masked}
2025-12-07 07:45:41.628 DEBUG [http-nio-8081-exec-8] o.s.w.s.m.m.a.RequestMappingHandlerMapping - Mapped to com.example.nproject.controller.MetaStdWordController#list(MetaStdWordDto, Model)
2025-12-07 07:45:41.629 DEBUG [http-nio-8081-exec-8] o.s.jdbc.datasource.DataSourceUtils - Fetching JDBC Connection from DataSource
2025-12-07 07:45:41.637 DEBUG [http-nio-8081-exec-8] c.e.n.m.M.selectStdWordList - ==>  Preparing: SELECT word_id as wordId, std_word_name as stdWordName, eng_abbr_name as engAbbrName, eng_full_name as engFullName, definition, domain_type as domainType, use_yn as useYn FROM meta_std_word ORDER BY word_id LIMIT ? OFFSET ?
2025-12-07 07:45:41.637 DEBUG [http-nio-8081-exec-8] c.e.n.m.M.selectStdWordList - ==> Parameters: 10(Integer), 280(Integer)
2025-12-07 07:45:41.645 DEBUG [http-nio-8081-exec-8] c.e.n.m.M.selectStdWordList - <==      Total: 10
2025-12-07 07:45:41.645 DEBUG [http-nio-8081-exec-8] o.s.jdbc.datasource.DataSourceUtils - Fetching JDBC Connection from DataSource
2025-12-07 07:45:41.646 DEBUG [http-nio-8081-exec-8] c.e.n.m.M.countStdWordList - ==>  Preparing: SELECT COUNT(*) FROM meta_std_word
2025-12-07 07:45:41.646 DEBUG [http-nio-8081-exec-8] c.e.n.m.M.countStdWordList - ==> Parameters: 
2025-12-07 07:45:41.652 DEBUG [http-nio-8081-exec-8] c.e.n.m.M.countStdWordList - <==      Total: 1
2025-12-07 07:45:41.654 DEBUG [http-nio-8081-exec-8] o.s.w.s.v.ContentNegotiatingViewResolver - Selected 'text/html' given [text/html, application/xhtml+xml, image/avif, image/webp, image/apng, application/xml;q=0.9, */*;q=0.8, application/signed-exchange;v=b3;q=0.7]
2025-12-07 07:45:41.663 DEBUG [http-nio-8081-exec-8] o.s.web.servlet.DispatcherServlet - Completed 200 OK
2025-12-07 07:45:42.805 DEBUG [http-nio-8081-exec-9] o.s.web.servlet.DispatcherServlet - GET "/std-word/list?page=36&stdWordName=", parameters={masked}
2025-12-07 07:45:42.806 DEBUG [http-nio-8081-exec-9] o.s.w.s.m.m.a.RequestMappingHandlerMapping - Mapped to com.example.nproject.controller.MetaStdWordController#list(MetaStdWordDto, Model)
2025-12-07 07:45:42.807 DEBUG [http-nio-8081-exec-9] o.s.jdbc.datasource.DataSourceUtils - Fetching JDBC Connection from DataSource
2025-12-07 07:45:42.817 DEBUG [http-nio-8081-exec-9] c.e.n.m.M.selectStdWordList - ==>  Preparing: SELECT word_id as wordId, std_word_name as stdWordName, eng_abbr_name as engAbbrName, eng_full_name as engFullName, definition, domain_type as domainType, use_yn as useYn FROM meta_std_word ORDER BY word_id LIMIT ? OFFSET ?
2025-12-07 07:45:42.819 DEBUG [http-nio-8081-exec-9] c.e.n.m.M.selectStdWordList - ==> Parameters: 10(Integer), 350(Integer)
2025-12-07 07:45:42.827 DEBUG [http-nio-8081-exec-9] c.e.n.m.M.selectStdWordList - <==      Total: 10
2025-12-07 07:45:42.827 DEBUG [http-nio-8081-exec-9] o.s.jdbc.datasource.DataSourceUtils - Fetching JDBC Connection from DataSource
2025-12-07 07:45:42.827 DEBUG [http-nio-8081-exec-9] c.e.n.m.M.countStdWordList - ==>  Preparing: SELECT COUNT(*) FROM meta_std_word
2025-12-07 07:45:42.828 DEBUG [http-nio-8081-exec-9] c.e.n.m.M.countStdWordList - ==> Parameters: 
2025-12-07 07:45:42.836 DEBUG [http-nio-8081-exec-9] c.e.n.m.M.countStdWordList - <==      Total: 1
2025-12-07 07:45:42.838 DEBUG [http-nio-8081-exec-9] o.s.w.s.v.ContentNegotiatingViewResolver - Selected 'text/html' given [text/html, application/xhtml+xml, image/avif, image/webp, image/apng, application/xml;q=0.9, */*;q=0.8, application/signed-exchange;v=b3;q=0.7]
2025-12-07 07:45:42.847 DEBUG [http-nio-8081-exec-9] o.s.web.servlet.DispatcherServlet - Completed 200 OK
2025-12-07 07:45:43.631 DEBUG [http-nio-8081-exec-10] o.s.web.servlet.DispatcherServlet - GET "/std-word/list?page=37&stdWordName=", parameters={masked}
2025-12-07 07:45:43.631 DEBUG [http-nio-8081-exec-10] o.s.w.s.m.m.a.RequestMappingHandlerMapping - Mapped to com.example.nproject.controller.MetaStdWordController#list(MetaStdWordDto, Model)
2025-12-07 07:45:43.632 DEBUG [http-nio-8081-exec-10] o.s.jdbc.datasource.DataSourceUtils - Fetching JDBC Connection from DataSource
2025-12-07 07:45:43.640 DEBUG [http-nio-8081-exec-10] c.e.n.m.M.selectStdWordList - ==>  Preparing: SELECT word_id as wordId, std_word_name as stdWordName, eng_abbr_name as engAbbrName, eng_full_name as engFullName, definition, domain_type as domainType, use_yn as useYn FROM meta_std_word ORDER BY word_id LIMIT ? OFFSET ?
2025-12-07 07:45:43.640 DEBUG [http-nio-8081-exec-10] c.e.n.m.M.selectStdWordList - ==> Parameters: 10(Integer), 360(Integer)
2025-12-07 07:45:43.650 DEBUG [http-nio-8081-exec-10] c.e.n.m.M.selectStdWordList - <==      Total: 10
2025-12-07 07:45:43.650 DEBUG [http-nio-8081-exec-10] o.s.jdbc.datasource.DataSourceUtils - Fetching JDBC Connection from DataSource
2025-12-07 07:45:43.650 DEBUG [http-nio-8081-exec-10] c.e.n.m.M.countStdWordList - ==>  Preparing: SELECT COUNT(*) FROM meta_std_word
2025-12-07 07:45:43.650 DEBUG [http-nio-8081-exec-10] c.e.n.m.M.countStdWordList - ==> Parameters: 
2025-12-07 07:45:43.657 DEBUG [http-nio-8081-exec-10] c.e.n.m.M.countStdWordList - <==      Total: 1
2025-12-07 07:45:43.658 DEBUG [http-nio-8081-exec-10] o.s.w.s.v.ContentNegotiatingViewResolver - Selected 'text/html' given [text/html, application/xhtml+xml, image/avif, image/webp, image/apng, application/xml;q=0.9, */*;q=0.8, application/signed-exchange;v=b3;q=0.7]
2025-12-07 07:45:43.664 DEBUG [http-nio-8081-exec-10] o.s.web.servlet.DispatcherServlet - Completed 200 OK
2025-12-07 07:45:44.342 DEBUG [http-nio-8081-exec-1] o.s.web.servlet.DispatcherServlet - GET "/std-word/list?page=39&stdWordName=", parameters={masked}
2025-12-07 07:45:44.343 DEBUG [http-nio-8081-exec-1] o.s.w.s.m.m.a.RequestMappingHandlerMapping - Mapped to com.example.nproject.controller.MetaStdWordController#list(MetaStdWordDto, Model)
2025-12-07 07:45:44.343 DEBUG [http-nio-8081-exec-1] o.s.jdbc.datasource.DataSourceUtils - Fetching JDBC Connection from DataSource
2025-12-07 07:45:44.354 DEBUG [http-nio-8081-exec-1] c.e.n.m.M.selectStdWordList - ==>  Preparing: SELECT word_id as wordId, std_word_name as stdWordName, eng_abbr_name as engAbbrName, eng_full_name as engFullName, definition, domain_type as domainType, use_yn as useYn FROM meta_std_word ORDER BY word_id LIMIT ? OFFSET ?
2025-12-07 07:45:44.354 DEBUG [http-nio-8081-exec-1] c.e.n.m.M.selectStdWordList - ==> Parameters: 10(Integer), 380(Integer)
2025-12-07 07:45:44.364 DEBUG [http-nio-8081-exec-1] c.e.n.m.M.selectStdWordList - <==      Total: 10
2025-12-07 07:45:44.364 DEBUG [http-nio-8081-exec-1] o.s.jdbc.datasource.DataSourceUtils - Fetching JDBC Connection from DataSource
2025-12-07 07:45:44.364 DEBUG [http-nio-8081-exec-1] c.e.n.m.M.countStdWordList - ==>  Preparing: SELECT COUNT(*) FROM meta_std_word
2025-12-07 07:45:44.364 DEBUG [http-nio-8081-exec-1] c.e.n.m.M.countStdWordList - ==> Parameters: 
2025-12-07 07:45:44.372 DEBUG [http-nio-8081-exec-1] c.e.n.m.M.countStdWordList - <==      Total: 1
2025-12-07 07:45:44.372 DEBUG [http-nio-8081-exec-1] o.s.w.s.v.ContentNegotiatingViewResolver - Selected 'text/html' given [text/html, application/xhtml+xml, image/avif, image/webp, image/apng, application/xml;q=0.9, */*;q=0.8, application/signed-exchange;v=b3;q=0.7]
2025-12-07 07:45:44.379 DEBUG [http-nio-8081-exec-1] o.s.web.servlet.DispatcherServlet - Completed 200 OK
2025-12-07 07:45:44.919 DEBUG [http-nio-8081-exec-2] o.s.web.servlet.DispatcherServlet - GET "/std-word/list?page=41&stdWordName=", parameters={masked}
2025-12-07 07:45:44.919 DEBUG [http-nio-8081-exec-2] o.s.w.s.m.m.a.RequestMappingHandlerMapping - Mapped to com.example.nproject.controller.MetaStdWordController#list(MetaStdWordDto, Model)
2025-12-07 07:45:44.920 DEBUG [http-nio-8081-exec-2] o.s.jdbc.datasource.DataSourceUtils - Fetching JDBC Connection from DataSource
2025-12-07 07:45:44.935 DEBUG [http-nio-8081-exec-2] c.e.n.m.M.selectStdWordList - ==>  Preparing: SELECT word_id as wordId, std_word_name as stdWordName, eng_abbr_name as engAbbrName, eng_full_name as engFullName, definition, domain_type as domainType, use_yn as useYn FROM meta_std_word ORDER BY word_id LIMIT ? OFFSET ?
2025-12-07 07:45:44.935 DEBUG [http-nio-8081-exec-2] c.e.n.m.M.selectStdWordList - ==> Parameters: 10(Integer), 400(Integer)
2025-12-07 07:45:44.943 DEBUG [http-nio-8081-exec-2] c.e.n.m.M.selectStdWordList - <==      Total: 10
2025-12-07 07:45:44.943 DEBUG [http-nio-8081-exec-2] o.s.jdbc.datasource.DataSourceUtils - Fetching JDBC Connection from DataSource
2025-12-07 07:45:44.943 DEBUG [http-nio-8081-exec-2] c.e.n.m.M.countStdWordList - ==>  Preparing: SELECT COUNT(*) FROM meta_std_word
2025-12-07 07:45:44.943 DEBUG [http-nio-8081-exec-2] c.e.n.m.M.countStdWordList - ==> Parameters: 
2025-12-07 07:45:44.951 DEBUG [http-nio-8081-exec-2] c.e.n.m.M.countStdWordList - <==      Total: 1
2025-12-07 07:45:44.951 DEBUG [http-nio-8081-exec-2] o.s.w.s.v.ContentNegotiatingViewResolver - Selected 'text/html' given [text/html, application/xhtml+xml, image/avif, image/webp, image/apng, application/xml;q=0.9, */*;q=0.8, application/signed-exchange;v=b3;q=0.7]
2025-12-07 07:45:44.957 DEBUG [http-nio-8081-exec-2] o.s.web.servlet.DispatcherServlet - Completed 200 OK
2025-12-07 07:45:45.315 DEBUG [http-nio-8081-exec-3] o.s.web.servlet.DispatcherServlet - GET "/std-word/list?page=42&stdWordName=", parameters={masked}
2025-12-07 07:45:45.315 DEBUG [http-nio-8081-exec-3] o.s.w.s.m.m.a.RequestMappingHandlerMapping - Mapped to com.example.nproject.controller.MetaStdWordController#list(MetaStdWordDto, Model)
2025-12-07 07:45:45.316 DEBUG [http-nio-8081-exec-3] o.s.jdbc.datasource.DataSourceUtils - Fetching JDBC Connection from DataSource
2025-12-07 07:45:45.316 DEBUG [http-nio-8081-exec-3] c.e.n.m.M.selectStdWordList - ==>  Preparing: SELECT word_id as wordId, std_word_name as stdWordName, eng_abbr_name as engAbbrName, eng_full_name as engFullName, definition, domain_type as domainType, use_yn as useYn FROM meta_std_word ORDER BY word_id LIMIT ? OFFSET ?
2025-12-07 07:45:45.316 DEBUG [http-nio-8081-exec-3] c.e.n.m.M.selectStdWordList - ==> Parameters: 10(Integer), 410(Integer)
2025-12-07 07:45:45.324 DEBUG [http-nio-8081-exec-3] c.e.n.m.M.selectStdWordList - <==      Total: 10
2025-12-07 07:45:45.325 DEBUG [http-nio-8081-exec-3] o.s.jdbc.datasource.DataSourceUtils - Fetching JDBC Connection from DataSource
2025-12-07 07:45:45.325 DEBUG [http-nio-8081-exec-3] c.e.n.m.M.countStdWordList - ==>  Preparing: SELECT COUNT(*) FROM meta_std_word
2025-12-07 07:45:45.325 DEBUG [http-nio-8081-exec-3] c.e.n.m.M.countStdWordList - ==> Parameters: 
2025-12-07 07:45:45.332 DEBUG [http-nio-8081-exec-3] c.e.n.m.M.countStdWordList - <==      Total: 1
2025-12-07 07:45:45.333 DEBUG [http-nio-8081-exec-3] o.s.w.s.v.ContentNegotiatingViewResolver - Selected 'text/html' given [text/html, application/xhtml+xml, image/avif, image/webp, image/apng, application/xml;q=0.9, */*;q=0.8, application/signed-exchange;v=b3;q=0.7]
2025-12-07 07:45:45.339 DEBUG [http-nio-8081-exec-3] o.s.web.servlet.DispatcherServlet - Completed 200 OK
2025-12-07 07:45:46.414 DEBUG [http-nio-8081-exec-4] o.s.web.servlet.DispatcherServlet - GET "/std-word/list?page=45&stdWordName=", parameters={masked}
2025-12-07 07:45:46.415 DEBUG [http-nio-8081-exec-4] o.s.w.s.m.m.a.RequestMappingHandlerMapping - Mapped to com.example.nproject.controller.MetaStdWordController#list(MetaStdWordDto, Model)
2025-12-07 07:45:46.415 DEBUG [http-nio-8081-exec-4] o.s.jdbc.datasource.DataSourceUtils - Fetching JDBC Connection from DataSource
2025-12-07 07:45:46.424 DEBUG [http-nio-8081-exec-4] c.e.n.m.M.selectStdWordList - ==>  Preparing: SELECT word_id as wordId, std_word_name as stdWordName, eng_abbr_name as engAbbrName, eng_full_name as engFullName, definition, domain_type as domainType, use_yn as useYn FROM meta_std_word ORDER BY word_id LIMIT ? OFFSET ?
2025-12-07 07:45:46.424 DEBUG [http-nio-8081-exec-4] c.e.n.m.M.selectStdWordList - ==> Parameters: 10(Integer), 440(Integer)
2025-12-07 07:45:46.432 DEBUG [http-nio-8081-exec-4] c.e.n.m.M.selectStdWordList - <==      Total: 10
2025-12-07 07:45:46.432 DEBUG [http-nio-8081-exec-4] o.s.jdbc.datasource.DataSourceUtils - Fetching JDBC Connection from DataSource
2025-12-07 07:45:46.432 DEBUG [http-nio-8081-exec-4] c.e.n.m.M.countStdWordList - ==>  Preparing: SELECT COUNT(*) FROM meta_std_word
2025-12-07 07:45:46.432 DEBUG [http-nio-8081-exec-4] c.e.n.m.M.countStdWordList - ==> Parameters: 
2025-12-07 07:45:46.440 DEBUG [http-nio-8081-exec-4] c.e.n.m.M.countStdWordList - <==      Total: 1
2025-12-07 07:45:46.442 DEBUG [http-nio-8081-exec-4] o.s.w.s.v.ContentNegotiatingViewResolver - Selected 'text/html' given [text/html, application/xhtml+xml, image/avif, image/webp, image/apng, application/xml;q=0.9, */*;q=0.8, application/signed-exchange;v=b3;q=0.7]
2025-12-07 07:45:46.448 DEBUG [http-nio-8081-exec-4] o.s.web.servlet.DispatcherServlet - Completed 200 OK
2025-12-07 07:45:46.780 DEBUG [http-nio-8081-exec-5] o.s.web.servlet.DispatcherServlet - GET "/std-word/list?page=46&stdWordName=", parameters={masked}
2025-12-07 07:45:46.781 DEBUG [http-nio-8081-exec-5] o.s.w.s.m.m.a.RequestMappingHandlerMapping - Mapped to com.example.nproject.controller.MetaStdWordController#list(MetaStdWordDto, Model)
2025-12-07 07:45:46.781 DEBUG [http-nio-8081-exec-5] o.s.jdbc.datasource.DataSourceUtils - Fetching JDBC Connection from DataSource
2025-12-07 07:45:46.781 DEBUG [http-nio-8081-exec-5] c.e.n.m.M.selectStdWordList - ==>  Preparing: SELECT word_id as wordId, std_word_name as stdWordName, eng_abbr_name as engAbbrName, eng_full_name as engFullName, definition, domain_type as domainType, use_yn as useYn FROM meta_std_word ORDER BY word_id LIMIT ? OFFSET ?
2025-12-07 07:45:46.782 DEBUG [http-nio-8081-exec-5] c.e.n.m.M.selectStdWordList - ==> Parameters: 10(Integer), 450(Integer)
2025-12-07 07:45:46.795 DEBUG [http-nio-8081-exec-5] c.e.n.m.M.selectStdWordList - <==      Total: 10
2025-12-07 07:45:46.796 DEBUG [http-nio-8081-exec-5] o.s.jdbc.datasource.DataSourceUtils - Fetching JDBC Connection from DataSource
2025-12-07 07:45:46.796 DEBUG [http-nio-8081-exec-5] c.e.n.m.M.countStdWordList - ==>  Preparing: SELECT COUNT(*) FROM meta_std_word
2025-12-07 07:45:46.796 DEBUG [http-nio-8081-exec-5] c.e.n.m.M.countStdWordList - ==> Parameters: 
2025-12-07 07:45:46.803 DEBUG [http-nio-8081-exec-5] c.e.n.m.M.countStdWordList - <==      Total: 1
2025-12-07 07:45:46.804 DEBUG [http-nio-8081-exec-5] o.s.w.s.v.ContentNegotiatingViewResolver - Selected 'text/html' given [text/html, application/xhtml+xml, image/avif, image/webp, image/apng, application/xml;q=0.9, */*;q=0.8, application/signed-exchange;v=b3;q=0.7]
2025-12-07 07:45:46.812 DEBUG [http-nio-8081-exec-5] o.s.web.servlet.DispatcherServlet - Completed 200 OK
2025-12-07 07:45:47.140 DEBUG [http-nio-8081-exec-6] o.s.web.servlet.DispatcherServlet - GET "/std-word/list?page=47&stdWordName=", parameters={masked}
2025-12-07 07:45:47.140 DEBUG [http-nio-8081-exec-6] o.s.w.s.m.m.a.RequestMappingHandlerMapping - Mapped to com.example.nproject.controller.MetaStdWordController#list(MetaStdWordDto, Model)
2025-12-07 07:45:47.141 DEBUG [http-nio-8081-exec-6] o.s.jdbc.datasource.DataSourceUtils - Fetching JDBC Connection from DataSource
2025-12-07 07:45:47.141 DEBUG [http-nio-8081-exec-6] c.e.n.m.M.selectStdWordList - ==>  Preparing: SELECT word_id as wordId, std_word_name as stdWordName, eng_abbr_name as engAbbrName, eng_full_name as engFullName, definition, domain_type as domainType, use_yn as useYn FROM meta_std_word ORDER BY word_id LIMIT ? OFFSET ?
2025-12-07 07:45:47.141 DEBUG [http-nio-8081-exec-6] c.e.n.m.M.selectStdWordList - ==> Parameters: 10(Integer), 460(Integer)
2025-12-07 07:45:47.151 DEBUG [http-nio-8081-exec-6] c.e.n.m.M.selectStdWordList - <==      Total: 10
2025-12-07 07:45:47.151 DEBUG [http-nio-8081-exec-6] o.s.jdbc.datasource.DataSourceUtils - Fetching JDBC Connection from DataSource
2025-12-07 07:45:47.151 DEBUG [http-nio-8081-exec-6] c.e.n.m.M.countStdWordList - ==>  Preparing: SELECT COUNT(*) FROM meta_std_word
2025-12-07 07:45:47.151 DEBUG [http-nio-8081-exec-6] c.e.n.m.M.countStdWordList - ==> Parameters: 
2025-12-07 07:45:47.158 DEBUG [http-nio-8081-exec-6] c.e.n.m.M.countStdWordList - <==      Total: 1
2025-12-07 07:45:47.159 DEBUG [http-nio-8081-exec-6] o.s.w.s.v.ContentNegotiatingViewResolver - Selected 'text/html' given [text/html, application/xhtml+xml, image/avif, image/webp, image/apng, application/xml;q=0.9, */*;q=0.8, application/signed-exchange;v=b3;q=0.7]
2025-12-07 07:45:47.166 DEBUG [http-nio-8081-exec-6] o.s.web.servlet.DispatcherServlet - Completed 200 OK
2025-12-07 07:47:28.455 DEBUG [http-nio-8081-exec-9] o.s.web.servlet.DispatcherServlet - GET "/std-word/list?page=45&stdWordName=", parameters={masked}
2025-12-07 07:47:28.456 DEBUG [http-nio-8081-exec-9] o.s.w.s.m.m.a.RequestMappingHandlerMapping - Mapped to com.example.nproject.controller.MetaStdWordController#list(MetaStdWordDto, Model)
2025-12-07 07:47:28.457 DEBUG [http-nio-8081-exec-9] o.s.jdbc.datasource.DataSourceUtils - Fetching JDBC Connection from DataSource
2025-12-07 07:47:28.465 DEBUG [http-nio-8081-exec-9] c.e.n.m.M.selectStdWordList - ==>  Preparing: SELECT word_id as wordId, std_word_name as stdWordName, eng_abbr_name as engAbbrName, eng_full_name as engFullName, definition, domain_type as domainType, use_yn as useYn FROM meta_std_word ORDER BY word_id LIMIT ? OFFSET ?
2025-12-07 07:47:28.465 DEBUG [http-nio-8081-exec-9] c.e.n.m.M.selectStdWordList - ==> Parameters: 10(Integer), 440(Integer)
2025-12-07 07:47:28.472 DEBUG [http-nio-8081-exec-9] c.e.n.m.M.selectStdWordList - <==      Total: 10
2025-12-07 07:47:28.474 DEBUG [http-nio-8081-exec-9] o.s.jdbc.datasource.DataSourceUtils - Fetching JDBC Connection from DataSource
2025-12-07 07:47:28.474 DEBUG [http-nio-8081-exec-9] c.e.n.m.M.countStdWordList - ==>  Preparing: SELECT COUNT(*) FROM meta_std_word
2025-12-07 07:47:28.474 DEBUG [http-nio-8081-exec-9] c.e.n.m.M.countStdWordList - ==> Parameters: 
2025-12-07 07:47:28.483 DEBUG [http-nio-8081-exec-9] c.e.n.m.M.countStdWordList - <==      Total: 1
2025-12-07 07:47:28.484 DEBUG [http-nio-8081-exec-9] o.s.w.s.v.ContentNegotiatingViewResolver - Selected 'text/html' given [text/html, application/xhtml+xml, image/avif, image/webp, image/apng, application/xml;q=0.9, */*;q=0.8, application/signed-exchange;v=b3;q=0.7]
2025-12-07 07:47:28.490 DEBUG [http-nio-8081-exec-9] o.s.web.servlet.DispatcherServlet - Completed 200 OK
2025-12-07 07:47:29.040 DEBUG [http-nio-8081-exec-10] o.s.web.servlet.DispatcherServlet - GET "/std-word/list?page=46&stdWordName=", parameters={masked}
2025-12-07 07:47:29.040 DEBUG [http-nio-8081-exec-10] o.s.w.s.m.m.a.RequestMappingHandlerMapping - Mapped to com.example.nproject.controller.MetaStdWordController#list(MetaStdWordDto, Model)
2025-12-07 07:47:29.041 DEBUG [http-nio-8081-exec-10] o.s.jdbc.datasource.DataSourceUtils - Fetching JDBC Connection from DataSource
2025-12-07 07:47:29.049 DEBUG [http-nio-8081-exec-10] c.e.n.m.M.selectStdWordList - ==>  Preparing: SELECT word_id as wordId, std_word_name as stdWordName, eng_abbr_name as engAbbrName, eng_full_name as engFullName, definition, domain_type as domainType, use_yn as useYn FROM meta_std_word ORDER BY word_id LIMIT ? OFFSET ?
2025-12-07 07:47:29.050 DEBUG [http-nio-8081-exec-10] c.e.n.m.M.selectStdWordList - ==> Parameters: 10(Integer), 450(Integer)
2025-12-07 07:47:29.056 DEBUG [http-nio-8081-exec-10] c.e.n.m.M.selectStdWordList - <==      Total: 10
2025-12-07 07:47:29.057 DEBUG [http-nio-8081-exec-10] o.s.jdbc.datasource.DataSourceUtils - Fetching JDBC Connection from DataSource
2025-12-07 07:47:29.057 DEBUG [http-nio-8081-exec-10] c.e.n.m.M.countStdWordList - ==>  Preparing: SELECT COUNT(*) FROM meta_std_word
2025-12-07 07:47:29.057 DEBUG [http-nio-8081-exec-10] c.e.n.m.M.countStdWordList - ==> Parameters: 
2025-12-07 07:47:29.064 DEBUG [http-nio-8081-exec-10] c.e.n.m.M.countStdWordList - <==      Total: 1
2025-12-07 07:47:29.065 DEBUG [http-nio-8081-exec-10] o.s.w.s.v.ContentNegotiatingViewResolver - Selected 'text/html' given [text/html, application/xhtml+xml, image/avif, image/webp, image/apng, application/xml;q=0.9, */*;q=0.8, application/signed-exchange;v=b3;q=0.7]
2025-12-07 07:47:29.070 DEBUG [http-nio-8081-exec-10] o.s.web.servlet.DispatcherServlet - Completed 200 OK
2025-12-07 07:47:29.740 DEBUG [http-nio-8081-exec-1] o.s.web.servlet.DispatcherServlet - GET "/std-word/list?page=47&stdWordName=", parameters={masked}
2025-12-07 07:47:29.740 DEBUG [http-nio-8081-exec-1] o.s.w.s.m.m.a.RequestMappingHandlerMapping - Mapped to com.example.nproject.controller.MetaStdWordController#list(MetaStdWordDto, Model)
2025-12-07 07:47:29.741 DEBUG [http-nio-8081-exec-1] o.s.jdbc.datasource.DataSourceUtils - Fetching JDBC Connection from DataSource
2025-12-07 07:47:29.750 DEBUG [http-nio-8081-exec-1] c.e.n.m.M.selectStdWordList - ==>  Preparing: SELECT word_id as wordId, std_word_name as stdWordName, eng_abbr_name as engAbbrName, eng_full_name as engFullName, definition, domain_type as domainType, use_yn as useYn FROM meta_std_word ORDER BY word_id LIMIT ? OFFSET ?
2025-12-07 07:47:29.750 DEBUG [http-nio-8081-exec-1] c.e.n.m.M.selectStdWordList - ==> Parameters: 10(Integer), 460(Integer)
2025-12-07 07:47:29.755 DEBUG [http-nio-8081-exec-1] c.e.n.m.M.selectStdWordList - <==      Total: 10
2025-12-07 07:47:29.757 DEBUG [http-nio-8081-exec-1] o.s.jdbc.datasource.DataSourceUtils - Fetching JDBC Connection from DataSource
2025-12-07 07:47:29.757 DEBUG [http-nio-8081-exec-1] c.e.n.m.M.countStdWordList - ==>  Preparing: SELECT COUNT(*) FROM meta_std_word
2025-12-07 07:47:29.757 DEBUG [http-nio-8081-exec-1] c.e.n.m.M.countStdWordList - ==> Parameters: 
2025-12-07 07:47:29.764 DEBUG [http-nio-8081-exec-1] c.e.n.m.M.countStdWordList - <==      Total: 1
2025-12-07 07:47:29.765 DEBUG [http-nio-8081-exec-1] o.s.w.s.v.ContentNegotiatingViewResolver - Selected 'text/html' given [text/html, application/xhtml+xml, image/avif, image/webp, image/apng, application/xml;q=0.9, */*;q=0.8, application/signed-exchange;v=b3;q=0.7]
2025-12-07 07:47:29.770 DEBUG [http-nio-8081-exec-1] o.s.web.servlet.DispatcherServlet - Completed 200 OK
2025-12-07 07:47:30.895 DEBUG [http-nio-8081-exec-2] o.s.web.servlet.DispatcherServlet - GET "/std-word/list?page=49&stdWordName=", parameters={masked}
2025-12-07 07:47:30.896 DEBUG [http-nio-8081-exec-2] o.s.w.s.m.m.a.RequestMappingHandlerMapping - Mapped to com.example.nproject.controller.MetaStdWordController#list(MetaStdWordDto, Model)
2025-12-07 07:47:30.896 DEBUG [http-nio-8081-exec-2] o.s.jdbc.datasource.DataSourceUtils - Fetching JDBC Connection from DataSource
2025-12-07 07:47:30.909 DEBUG [http-nio-8081-exec-2] c.e.n.m.M.selectStdWordList - ==>  Preparing: SELECT word_id as wordId, std_word_name as stdWordName, eng_abbr_name as engAbbrName, eng_full_name as engFullName, definition, domain_type as domainType, use_yn as useYn FROM meta_std_word ORDER BY word_id LIMIT ? OFFSET ?
2025-12-07 07:47:30.910 DEBUG [http-nio-8081-exec-2] c.e.n.m.M.selectStdWordList - ==> Parameters: 10(Integer), 480(Integer)
2025-12-07 07:47:30.923 DEBUG [http-nio-8081-exec-2] c.e.n.m.M.selectStdWordList - <==      Total: 10
2025-12-07 07:47:30.923 DEBUG [http-nio-8081-exec-2] o.s.jdbc.datasource.DataSourceUtils - Fetching JDBC Connection from DataSource
2025-12-07 07:47:30.924 DEBUG [http-nio-8081-exec-2] c.e.n.m.M.countStdWordList - ==>  Preparing: SELECT COUNT(*) FROM meta_std_word
2025-12-07 07:47:30.924 DEBUG [http-nio-8081-exec-2] c.e.n.m.M.countStdWordList - ==> Parameters: 
2025-12-07 07:47:30.930 DEBUG [http-nio-8081-exec-2] c.e.n.m.M.countStdWordList - <==      Total: 1
2025-12-07 07:47:30.930 DEBUG [http-nio-8081-exec-2] o.s.w.s.v.ContentNegotiatingViewResolver - Selected 'text/html' given [text/html, application/xhtml+xml, image/avif, image/webp, image/apng, application/xml;q=0.9, */*;q=0.8, application/signed-exchange;v=b3;q=0.7]
2025-12-07 07:47:30.937 DEBUG [http-nio-8081-exec-2] o.s.web.servlet.DispatcherServlet - Completed 200 OK
2025-12-07 07:47:45.232 DEBUG [http-nio-8081-exec-3] o.s.web.servlet.DispatcherServlet - GET "/std-word/list?stdWordName=", parameters={masked}
2025-12-07 07:47:45.232 DEBUG [http-nio-8081-exec-3] o.s.w.s.m.m.a.RequestMappingHandlerMapping - Mapped to com.example.nproject.controller.MetaStdWordController#list(MetaStdWordDto, Model)
2025-12-07 07:47:45.232 DEBUG [http-nio-8081-exec-3] o.s.jdbc.datasource.DataSourceUtils - Fetching JDBC Connection from DataSource
2025-12-07 07:47:45.241 DEBUG [http-nio-8081-exec-3] c.e.n.m.M.selectStdWordList - ==>  Preparing: SELECT word_id as wordId, std_word_name as stdWordName, eng_abbr_name as engAbbrName, eng_full_name as engFullName, definition, domain_type as domainType, use_yn as useYn FROM meta_std_word ORDER BY word_id LIMIT ? OFFSET ?
2025-12-07 07:47:45.242 DEBUG [http-nio-8081-exec-3] c.e.n.m.M.selectStdWordList - ==> Parameters: 10(Integer), 0(Integer)
2025-12-07 07:47:45.250 DEBUG [http-nio-8081-exec-3] c.e.n.m.M.selectStdWordList - <==      Total: 10
2025-12-07 07:47:45.250 DEBUG [http-nio-8081-exec-3] o.s.jdbc.datasource.DataSourceUtils - Fetching JDBC Connection from DataSource
2025-12-07 07:47:45.250 DEBUG [http-nio-8081-exec-3] c.e.n.m.M.countStdWordList - ==>  Preparing: SELECT COUNT(*) FROM meta_std_word
2025-12-07 07:47:45.250 DEBUG [http-nio-8081-exec-3] c.e.n.m.M.countStdWordList - ==> Parameters: 
2025-12-07 07:47:45.257 DEBUG [http-nio-8081-exec-3] c.e.n.m.M.countStdWordList - <==      Total: 1
2025-12-07 07:47:45.258 DEBUG [http-nio-8081-exec-3] o.s.w.s.v.ContentNegotiatingViewResolver - Selected 'text/html' given [text/html, application/xhtml+xml, image/avif, image/webp, image/apng, application/xml;q=0.9, */*;q=0.8, application/signed-exchange;v=b3;q=0.7]
2025-12-07 07:47:45.265 DEBUG [http-nio-8081-exec-3] o.s.web.servlet.DispatcherServlet - Completed 200 OK
2025-12-07 07:47:45.954 DEBUG [http-nio-8081-exec-4] o.s.web.servlet.DispatcherServlet - GET "/std-word/list?stdWordName=", parameters={masked}
2025-12-07 07:47:45.954 DEBUG [http-nio-8081-exec-4] o.s.w.s.m.m.a.RequestMappingHandlerMapping - Mapped to com.example.nproject.controller.MetaStdWordController#list(MetaStdWordDto, Model)
2025-12-07 07:47:45.955 DEBUG [http-nio-8081-exec-4] o.s.jdbc.datasource.DataSourceUtils - Fetching JDBC Connection from DataSource
2025-12-07 07:47:45.967 DEBUG [http-nio-8081-exec-4] c.e.n.m.M.selectStdWordList - ==>  Preparing: SELECT word_id as wordId, std_word_name as stdWordName, eng_abbr_name as engAbbrName, eng_full_name as engFullName, definition, domain_type as domainType, use_yn as useYn FROM meta_std_word ORDER BY word_id LIMIT ? OFFSET ?
2025-12-07 07:47:45.967 DEBUG [http-nio-8081-exec-4] c.e.n.m.M.selectStdWordList - ==> Parameters: 10(Integer), 0(Integer)
2025-12-07 07:47:45.974 DEBUG [http-nio-8081-exec-4] c.e.n.m.M.selectStdWordList - <==      Total: 10
2025-12-07 07:47:45.975 DEBUG [http-nio-8081-exec-4] o.s.jdbc.datasource.DataSourceUtils - Fetching JDBC Connection from DataSource
2025-12-07 07:47:45.975 DEBUG [http-nio-8081-exec-4] c.e.n.m.M.countStdWordList - ==>  Preparing: SELECT COUNT(*) FROM meta_std_word
2025-12-07 07:47:45.975 DEBUG [http-nio-8081-exec-4] c.e.n.m.M.countStdWordList - ==> Parameters: 
2025-12-07 07:47:45.983 DEBUG [http-nio-8081-exec-4] c.e.n.m.M.countStdWordList - <==      Total: 1
2025-12-07 07:47:45.983 DEBUG [http-nio-8081-exec-4] o.s.w.s.v.ContentNegotiatingViewResolver - Selected 'text/html' given [text/html, application/xhtml+xml, image/avif, image/webp, image/apng, application/xml;q=0.9, */*;q=0.8, application/signed-exchange;v=b3;q=0.7]
2025-12-07 07:47:45.990 DEBUG [http-nio-8081-exec-4] o.s.web.servlet.DispatcherServlet - Completed 200 OK
2025-12-07 07:47:46.192 DEBUG [http-nio-8081-exec-5] o.s.web.servlet.DispatcherServlet - GET "/std-word/list?stdWordName=", parameters={masked}
2025-12-07 07:47:46.193 DEBUG [http-nio-8081-exec-5] o.s.w.s.m.m.a.RequestMappingHandlerMapping - Mapped to com.example.nproject.controller.MetaStdWordController#list(MetaStdWordDto, Model)
2025-12-07 07:47:46.194 DEBUG [http-nio-8081-exec-5] o.s.jdbc.datasource.DataSourceUtils - Fetching JDBC Connection from DataSource
2025-12-07 07:47:46.194 DEBUG [http-nio-8081-exec-5] c.e.n.m.M.selectStdWordList - ==>  Preparing: SELECT word_id as wordId, std_word_name as stdWordName, eng_abbr_name as engAbbrName, eng_full_name as engFullName, definition, domain_type as domainType, use_yn as useYn FROM meta_std_word ORDER BY word_id LIMIT ? OFFSET ?
2025-12-07 07:47:46.194 DEBUG [http-nio-8081-exec-5] c.e.n.m.M.selectStdWordList - ==> Parameters: 10(Integer), 0(Integer)
2025-12-07 07:47:46.204 DEBUG [http-nio-8081-exec-5] c.e.n.m.M.selectStdWordList - <==      Total: 10
2025-12-07 07:47:46.204 DEBUG [http-nio-8081-exec-5] o.s.jdbc.datasource.DataSourceUtils - Fetching JDBC Connection from DataSource
2025-12-07 07:47:46.204 DEBUG [http-nio-8081-exec-5] c.e.n.m.M.countStdWordList - ==>  Preparing: SELECT COUNT(*) FROM meta_std_word
2025-12-07 07:47:46.204 DEBUG [http-nio-8081-exec-5] c.e.n.m.M.countStdWordList - ==> Parameters: 
2025-12-07 07:47:46.211 DEBUG [http-nio-8081-exec-5] c.e.n.m.M.countStdWordList - <==      Total: 1
2025-12-07 07:47:46.212 DEBUG [http-nio-8081-exec-5] o.s.w.s.v.ContentNegotiatingViewResolver - Selected 'text/html' given [text/html, application/xhtml+xml, image/avif, image/webp, image/apng, application/xml;q=0.9, */*;q=0.8, application/signed-exchange;v=b3;q=0.7]
2025-12-07 07:47:46.218 DEBUG [http-nio-8081-exec-5] o.s.web.servlet.DispatcherServlet - Completed 200 OK
2025-12-07 07:47:46.474 DEBUG [http-nio-8081-exec-6] o.s.web.servlet.DispatcherServlet - GET "/std-word/list?stdWordName=", parameters={masked}
2025-12-07 07:47:46.475 DEBUG [http-nio-8081-exec-6] o.s.w.s.m.m.a.RequestMappingHandlerMapping - Mapped to com.example.nproject.controller.MetaStdWordController#list(MetaStdWordDto, Model)
2025-12-07 07:47:46.475 DEBUG [http-nio-8081-exec-6] o.s.jdbc.datasource.DataSourceUtils - Fetching JDBC Connection from DataSource
2025-12-07 07:47:46.475 DEBUG [http-nio-8081-exec-6] c.e.n.m.M.selectStdWordList - ==>  Preparing: SELECT word_id as wordId, std_word_name as stdWordName, eng_abbr_name as engAbbrName, eng_full_name as engFullName, definition, domain_type as domainType, use_yn as useYn FROM meta_std_word ORDER BY word_id LIMIT ? OFFSET ?
2025-12-07 07:47:46.475 DEBUG [http-nio-8081-exec-6] c.e.n.m.M.selectStdWordList - ==> Parameters: 10(Integer), 0(Integer)
2025-12-07 07:47:46.484 DEBUG [http-nio-8081-exec-6] c.e.n.m.M.selectStdWordList - <==      Total: 10
2025-12-07 07:47:46.485 DEBUG [http-nio-8081-exec-6] o.s.jdbc.datasource.DataSourceUtils - Fetching JDBC Connection from DataSource
2025-12-07 07:47:46.485 DEBUG [http-nio-8081-exec-6] c.e.n.m.M.countStdWordList - ==>  Preparing: SELECT COUNT(*) FROM meta_std_word
2025-12-07 07:47:46.485 DEBUG [http-nio-8081-exec-6] c.e.n.m.M.countStdWordList - ==> Parameters: 
2025-12-07 07:47:46.494 DEBUG [http-nio-8081-exec-6] c.e.n.m.M.countStdWordList - <==      Total: 1
2025-12-07 07:47:46.495 DEBUG [http-nio-8081-exec-6] o.s.w.s.v.ContentNegotiatingViewResolver - Selected 'text/html' given [text/html, application/xhtml+xml, image/avif, image/webp, image/apng, application/xml;q=0.9, */*;q=0.8, application/signed-exchange;v=b3;q=0.7]
2025-12-07 07:47:46.502 DEBUG [http-nio-8081-exec-6] o.s.web.servlet.DispatcherServlet - Completed 200 OK
2025-12-07 07:47:46.752 DEBUG [http-nio-8081-exec-7] o.s.web.servlet.DispatcherServlet - GET "/std-word/list?stdWordName=", parameters={masked}
2025-12-07 07:47:46.752 DEBUG [http-nio-8081-exec-7] o.s.w.s.m.m.a.RequestMappingHandlerMapping - Mapped to com.example.nproject.controller.MetaStdWordController#list(MetaStdWordDto, Model)
2025-12-07 07:47:46.752 DEBUG [http-nio-8081-exec-7] o.s.jdbc.datasource.DataSourceUtils - Fetching JDBC Connection from DataSource
2025-12-07 07:47:46.752 DEBUG [http-nio-8081-exec-7] c.e.n.m.M.selectStdWordList - ==>  Preparing: SELECT word_id as wordId, std_word_name as stdWordName, eng_abbr_name as engAbbrName, eng_full_name as engFullName, definition, domain_type as domainType, use_yn as useYn FROM meta_std_word ORDER BY word_id LIMIT ? OFFSET ?
2025-12-07 07:47:46.753 DEBUG [http-nio-8081-exec-7] c.e.n.m.M.selectStdWordList - ==> Parameters: 10(Integer), 0(Integer)
2025-12-07 07:47:46.762 DEBUG [http-nio-8081-exec-7] c.e.n.m.M.selectStdWordList - <==      Total: 10
2025-12-07 07:47:46.762 DEBUG [http-nio-8081-exec-7] o.s.jdbc.datasource.DataSourceUtils - Fetching JDBC Connection from DataSource
2025-12-07 07:47:46.762 DEBUG [http-nio-8081-exec-7] c.e.n.m.M.countStdWordList - ==>  Preparing: SELECT COUNT(*) FROM meta_std_word
2025-12-07 07:47:46.762 DEBUG [http-nio-8081-exec-7] c.e.n.m.M.countStdWordList - ==> Parameters: 
2025-12-07 07:47:46.769 DEBUG [http-nio-8081-exec-7] c.e.n.m.M.countStdWordList - <==      Total: 1
2025-12-07 07:47:46.770 DEBUG [http-nio-8081-exec-7] o.s.w.s.v.ContentNegotiatingViewResolver - Selected 'text/html' given [text/html, application/xhtml+xml, image/avif, image/webp, image/apng, application/xml;q=0.9, */*;q=0.8, application/signed-exchange;v=b3;q=0.7]
2025-12-07 07:47:46.775 DEBUG [http-nio-8081-exec-7] o.s.web.servlet.DispatcherServlet - Completed 200 OK
2025-12-07 07:47:47.071 DEBUG [http-nio-8081-exec-8] o.s.web.servlet.DispatcherServlet - GET "/std-word/list?stdWordName=", parameters={masked}
2025-12-07 07:47:47.071 DEBUG [http-nio-8081-exec-8] o.s.w.s.m.m.a.RequestMappingHandlerMapping - Mapped to com.example.nproject.controller.MetaStdWordController#list(MetaStdWordDto, Model)
2025-12-07 07:47:47.071 DEBUG [http-nio-8081-exec-8] o.s.jdbc.datasource.DataSourceUtils - Fetching JDBC Connection from DataSource
2025-12-07 07:47:47.071 DEBUG [http-nio-8081-exec-8] c.e.n.m.M.selectStdWordList - ==>  Preparing: SELECT word_id as wordId, std_word_name as stdWordName, eng_abbr_name as engAbbrName, eng_full_name as engFullName, definition, domain_type as domainType, use_yn as useYn FROM meta_std_word ORDER BY word_id LIMIT ? OFFSET ?
2025-12-07 07:47:47.071 DEBUG [http-nio-8081-exec-8] c.e.n.m.M.selectStdWordList - ==> Parameters: 10(Integer), 0(Integer)
2025-12-07 07:47:47.081 DEBUG [http-nio-8081-exec-8] c.e.n.m.M.selectStdWordList - <==      Total: 10
2025-12-07 07:47:47.081 DEBUG [http-nio-8081-exec-8] o.s.jdbc.datasource.DataSourceUtils - Fetching JDBC Connection from DataSource
2025-12-07 07:47:47.081 DEBUG [http-nio-8081-exec-8] c.e.n.m.M.countStdWordList - ==>  Preparing: SELECT COUNT(*) FROM meta_std_word
2025-12-07 07:47:47.081 DEBUG [http-nio-8081-exec-8] c.e.n.m.M.countStdWordList - ==> Parameters: 
2025-12-07 07:47:47.088 DEBUG [http-nio-8081-exec-8] c.e.n.m.M.countStdWordList - <==      Total: 1
2025-12-07 07:47:47.089 DEBUG [http-nio-8081-exec-8] o.s.w.s.v.ContentNegotiatingViewResolver - Selected 'text/html' given [text/html, application/xhtml+xml, image/avif, image/webp, image/apng, application/xml;q=0.9, */*;q=0.8, application/signed-exchange;v=b3;q=0.7]
2025-12-07 07:47:47.095 DEBUG [http-nio-8081-exec-8] o.s.web.servlet.DispatcherServlet - Completed 200 OK
2025-12-07 07:47:47.518 DEBUG [http-nio-8081-exec-9] o.s.web.servlet.DispatcherServlet - GET "/std-word/list?stdWordName=", parameters={masked}
2025-12-07 07:47:47.518 DEBUG [http-nio-8081-exec-9] o.s.w.s.m.m.a.RequestMappingHandlerMapping - Mapped to com.example.nproject.controller.MetaStdWordController#list(MetaStdWordDto, Model)
2025-12-07 07:47:47.519 DEBUG [http-nio-8081-exec-9] o.s.jdbc.datasource.DataSourceUtils - Fetching JDBC Connection from DataSource
2025-12-07 07:47:47.519 DEBUG [http-nio-8081-exec-9] c.e.n.m.M.selectStdWordList - ==>  Preparing: SELECT word_id as wordId, std_word_name as stdWordName, eng_abbr_name as engAbbrName, eng_full_name as engFullName, definition, domain_type as domainType, use_yn as useYn FROM meta_std_word ORDER BY word_id LIMIT ? OFFSET ?
2025-12-07 07:47:47.519 DEBUG [http-nio-8081-exec-9] c.e.n.m.M.selectStdWordList - ==> Parameters: 10(Integer), 0(Integer)
2025-12-07 07:47:47.531 DEBUG [http-nio-8081-exec-9] c.e.n.m.M.selectStdWordList - <==      Total: 10
2025-12-07 07:47:47.531 DEBUG [http-nio-8081-exec-9] o.s.jdbc.datasource.DataSourceUtils - Fetching JDBC Connection from DataSource
2025-12-07 07:47:47.531 DEBUG [http-nio-8081-exec-9] c.e.n.m.M.countStdWordList - ==>  Preparing: SELECT COUNT(*) FROM meta_std_word
2025-12-07 07:47:47.531 DEBUG [http-nio-8081-exec-9] c.e.n.m.M.countStdWordList - ==> Parameters: 
2025-12-07 07:47:47.538 DEBUG [http-nio-8081-exec-9] c.e.n.m.M.countStdWordList - <==      Total: 1
2025-12-07 07:47:47.539 DEBUG [http-nio-8081-exec-9] o.s.w.s.v.ContentNegotiatingViewResolver - Selected 'text/html' given [text/html, application/xhtml+xml, image/avif, image/webp, image/apng, application/xml;q=0.9, */*;q=0.8, application/signed-exchange;v=b3;q=0.7]
2025-12-07 07:47:47.546 DEBUG [http-nio-8081-exec-9] o.s.web.servlet.DispatcherServlet - Completed 200 OK
2025-12-07 07:47:47.773 DEBUG [http-nio-8081-exec-10] o.s.web.servlet.DispatcherServlet - GET "/std-word/list?stdWordName=", parameters={masked}
2025-12-07 07:47:47.773 DEBUG [http-nio-8081-exec-10] o.s.w.s.m.m.a.RequestMappingHandlerMapping - Mapped to com.example.nproject.controller.MetaStdWordController#list(MetaStdWordDto, Model)
2025-12-07 07:47:47.774 DEBUG [http-nio-8081-exec-10] o.s.jdbc.datasource.DataSourceUtils - Fetching JDBC Connection from DataSource
2025-12-07 07:47:47.774 DEBUG [http-nio-8081-exec-10] c.e.n.m.M.selectStdWordList - ==>  Preparing: SELECT word_id as wordId, std_word_name as stdWordName, eng_abbr_name as engAbbrName, eng_full_name as engFullName, definition, domain_type as domainType, use_yn as useYn FROM meta_std_word ORDER BY word_id LIMIT ? OFFSET ?
2025-12-07 07:47:47.774 DEBUG [http-nio-8081-exec-10] c.e.n.m.M.selectStdWordList - ==> Parameters: 10(Integer), 0(Integer)
2025-12-07 07:47:47.783 DEBUG [http-nio-8081-exec-10] c.e.n.m.M.selectStdWordList - <==      Total: 10
2025-12-07 07:47:47.783 DEBUG [http-nio-8081-exec-10] o.s.jdbc.datasource.DataSourceUtils - Fetching JDBC Connection from DataSource
2025-12-07 07:47:47.783 DEBUG [http-nio-8081-exec-10] c.e.n.m.M.countStdWordList - ==>  Preparing: SELECT COUNT(*) FROM meta_std_word
2025-12-07 07:47:47.783 DEBUG [http-nio-8081-exec-10] c.e.n.m.M.countStdWordList - ==> Parameters: 
2025-12-07 07:47:47.790 DEBUG [http-nio-8081-exec-10] c.e.n.m.M.countStdWordList - <==      Total: 1
2025-12-07 07:47:47.791 DEBUG [http-nio-8081-exec-10] o.s.w.s.v.ContentNegotiatingViewResolver - Selected 'text/html' given [text/html, application/xhtml+xml, image/avif, image/webp, image/apng, application/xml;q=0.9, */*;q=0.8, application/signed-exchange;v=b3;q=0.7]
2025-12-07 07:47:47.798 DEBUG [http-nio-8081-exec-10] o.s.web.servlet.DispatcherServlet - Completed 200 OK
2025-12-07 07:47:48.478 DEBUG [http-nio-8081-exec-1] o.s.web.servlet.DispatcherServlet - GET "/std-word/list?stdWordName=", parameters={masked}
2025-12-07 07:47:48.478 DEBUG [http-nio-8081-exec-1] o.s.w.s.m.m.a.RequestMappingHandlerMapping - Mapped to com.example.nproject.controller.MetaStdWordController#list(MetaStdWordDto, Model)
2025-12-07 07:47:48.479 DEBUG [http-nio-8081-exec-1] o.s.jdbc.datasource.DataSourceUtils - Fetching JDBC Connection from DataSource
2025-12-07 07:47:48.487 DEBUG [http-nio-8081-exec-1] c.e.n.m.M.selectStdWordList - ==>  Preparing: SELECT word_id as wordId, std_word_name as stdWordName, eng_abbr_name as engAbbrName, eng_full_name as engFullName, definition, domain_type as domainType, use_yn as useYn FROM meta_std_word ORDER BY word_id LIMIT ? OFFSET ?
2025-12-07 07:47:48.487 DEBUG [http-nio-8081-exec-1] c.e.n.m.M.selectStdWordList - ==> Parameters: 10(Integer), 0(Integer)
2025-12-07 07:47:48.494 DEBUG [http-nio-8081-exec-1] c.e.n.m.M.selectStdWordList - <==      Total: 10
2025-12-07 07:47:48.495 DEBUG [http-nio-8081-exec-1] o.s.jdbc.datasource.DataSourceUtils - Fetching JDBC Connection from DataSource
2025-12-07 07:47:48.495 DEBUG [http-nio-8081-exec-1] c.e.n.m.M.countStdWordList - ==>  Preparing: SELECT COUNT(*) FROM meta_std_word
2025-12-07 07:47:48.495 DEBUG [http-nio-8081-exec-1] c.e.n.m.M.countStdWordList - ==> Parameters: 
2025-12-07 07:47:48.502 DEBUG [http-nio-8081-exec-1] c.e.n.m.M.countStdWordList - <==      Total: 1
2025-12-07 07:47:48.503 DEBUG [http-nio-8081-exec-1] o.s.w.s.v.ContentNegotiatingViewResolver - Selected 'text/html' given [text/html, application/xhtml+xml, image/avif, image/webp, image/apng, application/xml;q=0.9, */*;q=0.8, application/signed-exchange;v=b3;q=0.7]
2025-12-07 07:47:48.508 DEBUG [http-nio-8081-exec-1] o.s.web.servlet.DispatcherServlet - Completed 200 OK
2025-12-07 07:48:26.247 DEBUG [http-nio-8081-exec-2] o.s.web.servlet.DispatcherServlet - GET "/std-word/list?page=25&stdWordName=", parameters={masked}
2025-12-07 07:48:26.247 DEBUG [http-nio-8081-exec-2] o.s.w.s.m.m.a.RequestMappingHandlerMapping - Mapped to com.example.nproject.controller.MetaStdWordController#list(MetaStdWordDto, Model)
2025-12-07 07:48:26.249 DEBUG [http-nio-8081-exec-2] o.s.jdbc.datasource.DataSourceUtils - Fetching JDBC Connection from DataSource
2025-12-07 07:48:26.281 DEBUG [http-nio-8081-exec-2] c.e.n.m.M.selectStdWordList - ==>  Preparing: SELECT word_id as wordId, std_word_name as stdWordName, eng_abbr_name as engAbbrName, eng_full_name as engFullName, definition, domain_type as domainType, use_yn as useYn FROM meta_std_word ORDER BY word_id LIMIT ? OFFSET ?
2025-12-07 07:48:26.281 DEBUG [http-nio-8081-exec-2] c.e.n.m.M.selectStdWordList - ==> Parameters: 10(Integer), 240(Integer)
2025-12-07 07:48:26.288 DEBUG [http-nio-8081-exec-2] c.e.n.m.M.selectStdWordList - <==      Total: 10
2025-12-07 07:48:26.288 DEBUG [http-nio-8081-exec-2] o.s.jdbc.datasource.DataSourceUtils - Fetching JDBC Connection from DataSource
2025-12-07 07:48:26.288 DEBUG [http-nio-8081-exec-2] c.e.n.m.M.countStdWordList - ==>  Preparing: SELECT COUNT(*) FROM meta_std_word
2025-12-07 07:48:26.288 DEBUG [http-nio-8081-exec-2] c.e.n.m.M.countStdWordList - ==> Parameters: 
2025-12-07 07:48:26.296 DEBUG [http-nio-8081-exec-2] c.e.n.m.M.countStdWordList - <==      Total: 1
2025-12-07 07:48:26.296 DEBUG [http-nio-8081-exec-2] o.s.w.s.v.ContentNegotiatingViewResolver - Selected 'text/html' given [text/html, application/xhtml+xml, image/avif, image/webp, image/apng, application/xml;q=0.9, */*;q=0.8, application/signed-exchange;v=b3;q=0.7]
2025-12-07 07:48:26.302 DEBUG [http-nio-8081-exec-2] o.s.web.servlet.DispatcherServlet - Completed 200 OK
2025-12-07 07:49:52.358 DEBUG [http-nio-8081-exec-5] o.s.web.servlet.DispatcherServlet - GET "/std-word/list?stdWordName=%EC%83%81%ED%92%88", parameters={masked}
2025-12-07 07:49:52.358 DEBUG [http-nio-8081-exec-5] o.s.w.s.m.m.a.RequestMappingHandlerMapping - Mapped to com.example.nproject.controller.MetaStdWordController#list(MetaStdWordDto, Model)
2025-12-07 07:49:52.359 DEBUG [http-nio-8081-exec-5] o.s.jdbc.datasource.DataSourceUtils - Fetching JDBC Connection from DataSource
2025-12-07 07:49:52.370 DEBUG [http-nio-8081-exec-5] c.e.n.m.M.selectStdWordList - ==>  Preparing: SELECT word_id as wordId, std_word_name as stdWordName, eng_abbr_name as engAbbrName, eng_full_name as engFullName, definition, domain_type as domainType, use_yn as useYn FROM meta_std_word WHERE std_word_name LIKE '%' || ? || '%' ORDER BY word_id LIMIT ? OFFSET ?
2025-12-07 07:49:52.370 DEBUG [http-nio-8081-exec-5] c.e.n.m.M.selectStdWordList - ==> Parameters: 상품(String), 10(Integer), 0(Integer)
2025-12-07 07:49:52.379 DEBUG [http-nio-8081-exec-5] c.e.n.m.M.selectStdWordList - <==      Total: 1
2025-12-07 07:49:52.379 DEBUG [http-nio-8081-exec-5] o.s.jdbc.datasource.DataSourceUtils - Fetching JDBC Connection from DataSource
2025-12-07 07:49:52.379 DEBUG [http-nio-8081-exec-5] c.e.n.m.M.countStdWordList - ==>  Preparing: SELECT COUNT(*) FROM meta_std_word WHERE std_word_name LIKE '%' || ? || '%'
2025-12-07 07:49:52.379 DEBUG [http-nio-8081-exec-5] c.e.n.m.M.countStdWordList - ==> Parameters: 상품(String)
2025-12-07 07:49:52.388 DEBUG [http-nio-8081-exec-5] c.e.n.m.M.countStdWordList - <==      Total: 1
2025-12-07 07:49:52.389 DEBUG [http-nio-8081-exec-5] o.s.w.s.v.ContentNegotiatingViewResolver - Selected 'text/html' given [text/html, application/xhtml+xml, image/avif, image/webp, image/apng, application/xml;q=0.9, */*;q=0.8, application/signed-exchange;v=b3;q=0.7]
2025-12-07 07:49:52.394 DEBUG [http-nio-8081-exec-5] o.s.web.servlet.DispatcherServlet - Completed 200 OK
2025-12-07 07:51:12.527 DEBUG [http-nio-8081-exec-8] o.s.web.servlet.DispatcherServlet - GET "/std-word/list?stdWordName=", parameters={masked}
2025-12-07 07:51:12.527 DEBUG [http-nio-8081-exec-8] o.s.w.s.m.m.a.RequestMappingHandlerMapping - Mapped to com.example.nproject.controller.MetaStdWordController#list(MetaStdWordDto, Model)
2025-12-07 07:51:12.528 DEBUG [http-nio-8081-exec-8] o.s.jdbc.datasource.DataSourceUtils - Fetching JDBC Connection from DataSource
2025-12-07 07:51:12.537 DEBUG [http-nio-8081-exec-8] c.e.n.m.M.selectStdWordList - ==>  Preparing: SELECT word_id as wordId, std_word_name as stdWordName, eng_abbr_name as engAbbrName, eng_full_name as engFullName, definition, domain_type as domainType, use_yn as useYn FROM meta_std_word ORDER BY word_id LIMIT ? OFFSET ?
2025-12-07 07:51:12.537 DEBUG [http-nio-8081-exec-8] c.e.n.m.M.selectStdWordList - ==> Parameters: 10(Integer), 0(Integer)
2025-12-07 07:51:12.551 DEBUG [http-nio-8081-exec-8] c.e.n.m.M.selectStdWordList - <==      Total: 10
2025-12-07 07:51:12.551 DEBUG [http-nio-8081-exec-8] o.s.jdbc.datasource.DataSourceUtils - Fetching JDBC Connection from DataSource
2025-12-07 07:51:12.551 DEBUG [http-nio-8081-exec-8] c.e.n.m.M.countStdWordList - ==>  Preparing: SELECT COUNT(*) FROM meta_std_word
2025-12-07 07:51:12.551 DEBUG [http-nio-8081-exec-8] c.e.n.m.M.countStdWordList - ==> Parameters: 
2025-12-07 07:51:12.557 DEBUG [http-nio-8081-exec-8] c.e.n.m.M.countStdWordList - <==      Total: 1
2025-12-07 07:51:12.558 DEBUG [http-nio-8081-exec-8] o.s.w.s.v.ContentNegotiatingViewResolver - Selected 'text/html' given [text/html, application/xhtml+xml, image/avif, image/webp, image/apng, application/xml;q=0.9, */*;q=0.8, application/signed-exchange;v=b3;q=0.7]
2025-12-07 07:51:12.564 DEBUG [http-nio-8081-exec-8] o.s.web.servlet.DispatcherServlet - Completed 200 OK
2025-12-07 07:51:16.053 DEBUG [http-nio-8081-exec-9] o.s.web.servlet.DispatcherServlet - GET "/std-word/list?page=27&stdWordName=", parameters={masked}
2025-12-07 07:51:16.054 DEBUG [http-nio-8081-exec-9] o.s.w.s.m.m.a.RequestMappingHandlerMapping - Mapped to com.example.nproject.controller.MetaStdWordController#list(MetaStdWordDto, Model)
2025-12-07 07:51:16.054 DEBUG [http-nio-8081-exec-9] o.s.jdbc.datasource.DataSourceUtils - Fetching JDBC Connection from DataSource
2025-12-07 07:51:16.063 DEBUG [http-nio-8081-exec-9] c.e.n.m.M.selectStdWordList - ==>  Preparing: SELECT word_id as wordId, std_word_name as stdWordName, eng_abbr_name as engAbbrName, eng_full_name as engFullName, definition, domain_type as domainType, use_yn as useYn FROM meta_std_word ORDER BY word_id LIMIT ? OFFSET ?
2025-12-07 07:51:16.063 DEBUG [http-nio-8081-exec-9] c.e.n.m.M.selectStdWordList - ==> Parameters: 10(Integer), 260(Integer)
2025-12-07 07:51:16.071 DEBUG [http-nio-8081-exec-9] c.e.n.m.M.selectStdWordList - <==      Total: 10
2025-12-07 07:51:16.071 DEBUG [http-nio-8081-exec-9] o.s.jdbc.datasource.DataSourceUtils - Fetching JDBC Connection from DataSource
2025-12-07 07:51:16.071 DEBUG [http-nio-8081-exec-9] c.e.n.m.M.countStdWordList - ==>  Preparing: SELECT COUNT(*) FROM meta_std_word
2025-12-07 07:51:16.071 DEBUG [http-nio-8081-exec-9] c.e.n.m.M.countStdWordList - ==> Parameters: 
2025-12-07 07:51:16.079 DEBUG [http-nio-8081-exec-9] c.e.n.m.M.countStdWordList - <==      Total: 1
2025-12-07 07:51:16.080 DEBUG [http-nio-8081-exec-9] o.s.w.s.v.ContentNegotiatingViewResolver - Selected 'text/html' given [text/html, application/xhtml+xml, image/avif, image/webp, image/apng, application/xml;q=0.9, */*;q=0.8, application/signed-exchange;v=b3;q=0.7]
2025-12-07 07:51:16.085 DEBUG [http-nio-8081-exec-9] o.s.web.servlet.DispatcherServlet - Completed 200 OK
2025-12-07 07:51:16.807 DEBUG [http-nio-8081-exec-10] o.s.web.servlet.DispatcherServlet - GET "/std-word/list?page=28&stdWordName=", parameters={masked}
2025-12-07 07:51:16.807 DEBUG [http-nio-8081-exec-10] o.s.w.s.m.m.a.RequestMappingHandlerMapping - Mapped to com.example.nproject.controller.MetaStdWordController#list(MetaStdWordDto, Model)
2025-12-07 07:51:16.808 DEBUG [http-nio-8081-exec-10] o.s.jdbc.datasource.DataSourceUtils - Fetching JDBC Connection from DataSource
2025-12-07 07:51:16.815 DEBUG [http-nio-8081-exec-10] c.e.n.m.M.selectStdWordList - ==>  Preparing: SELECT word_id as wordId, std_word_name as stdWordName, eng_abbr_name as engAbbrName, eng_full_name as engFullName, definition, domain_type as domainType, use_yn as useYn FROM meta_std_word ORDER BY word_id LIMIT ? OFFSET ?
2025-12-07 07:51:16.815 DEBUG [http-nio-8081-exec-10] c.e.n.m.M.selectStdWordList - ==> Parameters: 10(Integer), 270(Integer)
2025-12-07 07:51:16.822 DEBUG [http-nio-8081-exec-10] c.e.n.m.M.selectStdWordList - <==      Total: 10
2025-12-07 07:51:16.822 DEBUG [http-nio-8081-exec-10] o.s.jdbc.datasource.DataSourceUtils - Fetching JDBC Connection from DataSource
2025-12-07 07:51:16.822 DEBUG [http-nio-8081-exec-10] c.e.n.m.M.countStdWordList - ==>  Preparing: SELECT COUNT(*) FROM meta_std_word
2025-12-07 07:51:16.822 DEBUG [http-nio-8081-exec-10] c.e.n.m.M.countStdWordList - ==> Parameters: 
2025-12-07 07:51:16.832 DEBUG [http-nio-8081-exec-10] c.e.n.m.M.countStdWordList - <==      Total: 1
2025-12-07 07:51:16.832 DEBUG [http-nio-8081-exec-10] o.s.w.s.v.ContentNegotiatingViewResolver - Selected 'text/html' given [text/html, application/xhtml+xml, image/avif, image/webp, image/apng, application/xml;q=0.9, */*;q=0.8, application/signed-exchange;v=b3;q=0.7]
2025-12-07 07:51:16.838 DEBUG [http-nio-8081-exec-10] o.s.web.servlet.DispatcherServlet - Completed 200 OK
2025-12-07 07:51:17.555 DEBUG [http-nio-8081-exec-1] o.s.web.servlet.DispatcherServlet - GET "/std-word/list?page=30&stdWordName=", parameters={masked}
2025-12-07 07:51:17.556 DEBUG [http-nio-8081-exec-1] o.s.w.s.m.m.a.RequestMappingHandlerMapping - Mapped to com.example.nproject.controller.MetaStdWordController#list(MetaStdWordDto, Model)
2025-12-07 07:51:17.556 DEBUG [http-nio-8081-exec-1] o.s.jdbc.datasource.DataSourceUtils - Fetching JDBC Connection from DataSource
2025-12-07 07:51:17.564 DEBUG [http-nio-8081-exec-1] c.e.n.m.M.selectStdWordList - ==>  Preparing: SELECT word_id as wordId, std_word_name as stdWordName, eng_abbr_name as engAbbrName, eng_full_name as engFullName, definition, domain_type as domainType, use_yn as useYn FROM meta_std_word ORDER BY word_id LIMIT ? OFFSET ?
2025-12-07 07:51:17.564 DEBUG [http-nio-8081-exec-1] c.e.n.m.M.selectStdWordList - ==> Parameters: 10(Integer), 290(Integer)
2025-12-07 07:51:17.570 DEBUG [http-nio-8081-exec-1] c.e.n.m.M.selectStdWordList - <==      Total: 10
2025-12-07 07:51:17.571 DEBUG [http-nio-8081-exec-1] o.s.jdbc.datasource.DataSourceUtils - Fetching JDBC Connection from DataSource
2025-12-07 07:51:17.571 DEBUG [http-nio-8081-exec-1] c.e.n.m.M.countStdWordList - ==>  Preparing: SELECT COUNT(*) FROM meta_std_word
2025-12-07 07:51:17.571 DEBUG [http-nio-8081-exec-1] c.e.n.m.M.countStdWordList - ==> Parameters: 
2025-12-07 07:51:17.578 DEBUG [http-nio-8081-exec-1] c.e.n.m.M.countStdWordList - <==      Total: 1
2025-12-07 07:51:17.578 DEBUG [http-nio-8081-exec-1] o.s.w.s.v.ContentNegotiatingViewResolver - Selected 'text/html' given [text/html, application/xhtml+xml, image/avif, image/webp, image/apng, application/xml;q=0.9, */*;q=0.8, application/signed-exchange;v=b3;q=0.7]
2025-12-07 07:51:17.583 DEBUG [http-nio-8081-exec-1] o.s.web.servlet.DispatcherServlet - Completed 200 OK
2025-12-07 07:51:19.503 DEBUG [http-nio-8081-exec-2] o.s.web.servlet.DispatcherServlet - GET "/std-word/list?page=32&stdWordName=", parameters={masked}
2025-12-07 07:51:19.504 DEBUG [http-nio-8081-exec-2] o.s.w.s.m.m.a.RequestMappingHandlerMapping - Mapped to com.example.nproject.controller.MetaStdWordController#list(MetaStdWordDto, Model)
2025-12-07 07:51:19.504 DEBUG [http-nio-8081-exec-2] o.s.jdbc.datasource.DataSourceUtils - Fetching JDBC Connection from DataSource
2025-12-07 07:51:19.512 DEBUG [http-nio-8081-exec-2] c.e.n.m.M.selectStdWordList - ==>  Preparing: SELECT word_id as wordId, std_word_name as stdWordName, eng_abbr_name as engAbbrName, eng_full_name as engFullName, definition, domain_type as domainType, use_yn as useYn FROM meta_std_word ORDER BY word_id LIMIT ? OFFSET ?
2025-12-07 07:51:19.512 DEBUG [http-nio-8081-exec-2] c.e.n.m.M.selectStdWordList - ==> Parameters: 10(Integer), 310(Integer)
2025-12-07 07:51:19.520 DEBUG [http-nio-8081-exec-2] c.e.n.m.M.selectStdWordList - <==      Total: 10
2025-12-07 07:51:19.520 DEBUG [http-nio-8081-exec-2] o.s.jdbc.datasource.DataSourceUtils - Fetching JDBC Connection from DataSource
2025-12-07 07:51:19.520 DEBUG [http-nio-8081-exec-2] c.e.n.m.M.countStdWordList - ==>  Preparing: SELECT COUNT(*) FROM meta_std_word
2025-12-07 07:51:19.520 DEBUG [http-nio-8081-exec-2] c.e.n.m.M.countStdWordList - ==> Parameters: 
2025-12-07 07:51:19.527 DEBUG [http-nio-8081-exec-2] c.e.n.m.M.countStdWordList - <==      Total: 1
2025-12-07 07:51:19.528 DEBUG [http-nio-8081-exec-2] o.s.w.s.v.ContentNegotiatingViewResolver - Selected 'text/html' given [text/html, application/xhtml+xml, image/avif, image/webp, image/apng, application/xml;q=0.9, */*;q=0.8, application/signed-exchange;v=b3;q=0.7]
2025-12-07 07:51:19.533 DEBUG [http-nio-8081-exec-2] o.s.web.servlet.DispatcherServlet - Completed 200 OK
2025-12-07 07:51:20.449 DEBUG [http-nio-8081-exec-3] o.s.web.servlet.DispatcherServlet - GET "/std-word/list?page=33&stdWordName=", parameters={masked}
2025-12-07 07:51:20.449 DEBUG [http-nio-8081-exec-3] o.s.w.s.m.m.a.RequestMappingHandlerMapping - Mapped to com.example.nproject.controller.MetaStdWordController#list(MetaStdWordDto, Model)
2025-12-07 07:51:20.449 DEBUG [http-nio-8081-exec-3] o.s.jdbc.datasource.DataSourceUtils - Fetching JDBC Connection from DataSource
2025-12-07 07:51:20.457 DEBUG [http-nio-8081-exec-3] c.e.n.m.M.selectStdWordList - ==>  Preparing: SELECT word_id as wordId, std_word_name as stdWordName, eng_abbr_name as engAbbrName, eng_full_name as engFullName, definition, domain_type as domainType, use_yn as useYn FROM meta_std_word ORDER BY word_id LIMIT ? OFFSET ?
2025-12-07 07:51:20.458 DEBUG [http-nio-8081-exec-3] c.e.n.m.M.selectStdWordList - ==> Parameters: 10(Integer), 320(Integer)
2025-12-07 07:51:20.465 DEBUG [http-nio-8081-exec-3] c.e.n.m.M.selectStdWordList - <==      Total: 10
2025-12-07 07:51:20.465 DEBUG [http-nio-8081-exec-3] o.s.jdbc.datasource.DataSourceUtils - Fetching JDBC Connection from DataSource
2025-12-07 07:51:20.465 DEBUG [http-nio-8081-exec-3] c.e.n.m.M.countStdWordList - ==>  Preparing: SELECT COUNT(*) FROM meta_std_word
2025-12-07 07:51:20.466 DEBUG [http-nio-8081-exec-3] c.e.n.m.M.countStdWordList - ==> Parameters: 
2025-12-07 07:51:20.471 DEBUG [http-nio-8081-exec-3] c.e.n.m.M.countStdWordList - <==      Total: 1
2025-12-07 07:51:20.471 DEBUG [http-nio-8081-exec-3] o.s.w.s.v.ContentNegotiatingViewResolver - Selected 'text/html' given [text/html, application/xhtml+xml, image/avif, image/webp, image/apng, application/xml;q=0.9, */*;q=0.8, application/signed-exchange;v=b3;q=0.7]
2025-12-07 07:51:20.478 DEBUG [http-nio-8081-exec-3] o.s.web.servlet.DispatcherServlet - Completed 200 OK
2025-12-07 07:51:21.269 DEBUG [http-nio-8081-exec-4] o.s.web.servlet.DispatcherServlet - GET "/std-word/list?page=34&stdWordName=", parameters={masked}
2025-12-07 07:51:21.270 DEBUG [http-nio-8081-exec-4] o.s.w.s.m.m.a.RequestMappingHandlerMapping - Mapped to com.example.nproject.controller.MetaStdWordController#list(MetaStdWordDto, Model)
2025-12-07 07:51:21.270 DEBUG [http-nio-8081-exec-4] o.s.jdbc.datasource.DataSourceUtils - Fetching JDBC Connection from DataSource
2025-12-07 07:51:21.278 DEBUG [http-nio-8081-exec-4] c.e.n.m.M.selectStdWordList - ==>  Preparing: SELECT word_id as wordId, std_word_name as stdWordName, eng_abbr_name as engAbbrName, eng_full_name as engFullName, definition, domain_type as domainType, use_yn as useYn FROM meta_std_word ORDER BY word_id LIMIT ? OFFSET ?
2025-12-07 07:51:21.279 DEBUG [http-nio-8081-exec-4] c.e.n.m.M.selectStdWordList - ==> Parameters: 10(Integer), 330(Integer)
2025-12-07 07:51:21.285 DEBUG [http-nio-8081-exec-4] c.e.n.m.M.selectStdWordList - <==      Total: 10
2025-12-07 07:51:21.286 DEBUG [http-nio-8081-exec-4] o.s.jdbc.datasource.DataSourceUtils - Fetching JDBC Connection from DataSource
2025-12-07 07:51:21.286 DEBUG [http-nio-8081-exec-4] c.e.n.m.M.countStdWordList - ==>  Preparing: SELECT COUNT(*) FROM meta_std_word
2025-12-07 07:51:21.286 DEBUG [http-nio-8081-exec-4] c.e.n.m.M.countStdWordList - ==> Parameters: 
2025-12-07 07:51:21.292 DEBUG [http-nio-8081-exec-4] c.e.n.m.M.countStdWordList - <==      Total: 1
2025-12-07 07:51:21.293 DEBUG [http-nio-8081-exec-4] o.s.w.s.v.ContentNegotiatingViewResolver - Selected 'text/html' given [text/html, application/xhtml+xml, image/avif, image/webp, image/apng, application/xml;q=0.9, */*;q=0.8, application/signed-exchange;v=b3;q=0.7]
2025-12-07 07:51:21.300 DEBUG [http-nio-8081-exec-4] o.s.web.servlet.DispatcherServlet - Completed 200 OK
2025-12-07 07:52:41.145 DEBUG [http-nio-8081-exec-7] o.s.web.servlet.DispatcherServlet - GET "/std-word/list?page=41&stdWordName=", parameters={masked}
2025-12-07 07:52:41.145 DEBUG [http-nio-8081-exec-7] o.s.w.s.m.m.a.RequestMappingHandlerMapping - Mapped to com.example.nproject.controller.MetaStdWordController#list(MetaStdWordDto, Model)
2025-12-07 07:52:41.147 DEBUG [http-nio-8081-exec-7] o.s.jdbc.datasource.DataSourceUtils - Fetching JDBC Connection from DataSource
2025-12-07 07:52:41.155 DEBUG [http-nio-8081-exec-7] c.e.n.m.M.selectStdWordList - ==>  Preparing: SELECT word_id as wordId, std_word_name as stdWordName, eng_abbr_name as engAbbrName, eng_full_name as engFullName, definition, domain_type as domainType, use_yn as useYn FROM meta_std_word ORDER BY word_id LIMIT ? OFFSET ?
2025-12-07 07:52:41.155 DEBUG [http-nio-8081-exec-7] c.e.n.m.M.selectStdWordList - ==> Parameters: 10(Integer), 400(Integer)
2025-12-07 07:52:41.166 DEBUG [http-nio-8081-exec-7] c.e.n.m.M.selectStdWordList - <==      Total: 10
2025-12-07 07:52:41.167 DEBUG [http-nio-8081-exec-7] o.s.jdbc.datasource.DataSourceUtils - Fetching JDBC Connection from DataSource
2025-12-07 07:52:41.167 DEBUG [http-nio-8081-exec-7] c.e.n.m.M.countStdWordList - ==>  Preparing: SELECT COUNT(*) FROM meta_std_word
2025-12-07 07:52:41.167 DEBUG [http-nio-8081-exec-7] c.e.n.m.M.countStdWordList - ==> Parameters: 
2025-12-07 07:52:41.175 DEBUG [http-nio-8081-exec-7] c.e.n.m.M.countStdWordList - <==      Total: 1
2025-12-07 07:52:41.176 DEBUG [http-nio-8081-exec-7] o.s.w.s.v.ContentNegotiatingViewResolver - Selected 'text/html' given [text/html, application/xhtml+xml, image/avif, image/webp, image/apng, application/xml;q=0.9, */*;q=0.8, application/signed-exchange;v=b3;q=0.7]
2025-12-07 07:52:41.182 DEBUG [http-nio-8081-exec-7] o.s.web.servlet.DispatcherServlet - Completed 200 OK
2025-12-07 07:52:42.403 DEBUG [http-nio-8081-exec-8] o.s.web.servlet.DispatcherServlet - GET "/std-word/list?page=42&stdWordName=", parameters={masked}
2025-12-07 07:52:42.403 DEBUG [http-nio-8081-exec-8] o.s.w.s.m.m.a.RequestMappingHandlerMapping - Mapped to com.example.nproject.controller.MetaStdWordController#list(MetaStdWordDto, Model)
2025-12-07 07:52:42.403 DEBUG [http-nio-8081-exec-8] o.s.jdbc.datasource.DataSourceUtils - Fetching JDBC Connection from DataSource
2025-12-07 07:52:42.411 DEBUG [http-nio-8081-exec-8] c.e.n.m.M.selectStdWordList - ==>  Preparing: SELECT word_id as wordId, std_word_name as stdWordName, eng_abbr_name as engAbbrName, eng_full_name as engFullName, definition, domain_type as domainType, use_yn as useYn FROM meta_std_word ORDER BY word_id LIMIT ? OFFSET ?
2025-12-07 07:52:42.412 DEBUG [http-nio-8081-exec-8] c.e.n.m.M.selectStdWordList - ==> Parameters: 10(Integer), 410(Integer)
2025-12-07 07:52:42.422 DEBUG [http-nio-8081-exec-8] c.e.n.m.M.selectStdWordList - <==      Total: 10
2025-12-07 07:52:42.422 DEBUG [http-nio-8081-exec-8] o.s.jdbc.datasource.DataSourceUtils - Fetching JDBC Connection from DataSource
2025-12-07 07:52:42.422 DEBUG [http-nio-8081-exec-8] c.e.n.m.M.countStdWordList - ==>  Preparing: SELECT COUNT(*) FROM meta_std_word
2025-12-07 07:52:42.422 DEBUG [http-nio-8081-exec-8] c.e.n.m.M.countStdWordList - ==> Parameters: 
2025-12-07 07:52:42.429 DEBUG [http-nio-8081-exec-8] c.e.n.m.M.countStdWordList - <==      Total: 1
2025-12-07 07:52:42.430 DEBUG [http-nio-8081-exec-8] o.s.w.s.v.ContentNegotiatingViewResolver - Selected 'text/html' given [text/html, application/xhtml+xml, image/avif, image/webp, image/apng, application/xml;q=0.9, */*;q=0.8, application/signed-exchange;v=b3;q=0.7]
2025-12-07 07:52:42.436 DEBUG [http-nio-8081-exec-8] o.s.web.servlet.DispatcherServlet - Completed 200 OK
2025-12-07 07:52:43.495 DEBUG [http-nio-8081-exec-9] o.s.web.servlet.DispatcherServlet - GET "/std-word/list?page=43&stdWordName=", parameters={masked}
2025-12-07 07:52:43.495 DEBUG [http-nio-8081-exec-9] o.s.w.s.m.m.a.RequestMappingHandlerMapping - Mapped to com.example.nproject.controller.MetaStdWordController#list(MetaStdWordDto, Model)
2025-12-07 07:52:43.496 DEBUG [http-nio-8081-exec-9] o.s.jdbc.datasource.DataSourceUtils - Fetching JDBC Connection from DataSource
2025-12-07 07:52:43.503 DEBUG [http-nio-8081-exec-9] c.e.n.m.M.selectStdWordList - ==>  Preparing: SELECT word_id as wordId, std_word_name as stdWordName, eng_abbr_name as engAbbrName, eng_full_name as engFullName, definition, domain_type as domainType, use_yn as useYn FROM meta_std_word ORDER BY word_id LIMIT ? OFFSET ?
2025-12-07 07:52:43.503 DEBUG [http-nio-8081-exec-9] c.e.n.m.M.selectStdWordList - ==> Parameters: 10(Integer), 420(Integer)
2025-12-07 07:52:43.510 DEBUG [http-nio-8081-exec-9] c.e.n.m.M.selectStdWordList - <==      Total: 10
2025-12-07 07:52:43.510 DEBUG [http-nio-8081-exec-9] o.s.jdbc.datasource.DataSourceUtils - Fetching JDBC Connection from DataSource
2025-12-07 07:52:43.511 DEBUG [http-nio-8081-exec-9] c.e.n.m.M.countStdWordList - ==>  Preparing: SELECT COUNT(*) FROM meta_std_word
2025-12-07 07:52:43.511 DEBUG [http-nio-8081-exec-9] c.e.n.m.M.countStdWordList - ==> Parameters: 
2025-12-07 07:52:43.518 DEBUG [http-nio-8081-exec-9] c.e.n.m.M.countStdWordList - <==      Total: 1
2025-12-07 07:52:43.518 DEBUG [http-nio-8081-exec-9] o.s.w.s.v.ContentNegotiatingViewResolver - Selected 'text/html' given [text/html, application/xhtml+xml, image/avif, image/webp, image/apng, application/xml;q=0.9, */*;q=0.8, application/signed-exchange;v=b3;q=0.7]
2025-12-07 07:52:43.524 DEBUG [http-nio-8081-exec-9] o.s.web.servlet.DispatcherServlet - Completed 200 OK
2025-12-07 07:52:44.448 DEBUG [http-nio-8081-exec-10] o.s.web.servlet.DispatcherServlet - GET "/std-word/list?page=44&stdWordName=", parameters={masked}
2025-12-07 07:52:44.448 DEBUG [http-nio-8081-exec-10] o.s.w.s.m.m.a.RequestMappingHandlerMapping - Mapped to com.example.nproject.controller.MetaStdWordController#list(MetaStdWordDto, Model)
2025-12-07 07:52:44.449 DEBUG [http-nio-8081-exec-10] o.s.jdbc.datasource.DataSourceUtils - Fetching JDBC Connection from DataSource
2025-12-07 07:52:44.457 DEBUG [http-nio-8081-exec-10] c.e.n.m.M.selectStdWordList - ==>  Preparing: SELECT word_id as wordId, std_word_name as stdWordName, eng_abbr_name as engAbbrName, eng_full_name as engFullName, definition, domain_type as domainType, use_yn as useYn FROM meta_std_word ORDER BY word_id LIMIT ? OFFSET ?
2025-12-07 07:52:44.457 DEBUG [http-nio-8081-exec-10] c.e.n.m.M.selectStdWordList - ==> Parameters: 10(Integer), 430(Integer)
2025-12-07 07:52:44.475 DEBUG [http-nio-8081-exec-10] c.e.n.m.M.selectStdWordList - <==      Total: 10
2025-12-07 07:52:44.476 DEBUG [http-nio-8081-exec-10] o.s.jdbc.datasource.DataSourceUtils - Fetching JDBC Connection from DataSource
2025-12-07 07:52:44.476 DEBUG [http-nio-8081-exec-10] c.e.n.m.M.countStdWordList - ==>  Preparing: SELECT COUNT(*) FROM meta_std_word
2025-12-07 07:52:44.476 DEBUG [http-nio-8081-exec-10] c.e.n.m.M.countStdWordList - ==> Parameters: 
2025-12-07 07:52:44.482 DEBUG [http-nio-8081-exec-10] c.e.n.m.M.countStdWordList - <==      Total: 1
2025-12-07 07:52:44.482 DEBUG [http-nio-8081-exec-10] o.s.w.s.v.ContentNegotiatingViewResolver - Selected 'text/html' given [text/html, application/xhtml+xml, image/avif, image/webp, image/apng, application/xml;q=0.9, */*;q=0.8, application/signed-exchange;v=b3;q=0.7]
2025-12-07 07:52:44.488 DEBUG [http-nio-8081-exec-10] o.s.web.servlet.DispatcherServlet - Completed 200 OK
2025-12-07 07:52:48.006 DEBUG [http-nio-8081-exec-1] o.s.web.servlet.DispatcherServlet - GET "/std-word/list?page=45&stdWordName=", parameters={masked}
2025-12-07 07:52:48.007 DEBUG [http-nio-8081-exec-1] o.s.w.s.m.m.a.RequestMappingHandlerMapping - Mapped to com.example.nproject.controller.MetaStdWordController#list(MetaStdWordDto, Model)
2025-12-07 07:52:48.007 DEBUG [http-nio-8081-exec-1] o.s.jdbc.datasource.DataSourceUtils - Fetching JDBC Connection from DataSource
2025-12-07 07:52:48.015 DEBUG [http-nio-8081-exec-1] c.e.n.m.M.selectStdWordList - ==>  Preparing: SELECT word_id as wordId, std_word_name as stdWordName, eng_abbr_name as engAbbrName, eng_full_name as engFullName, definition, domain_type as domainType, use_yn as useYn FROM meta_std_word ORDER BY word_id LIMIT ? OFFSET ?
2025-12-07 07:52:48.015 DEBUG [http-nio-8081-exec-1] c.e.n.m.M.selectStdWordList - ==> Parameters: 10(Integer), 440(Integer)
2025-12-07 07:52:48.023 DEBUG [http-nio-8081-exec-1] c.e.n.m.M.selectStdWordList - <==      Total: 10
2025-12-07 07:52:48.023 DEBUG [http-nio-8081-exec-1] o.s.jdbc.datasource.DataSourceUtils - Fetching JDBC Connection from DataSource
2025-12-07 07:52:48.023 DEBUG [http-nio-8081-exec-1] c.e.n.m.M.countStdWordList - ==>  Preparing: SELECT COUNT(*) FROM meta_std_word
2025-12-07 07:52:48.023 DEBUG [http-nio-8081-exec-1] c.e.n.m.M.countStdWordList - ==> Parameters: 
2025-12-07 07:52:48.029 DEBUG [http-nio-8081-exec-1] c.e.n.m.M.countStdWordList - <==      Total: 1
2025-12-07 07:52:48.030 DEBUG [http-nio-8081-exec-1] o.s.w.s.v.ContentNegotiatingViewResolver - Selected 'text/html' given [text/html, application/xhtml+xml, image/avif, image/webp, image/apng, application/xml;q=0.9, */*;q=0.8, application/signed-exchange;v=b3;q=0.7]
2025-12-07 07:52:48.036 DEBUG [http-nio-8081-exec-1] o.s.web.servlet.DispatcherServlet - Completed 200 OK
2025-12-07 07:58:10.177 INFO  [RMI TCP Connection(23)-127.0.0.1] o.s.b.a.SpringApplicationAdminMXBeanRegistrar$SpringApplicationAdmin - Application shutdown requested.
2025-12-07 07:58:10.180 INFO  [RMI TCP Connection(23)-127.0.0.1] o.a.coyote.http11.Http11NioProtocol - Stopping ProtocolHandler ["http-nio-8081"]
2025-12-07 07:58:10.195 INFO  [RMI TCP Connection(23)-127.0.0.1] com.zaxxer.hikari.HikariDataSource - HikariPool-1 - Shutdown initiated...
2025-12-07 07:58:10.201 INFO  [RMI TCP Connection(23)-127.0.0.1] com.zaxxer.hikari.HikariDataSource - HikariPool-1 - Shutdown completed.
2025-12-07 08:08:24.718 INFO  [restartedMain] c.e.nproject.NprojectApplication - Starting NprojectApplication using Java 17.0.12 with PID 13236 (C:\Dev_antigravity_git\meta_system\nproject\target\classes started by jkljkl in C:\Dev_antigravity_git\meta_system\nproject)
2025-12-07 08:08:24.720 DEBUG [restartedMain] c.e.nproject.NprojectApplication - Running with Spring Boot v3.2.0, Spring v6.1.1
2025-12-07 08:08:24.720 INFO  [restartedMain] c.e.nproject.NprojectApplication - No active profile set, falling back to 1 default profile: "default"
2025-12-07 08:08:24.758 INFO  [restartedMain] o.s.b.d.e.DevToolsPropertyDefaultsPostProcessor - Devtools property defaults active! Set 'spring.devtools.add-properties' to 'false' to disable
2025-12-07 08:08:24.759 INFO  [restartedMain] o.s.b.d.e.DevToolsPropertyDefaultsPostProcessor - For additional web related logging consider setting the 'logging.level.web' property to 'DEBUG'
2025-12-07 08:08:25.315 DEBUG [restartedMain] o.apache.ibatis.logging.LogFactory - Logging initialized using 'class org.apache.ibatis.logging.slf4j.Slf4jImpl' adapter.
2025-12-07 08:08:25.634 INFO  [restartedMain] o.s.b.w.e.tomcat.TomcatWebServer - Tomcat initialized with port 8081 (http)
2025-12-07 08:08:25.640 INFO  [restartedMain] o.a.coyote.http11.Http11NioProtocol - Initializing ProtocolHandler ["http-nio-8081"]
2025-12-07 08:08:25.642 INFO  [restartedMain] o.a.catalina.core.StandardService - Starting service [Tomcat]
2025-12-07 08:08:25.642 INFO  [restartedMain] o.a.catalina.core.StandardEngine - Starting Servlet engine: [Apache Tomcat/10.1.16]
2025-12-07 08:08:25.677 INFO  [restartedMain] o.a.c.c.C.[Tomcat].[localhost].[/] - Initializing Spring embedded WebApplicationContext
2025-12-07 08:08:25.677 INFO  [restartedMain] o.s.b.w.s.c.ServletWebServerApplicationContext - Root WebApplicationContext: initialization completed in 918 ms
2025-12-07 08:08:25.971 DEBUG [restartedMain] o.s.w.s.m.m.a.RequestMappingHandlerMapping - 10 mappings in 'requestMappingHandlerMapping'
2025-12-07 08:08:26.019 DEBUG [restartedMain] o.s.w.s.h.SimpleUrlHandlerMapping - Patterns [/webjars/**, /**] in 'resourceHandlerMapping'
2025-12-07 08:08:26.038 DEBUG [restartedMain] o.s.w.s.m.m.a.RequestMappingHandlerAdapter - ControllerAdvice beans: 0 @ModelAttribute, 0 @InitBinder, 1 RequestBodyAdvice, 1 ResponseBodyAdvice
2025-12-07 08:08:26.062 DEBUG [restartedMain] o.s.w.s.m.m.a.ExceptionHandlerExceptionResolver - ControllerAdvice beans: 0 @ExceptionHandler, 1 ResponseBodyAdvice
2025-12-07 08:08:26.156 INFO  [restartedMain] o.s.b.d.a.OptionalLiveReloadServer - LiveReload server is running on port 35729
2025-12-07 08:08:26.172 INFO  [restartedMain] o.a.coyote.http11.Http11NioProtocol - Starting ProtocolHandler ["http-nio-8081"]
2025-12-07 08:08:26.189 INFO  [restartedMain] o.s.b.w.e.tomcat.TomcatWebServer - Tomcat started on port 8081 (http) with context path ''
2025-12-07 08:08:26.197 INFO  [restartedMain] c.e.nproject.NprojectApplication - Started NprojectApplication in 1.839 seconds (process running for 2.352)
2025-12-07 08:08:56.299 INFO  [http-nio-8081-exec-1] o.a.c.c.C.[Tomcat].[localhost].[/] - Initializing Spring DispatcherServlet 'dispatcherServlet'
2025-12-07 08:08:56.299 INFO  [http-nio-8081-exec-1] o.s.web.servlet.DispatcherServlet - Initializing Servlet 'dispatcherServlet'
2025-12-07 08:08:56.299 DEBUG [http-nio-8081-exec-1] o.s.web.servlet.DispatcherServlet - Detected StandardServletMultipartResolver
2025-12-07 08:08:56.299 DEBUG [http-nio-8081-exec-1] o.s.web.servlet.DispatcherServlet - Detected AcceptHeaderLocaleResolver
2025-12-07 08:08:56.299 DEBUG [http-nio-8081-exec-1] o.s.web.servlet.DispatcherServlet - Detected FixedThemeResolver
2025-12-07 08:08:56.301 DEBUG [http-nio-8081-exec-1] o.s.web.servlet.DispatcherServlet - Detected org.springframework.web.servlet.view.DefaultRequestToViewNameTranslator@371c54e1
2025-12-07 08:08:56.302 DEBUG [http-nio-8081-exec-1] o.s.web.servlet.DispatcherServlet - Detected org.springframework.web.servlet.support.SessionFlashMapManager@765cb384
2025-12-07 08:08:56.302 DEBUG [http-nio-8081-exec-1] o.s.web.servlet.DispatcherServlet - enableLoggingRequestDetails='false': request parameters and headers will be masked to prevent unsafe logging of potentially sensitive data
2025-12-07 08:08:56.302 INFO  [http-nio-8081-exec-1] o.s.web.servlet.DispatcherServlet - Completed initialization in 3 ms
2025-12-07 08:08:56.314 DEBUG [http-nio-8081-exec-1] o.s.web.servlet.DispatcherServlet - GET "/std-word/list", parameters={}
2025-12-07 08:08:56.322 DEBUG [http-nio-8081-exec-1] o.s.w.s.m.m.a.RequestMappingHandlerMapping - Mapped to com.example.nproject.controller.MetaStdWordController#list(MetaStdWordDto, Model)
2025-12-07 08:08:56.369 DEBUG [http-nio-8081-exec-1] o.s.jdbc.datasource.DataSourceUtils - Fetching JDBC Connection from DataSource
2025-12-07 08:08:56.370 INFO  [http-nio-8081-exec-1] com.zaxxer.hikari.HikariDataSource - HikariPool-1 - Starting...
2025-12-07 08:08:56.722 INFO  [http-nio-8081-exec-1] com.zaxxer.hikari.pool.HikariPool - HikariPool-1 - Added connection org.postgresql.jdbc.PgConnection@26f4fac1
2025-12-07 08:08:56.723 INFO  [http-nio-8081-exec-1] com.zaxxer.hikari.HikariDataSource - HikariPool-1 - Start completed.
2025-12-07 08:08:56.730 DEBUG [http-nio-8081-exec-1] c.e.n.m.M.selectStdWordList - ==>  Preparing: SELECT word_id as wordId, std_word_name as stdWordName, eng_abbr_name as engAbbrName, eng_full_name as engFullName, definition, domain_type as domainType, use_yn as useYn FROM meta_std_word ORDER BY word_id LIMIT ? OFFSET ?
2025-12-07 08:08:56.742 DEBUG [http-nio-8081-exec-1] c.e.n.m.M.selectStdWordList - ==> Parameters: 10(Integer), 0(Integer)
2025-12-07 08:08:56.777 DEBUG [http-nio-8081-exec-1] c.e.n.m.M.selectStdWordList - <==      Total: 10
2025-12-07 08:08:56.783 DEBUG [http-nio-8081-exec-1] o.s.jdbc.datasource.DataSourceUtils - Fetching JDBC Connection from DataSource
2025-12-07 08:08:56.783 DEBUG [http-nio-8081-exec-1] c.e.n.m.M.countStdWordList - ==>  Preparing: SELECT COUNT(*) FROM meta_std_word
2025-12-07 08:08:56.783 DEBUG [http-nio-8081-exec-1] c.e.n.m.M.countStdWordList - ==> Parameters: 
2025-12-07 08:08:56.794 DEBUG [http-nio-8081-exec-1] c.e.n.m.M.countStdWordList - <==      Total: 1
2025-12-07 08:08:56.805 DEBUG [http-nio-8081-exec-1] o.s.w.s.v.ContentNegotiatingViewResolver - Selected 'text/html' given [text/html, application/xhtml+xml, image/avif, image/webp, image/apng, application/xml;q=0.9, */*;q=0.8, application/signed-exchange;v=b3;q=0.7]
2025-12-07 08:08:57.074 DEBUG [http-nio-8081-exec-1] o.s.web.servlet.DispatcherServlet - Completed 200 OK
2025-12-07 08:09:02.308 DEBUG [http-nio-8081-exec-2] o.s.web.servlet.DispatcherServlet - GET "/std-word/list", parameters={}
2025-12-07 08:09:02.308 DEBUG [http-nio-8081-exec-2] o.s.w.s.m.m.a.RequestMappingHandlerMapping - Mapped to com.example.nproject.controller.MetaStdWordController#list(MetaStdWordDto, Model)
2025-12-07 08:09:02.309 DEBUG [http-nio-8081-exec-2] o.s.jdbc.datasource.DataSourceUtils - Fetching JDBC Connection from DataSource
2025-12-07 08:09:02.334 DEBUG [http-nio-8081-exec-2] c.e.n.m.M.selectStdWordList - ==>  Preparing: SELECT word_id as wordId, std_word_name as stdWordName, eng_abbr_name as engAbbrName, eng_full_name as engFullName, definition, domain_type as domainType, use_yn as useYn FROM meta_std_word ORDER BY word_id LIMIT ? OFFSET ?
2025-12-07 08:09:02.335 DEBUG [http-nio-8081-exec-2] c.e.n.m.M.selectStdWordList - ==> Parameters: 10(Integer), 0(Integer)
2025-12-07 08:09:02.343 DEBUG [http-nio-8081-exec-2] c.e.n.m.M.selectStdWordList - <==      Total: 10
2025-12-07 08:09:02.344 DEBUG [http-nio-8081-exec-2] o.s.jdbc.datasource.DataSourceUtils - Fetching JDBC Connection from DataSource
2025-12-07 08:09:02.344 DEBUG [http-nio-8081-exec-2] c.e.n.m.M.countStdWordList - ==>  Preparing: SELECT COUNT(*) FROM meta_std_word
2025-12-07 08:09:02.344 DEBUG [http-nio-8081-exec-2] c.e.n.m.M.countStdWordList - ==> Parameters: 
2025-12-07 08:09:02.358 DEBUG [http-nio-8081-exec-2] c.e.n.m.M.countStdWordList - <==      Total: 1
2025-12-07 08:09:02.359 DEBUG [http-nio-8081-exec-2] o.s.w.s.v.ContentNegotiatingViewResolver - Selected 'text/html' given [text/html, application/xhtml+xml, image/avif, image/webp, image/apng, application/xml;q=0.9, */*;q=0.8, application/signed-exchange;v=b3;q=0.7]
2025-12-07 08:09:02.380 DEBUG [http-nio-8081-exec-2] o.s.web.servlet.DispatcherServlet - Completed 200 OK
2025-12-07 08:09:12.975 DEBUG [http-nio-8081-exec-3] o.s.web.servlet.DispatcherServlet - GET "/std-word/list", parameters={}
2025-12-07 08:09:12.976 DEBUG [http-nio-8081-exec-3] o.s.w.s.m.m.a.RequestMappingHandlerMapping - Mapped to com.example.nproject.controller.MetaStdWordController#list(MetaStdWordDto, Model)
2025-12-07 08:09:12.977 DEBUG [http-nio-8081-exec-3] o.s.jdbc.datasource.DataSourceUtils - Fetching JDBC Connection from DataSource
2025-12-07 08:09:12.983 DEBUG [http-nio-8081-exec-3] c.e.n.m.M.selectStdWordList - ==>  Preparing: SELECT word_id as wordId, std_word_name as stdWordName, eng_abbr_name as engAbbrName, eng_full_name as engFullName, definition, domain_type as domainType, use_yn as useYn FROM meta_std_word ORDER BY word_id LIMIT ? OFFSET ?
2025-12-07 08:09:12.984 DEBUG [http-nio-8081-exec-3] c.e.n.m.M.selectStdWordList - ==> Parameters: 10(Integer), 0(Integer)
2025-12-07 08:09:12.991 DEBUG [http-nio-8081-exec-3] c.e.n.m.M.selectStdWordList - <==      Total: 10
2025-12-07 08:09:12.991 DEBUG [http-nio-8081-exec-3] o.s.jdbc.datasource.DataSourceUtils - Fetching JDBC Connection from DataSource
2025-12-07 08:09:12.992 DEBUG [http-nio-8081-exec-3] c.e.n.m.M.countStdWordList - ==>  Preparing: SELECT COUNT(*) FROM meta_std_word
2025-12-07 08:09:12.992 DEBUG [http-nio-8081-exec-3] c.e.n.m.M.countStdWordList - ==> Parameters: 
2025-12-07 08:09:12.998 DEBUG [http-nio-8081-exec-3] c.e.n.m.M.countStdWordList - <==      Total: 1
2025-12-07 08:09:13.000 DEBUG [http-nio-8081-exec-3] o.s.w.s.v.ContentNegotiatingViewResolver - Selected 'text/html' given [text/html, application/xhtml+xml, image/avif, image/webp, image/apng, application/xml;q=0.9, */*;q=0.8, application/signed-exchange;v=b3;q=0.7]
2025-12-07 08:09:13.014 DEBUG [http-nio-8081-exec-3] o.s.web.servlet.DispatcherServlet - Completed 200 OK
2025-12-07 08:09:31.489 INFO  [RMI TCP Connection(9)-127.0.0.1] o.s.b.a.SpringApplicationAdminMXBeanRegistrar$SpringApplicationAdmin - Application shutdown requested.
2025-12-07 08:09:31.491 INFO  [RMI TCP Connection(9)-127.0.0.1] o.a.coyote.http11.Http11NioProtocol - Stopping ProtocolHandler ["http-nio-8081"]
2025-12-07 08:09:31.506 INFO  [RMI TCP Connection(9)-127.0.0.1] com.zaxxer.hikari.HikariDataSource - HikariPool-1 - Shutdown initiated...
2025-12-07 08:09:31.576 INFO  [RMI TCP Connection(9)-127.0.0.1] com.zaxxer.hikari.HikariDataSource - HikariPool-1 - Shutdown completed.
2025-12-07 10:35:11.870 INFO  [restartedMain] c.e.nproject.NprojectApplication - Starting NprojectApplication using Java 17.0.12 with PID 5556 (C:\Dev_antigravity_git\meta_system\nproject\target\classes started by jkljkl in C:\Dev_antigravity_git\meta_system\nproject)
2025-12-07 10:35:11.871 DEBUG [restartedMain] c.e.nproject.NprojectApplication - Running with Spring Boot v3.2.0, Spring v6.1.1
2025-12-07 10:35:11.872 INFO  [restartedMain] c.e.nproject.NprojectApplication - No active profile set, falling back to 1 default profile: "default"
2025-12-07 10:35:11.921 INFO  [restartedMain] o.s.b.d.e.DevToolsPropertyDefaultsPostProcessor - Devtools property defaults active! Set 'spring.devtools.add-properties' to 'false' to disable
2025-12-07 10:35:11.921 INFO  [restartedMain] o.s.b.d.e.DevToolsPropertyDefaultsPostProcessor - For additional web related logging consider setting the 'logging.level.web' property to 'DEBUG'
2025-12-07 10:35:12.497 DEBUG [restartedMain] o.apache.ibatis.logging.LogFactory - Logging initialized using 'class org.apache.ibatis.logging.slf4j.Slf4jImpl' adapter.
2025-12-07 10:35:12.833 INFO  [restartedMain] o.s.b.w.e.tomcat.TomcatWebServer - Tomcat initialized with port 8081 (http)
2025-12-07 10:35:12.840 INFO  [restartedMain] o.a.coyote.http11.Http11NioProtocol - Initializing ProtocolHandler ["http-nio-8081"]
2025-12-07 10:35:12.842 INFO  [restartedMain] o.a.catalina.core.StandardService - Starting service [Tomcat]
2025-12-07 10:35:12.843 INFO  [restartedMain] o.a.catalina.core.StandardEngine - Starting Servlet engine: [Apache Tomcat/10.1.16]
2025-12-07 10:35:12.888 INFO  [restartedMain] o.a.c.c.C.[Tomcat].[localhost].[/] - Initializing Spring embedded WebApplicationContext
2025-12-07 10:35:12.888 INFO  [restartedMain] o.s.b.w.s.c.ServletWebServerApplicationContext - Root WebApplicationContext: initialization completed in 966 ms
2025-12-07 10:35:13.244 DEBUG [restartedMain] o.s.w.s.m.m.a.RequestMappingHandlerMapping - 10 mappings in 'requestMappingHandlerMapping'
2025-12-07 10:35:13.299 DEBUG [restartedMain] o.s.w.s.h.SimpleUrlHandlerMapping - Patterns [/webjars/**, /**] in 'resourceHandlerMapping'
2025-12-07 10:35:13.322 DEBUG [restartedMain] o.s.w.s.m.m.a.RequestMappingHandlerAdapter - ControllerAdvice beans: 0 @ModelAttribute, 0 @InitBinder, 1 RequestBodyAdvice, 1 ResponseBodyAdvice
2025-12-07 10:35:13.348 DEBUG [restartedMain] o.s.w.s.m.m.a.ExceptionHandlerExceptionResolver - ControllerAdvice beans: 0 @ExceptionHandler, 1 ResponseBodyAdvice
2025-12-07 10:35:13.457 INFO  [restartedMain] o.s.b.d.a.OptionalLiveReloadServer - LiveReload server is running on port 35729
2025-12-07 10:35:13.476 INFO  [restartedMain] o.a.coyote.http11.Http11NioProtocol - Starting ProtocolHandler ["http-nio-8081"]
2025-12-07 10:35:13.503 INFO  [restartedMain] o.s.b.w.e.tomcat.TomcatWebServer - Tomcat started on port 8081 (http) with context path ''
2025-12-07 10:35:13.515 INFO  [restartedMain] c.e.nproject.NprojectApplication - Started NprojectApplication in 2.058 seconds (process running for 2.817)
2025-12-07 10:35:36.013 INFO  [http-nio-8081-exec-1] o.a.c.c.C.[Tomcat].[localhost].[/] - Initializing Spring DispatcherServlet 'dispatcherServlet'
2025-12-07 10:35:36.013 INFO  [http-nio-8081-exec-1] o.s.web.servlet.DispatcherServlet - Initializing Servlet 'dispatcherServlet'
2025-12-07 10:35:36.014 DEBUG [http-nio-8081-exec-1] o.s.web.servlet.DispatcherServlet - Detected StandardServletMultipartResolver
2025-12-07 10:35:36.014 DEBUG [http-nio-8081-exec-1] o.s.web.servlet.DispatcherServlet - Detected AcceptHeaderLocaleResolver
2025-12-07 10:35:36.014 DEBUG [http-nio-8081-exec-1] o.s.web.servlet.DispatcherServlet - Detected FixedThemeResolver
2025-12-07 10:35:36.015 DEBUG [http-nio-8081-exec-1] o.s.web.servlet.DispatcherServlet - Detected org.springframework.web.servlet.view.DefaultRequestToViewNameTranslator@371c54e1
2025-12-07 10:35:36.015 DEBUG [http-nio-8081-exec-1] o.s.web.servlet.DispatcherServlet - Detected org.springframework.web.servlet.support.SessionFlashMapManager@765cb384
2025-12-07 10:35:36.015 DEBUG [http-nio-8081-exec-1] o.s.web.servlet.DispatcherServlet - enableLoggingRequestDetails='false': request parameters and headers will be masked to prevent unsafe logging of potentially sensitive data
2025-12-07 10:35:36.017 INFO  [http-nio-8081-exec-1] o.s.web.servlet.DispatcherServlet - Completed initialization in 1 ms
2025-12-07 10:35:36.034 DEBUG [http-nio-8081-exec-1] o.s.web.servlet.DispatcherServlet - GET "/std-word/list.", parameters={}
2025-12-07 10:35:36.050 DEBUG [http-nio-8081-exec-1] o.s.w.s.h.SimpleUrlHandlerMapping - Mapped to ResourceHttpRequestHandler [classpath [META-INF/resources/], classpath [resources/], classpath [static/], classpath [public/], ServletContext [/]]
2025-12-07 10:35:36.072 WARN  [http-nio-8081-exec-1] o.a.c.w.AbstractFileResourceSet - Resource for web application [] at path [/std-word/list.] was not loaded as the canonical path [/std-word/list] did not match. Use of symlinks is one possible cause.
2025-12-07 10:35:36.072 DEBUG [http-nio-8081-exec-1] o.s.w.s.r.ResourceHttpRequestHandler - Resource not found
2025-12-07 10:35:36.082 DEBUG [http-nio-8081-exec-1] o.s.w.s.m.s.DefaultHandlerExceptionResolver - Resolved [org.springframework.web.servlet.resource.NoResourceFoundException: No static resource std-word/list..]
2025-12-07 10:35:36.083 DEBUG [http-nio-8081-exec-1] o.s.web.servlet.DispatcherServlet - Completed 404 NOT_FOUND
2025-12-07 10:35:36.096 DEBUG [http-nio-8081-exec-1] o.s.web.servlet.DispatcherServlet - "ERROR" dispatch for GET "/error", parameters={}
2025-12-07 10:35:36.101 DEBUG [http-nio-8081-exec-1] o.s.w.s.m.m.a.RequestMappingHandlerMapping - Mapped to org.springframework.boot.autoconfigure.web.servlet.error.BasicErrorController#errorHtml(HttpServletRequest, HttpServletResponse)
2025-12-07 10:35:36.156 DEBUG [http-nio-8081-exec-1] o.s.w.s.v.ContentNegotiatingViewResolver - Selected 'text/html' given [text/html, text/html;q=0.8]
2025-12-07 10:35:36.169 DEBUG [http-nio-8081-exec-1] o.s.web.servlet.DispatcherServlet - Exiting from "ERROR" dispatch, status 404
2025-12-07 10:35:36.231 DEBUG [http-nio-8081-exec-2] o.s.web.servlet.DispatcherServlet - GET "/favicon.ico", parameters={}
2025-12-07 10:35:36.235 DEBUG [http-nio-8081-exec-2] o.s.w.s.h.SimpleUrlHandlerMapping - Mapped to ResourceHttpRequestHandler [classpath [META-INF/resources/], classpath [resources/], classpath [static/], classpath [public/], ServletContext [/]]
2025-12-07 10:35:36.237 DEBUG [http-nio-8081-exec-2] o.s.w.s.r.ResourceHttpRequestHandler - Resource not found
2025-12-07 10:35:36.238 DEBUG [http-nio-8081-exec-2] o.s.w.s.m.s.DefaultHandlerExceptionResolver - Resolved [org.springframework.web.servlet.resource.NoResourceFoundException: No static resource favicon.ico.]
2025-12-07 10:35:36.238 DEBUG [http-nio-8081-exec-2] o.s.web.servlet.DispatcherServlet - Completed 404 NOT_FOUND
2025-12-07 10:35:36.239 DEBUG [http-nio-8081-exec-2] o.s.web.servlet.DispatcherServlet - "ERROR" dispatch for GET "/error", parameters={}
2025-12-07 10:35:36.240 DEBUG [http-nio-8081-exec-2] o.s.w.s.m.m.a.RequestMappingHandlerMapping - Mapped to org.springframework.boot.autoconfigure.web.servlet.error.BasicErrorController#error(HttpServletRequest)
2025-12-07 10:35:36.273 DEBUG [http-nio-8081-exec-2] o.s.w.s.m.m.a.HttpEntityMethodProcessor - Using 'application/json;q=0.8', given [image/avif, image/webp, image/apng, image/svg+xml, image/*, */*;q=0.8] and supported [application/json, application/*+json]
2025-12-07 10:35:36.279 DEBUG [http-nio-8081-exec-2] o.s.w.s.m.m.a.HttpEntityMethodProcessor - Writing [{timestamp=Sun Dec 07 10:35:36 KST 2025, status=404, error=Not Found, trace=org.springframework.web. (truncated)...]
2025-12-07 10:35:36.348 DEBUG [http-nio-8081-exec-2] o.s.web.servlet.DispatcherServlet - Exiting from "ERROR" dispatch, status 404
2025-12-07 10:35:46.075 DEBUG [http-nio-8081-exec-3] o.s.web.servlet.DispatcherServlet - GET "/std-word/list", parameters={}
2025-12-07 10:35:46.077 DEBUG [http-nio-8081-exec-3] o.s.w.s.m.m.a.RequestMappingHandlerMapping - Mapped to com.example.nproject.controller.MetaStdWordController#list(MetaStdWordDto, Model)
2025-12-07 10:35:46.194 DEBUG [http-nio-8081-exec-3] o.s.jdbc.datasource.DataSourceUtils - Fetching JDBC Connection from DataSource
2025-12-07 10:35:46.196 INFO  [http-nio-8081-exec-3] com.zaxxer.hikari.HikariDataSource - HikariPool-1 - Starting...
2025-12-07 10:35:46.990 INFO  [http-nio-8081-exec-3] com.zaxxer.hikari.pool.HikariPool - HikariPool-1 - Added connection org.postgresql.jdbc.PgConnection@5f8b46e2
2025-12-07 10:35:46.996 INFO  [http-nio-8081-exec-3] com.zaxxer.hikari.HikariDataSource - HikariPool-1 - Start completed.
2025-12-07 10:35:47.016 DEBUG [http-nio-8081-exec-3] c.e.n.m.M.selectStdWordList - ==>  Preparing: SELECT word_id as wordId, std_word_name as stdWordName, eng_abbr_name as engAbbrName, eng_full_name as engFullName, definition, domain_type as domainType, use_yn as useYn FROM meta_std_word ORDER BY word_id LIMIT ? OFFSET ?
2025-12-07 10:35:47.053 DEBUG [http-nio-8081-exec-3] c.e.n.m.M.selectStdWordList - ==> Parameters: 10(Integer), 0(Integer)
2025-12-07 10:35:47.112 DEBUG [http-nio-8081-exec-3] c.e.n.m.M.selectStdWordList - <==      Total: 10
2025-12-07 10:35:47.129 DEBUG [http-nio-8081-exec-3] o.s.jdbc.datasource.DataSourceUtils - Fetching JDBC Connection from DataSource
2025-12-07 10:35:47.129 DEBUG [http-nio-8081-exec-3] c.e.n.m.M.countStdWordList - ==>  Preparing: SELECT COUNT(*) FROM meta_std_word
2025-12-07 10:35:47.130 DEBUG [http-nio-8081-exec-3] c.e.n.m.M.countStdWordList - ==> Parameters: 
2025-12-07 10:35:47.154 DEBUG [http-nio-8081-exec-3] c.e.n.m.M.countStdWordList - <==      Total: 1
2025-12-07 10:35:47.160 DEBUG [http-nio-8081-exec-3] o.s.w.s.v.ContentNegotiatingViewResolver - Selected 'text/html' given [text/html, application/xhtml+xml, image/avif, image/webp, image/apng, application/xml;q=0.9, */*;q=0.8, application/signed-exchange;v=b3;q=0.7]
2025-12-07 10:35:47.991 DEBUG [http-nio-8081-exec-3] o.s.web.servlet.DispatcherServlet - Completed 200 OK
2025-12-07 10:35:53.523 DEBUG [http-nio-8081-exec-4] o.s.web.servlet.DispatcherServlet - GET "/std-word/list?size=50&page=1", parameters={masked}
2025-12-07 10:35:53.523 DEBUG [http-nio-8081-exec-4] o.s.w.s.m.m.a.RequestMappingHandlerMapping - Mapped to com.example.nproject.controller.MetaStdWordController#list(MetaStdWordDto, Model)
2025-12-07 10:35:53.526 DEBUG [http-nio-8081-exec-4] o.s.jdbc.datasource.DataSourceUtils - Fetching JDBC Connection from DataSource
2025-12-07 10:35:53.537 DEBUG [http-nio-8081-exec-4] c.e.n.m.M.selectStdWordList - ==>  Preparing: SELECT word_id as wordId, std_word_name as stdWordName, eng_abbr_name as engAbbrName, eng_full_name as engFullName, definition, domain_type as domainType, use_yn as useYn FROM meta_std_word ORDER BY word_id LIMIT ? OFFSET ?
2025-12-07 10:35:53.538 DEBUG [http-nio-8081-exec-4] c.e.n.m.M.selectStdWordList - ==> Parameters: 50(Integer), 0(Integer)
2025-12-07 10:35:53.560 DEBUG [http-nio-8081-exec-4] c.e.n.m.M.selectStdWordList - <==      Total: 50
2025-12-07 10:35:53.561 DEBUG [http-nio-8081-exec-4] o.s.jdbc.datasource.DataSourceUtils - Fetching JDBC Connection from DataSource
2025-12-07 10:35:53.562 DEBUG [http-nio-8081-exec-4] c.e.n.m.M.countStdWordList - ==>  Preparing: SELECT COUNT(*) FROM meta_std_word
2025-12-07 10:35:53.562 DEBUG [http-nio-8081-exec-4] c.e.n.m.M.countStdWordList - ==> Parameters: 
2025-12-07 10:35:53.571 DEBUG [http-nio-8081-exec-4] c.e.n.m.M.countStdWordList - <==      Total: 1
2025-12-07 10:35:53.573 DEBUG [http-nio-8081-exec-4] o.s.w.s.v.ContentNegotiatingViewResolver - Selected 'text/html' given [text/html, application/xhtml+xml, image/avif, image/webp, image/apng, application/xml;q=0.9, */*;q=0.8, application/signed-exchange;v=b3;q=0.7]
2025-12-07 10:35:53.624 DEBUG [http-nio-8081-exec-4] o.s.web.servlet.DispatcherServlet - Completed 200 OK
2025-12-07 10:35:59.662 DEBUG [http-nio-8081-exec-5] o.s.web.servlet.DispatcherServlet - GET "/std-word/list?size=10&page=1", parameters={masked}
2025-12-07 10:35:59.663 DEBUG [http-nio-8081-exec-5] o.s.w.s.m.m.a.RequestMappingHandlerMapping - Mapped to com.example.nproject.controller.MetaStdWordController#list(MetaStdWordDto, Model)
2025-12-07 10:35:59.665 DEBUG [http-nio-8081-exec-5] o.s.jdbc.datasource.DataSourceUtils - Fetching JDBC Connection from DataSource
2025-12-07 10:35:59.674 DEBUG [http-nio-8081-exec-5] c.e.n.m.M.selectStdWordList - ==>  Preparing: SELECT word_id as wordId, std_word_name as stdWordName, eng_abbr_name as engAbbrName, eng_full_name as engFullName, definition, domain_type as domainType, use_yn as useYn FROM meta_std_word ORDER BY word_id LIMIT ? OFFSET ?
2025-12-07 10:35:59.675 DEBUG [http-nio-8081-exec-5] c.e.n.m.M.selectStdWordList - ==> Parameters: 10(Integer), 0(Integer)
2025-12-07 10:35:59.689 DEBUG [http-nio-8081-exec-5] c.e.n.m.M.selectStdWordList - <==      Total: 10
2025-12-07 10:35:59.690 DEBUG [http-nio-8081-exec-5] o.s.jdbc.datasource.DataSourceUtils - Fetching JDBC Connection from DataSource
2025-12-07 10:35:59.690 DEBUG [http-nio-8081-exec-5] c.e.n.m.M.countStdWordList - ==>  Preparing: SELECT COUNT(*) FROM meta_std_word
2025-12-07 10:35:59.690 DEBUG [http-nio-8081-exec-5] c.e.n.m.M.countStdWordList - ==> Parameters: 
2025-12-07 10:35:59.701 DEBUG [http-nio-8081-exec-5] c.e.n.m.M.countStdWordList - <==      Total: 1
2025-12-07 10:35:59.703 DEBUG [http-nio-8081-exec-5] o.s.w.s.v.ContentNegotiatingViewResolver - Selected 'text/html' given [text/html, application/xhtml+xml, image/avif, image/webp, image/apng, application/xml;q=0.9, */*;q=0.8, application/signed-exchange;v=b3;q=0.7]
2025-12-07 10:35:59.735 DEBUG [http-nio-8081-exec-5] o.s.web.servlet.DispatcherServlet - Completed 200 OK
2025-12-07 10:36:02.281 DEBUG [http-nio-8081-exec-6] o.s.web.servlet.DispatcherServlet - GET "/std-word/list?size=50&page=1", parameters={masked}
2025-12-07 10:36:02.281 DEBUG [http-nio-8081-exec-6] o.s.w.s.m.m.a.RequestMappingHandlerMapping - Mapped to com.example.nproject.controller.MetaStdWordController#list(MetaStdWordDto, Model)
2025-12-07 10:36:02.283 DEBUG [http-nio-8081-exec-6] o.s.jdbc.datasource.DataSourceUtils - Fetching JDBC Connection from DataSource
2025-12-07 10:36:02.293 DEBUG [http-nio-8081-exec-6] c.e.n.m.M.selectStdWordList - ==>  Preparing: SELECT word_id as wordId, std_word_name as stdWordName, eng_abbr_name as engAbbrName, eng_full_name as engFullName, definition, domain_type as domainType, use_yn as useYn FROM meta_std_word ORDER BY word_id LIMIT ? OFFSET ?
2025-12-07 10:36:02.294 DEBUG [http-nio-8081-exec-6] c.e.n.m.M.selectStdWordList - ==> Parameters: 50(Integer), 0(Integer)
2025-12-07 10:36:02.313 DEBUG [http-nio-8081-exec-6] c.e.n.m.M.selectStdWordList - <==      Total: 50
2025-12-07 10:36:02.314 DEBUG [http-nio-8081-exec-6] o.s.jdbc.datasource.DataSourceUtils - Fetching JDBC Connection from DataSource
2025-12-07 10:36:02.316 DEBUG [http-nio-8081-exec-6] c.e.n.m.M.countStdWordList - ==>  Preparing: SELECT COUNT(*) FROM meta_std_word
2025-12-07 10:36:02.316 DEBUG [http-nio-8081-exec-6] c.e.n.m.M.countStdWordList - ==> Parameters: 
2025-12-07 10:36:02.325 DEBUG [http-nio-8081-exec-6] c.e.n.m.M.countStdWordList - <==      Total: 1
2025-12-07 10:36:02.327 DEBUG [http-nio-8081-exec-6] o.s.w.s.v.ContentNegotiatingViewResolver - Selected 'text/html' given [text/html, application/xhtml+xml, image/avif, image/webp, image/apng, application/xml;q=0.9, */*;q=0.8, application/signed-exchange;v=b3;q=0.7]
2025-12-07 10:36:02.347 DEBUG [http-nio-8081-exec-6] o.s.web.servlet.DispatcherServlet - Completed 200 OK
2025-12-07 10:36:08.886 DEBUG [http-nio-8081-exec-7] o.s.web.servlet.DispatcherServlet - GET "/std-word/list?size=10&page=1", parameters={masked}
2025-12-07 10:36:08.886 DEBUG [http-nio-8081-exec-7] o.s.w.s.m.m.a.RequestMappingHandlerMapping - Mapped to com.example.nproject.controller.MetaStdWordController#list(MetaStdWordDto, Model)
2025-12-07 10:36:08.887 DEBUG [http-nio-8081-exec-7] o.s.jdbc.datasource.DataSourceUtils - Fetching JDBC Connection from DataSource
2025-12-07 10:36:08.898 DEBUG [http-nio-8081-exec-7] c.e.n.m.M.selectStdWordList - ==>  Preparing: SELECT word_id as wordId, std_word_name as stdWordName, eng_abbr_name as engAbbrName, eng_full_name as engFullName, definition, domain_type as domainType, use_yn as useYn FROM meta_std_word ORDER BY word_id LIMIT ? OFFSET ?
2025-12-07 10:36:08.898 DEBUG [http-nio-8081-exec-7] c.e.n.m.M.selectStdWordList - ==> Parameters: 10(Integer), 0(Integer)
2025-12-07 10:36:08.910 DEBUG [http-nio-8081-exec-7] c.e.n.m.M.selectStdWordList - <==      Total: 10
2025-12-07 10:36:08.910 DEBUG [http-nio-8081-exec-7] o.s.jdbc.datasource.DataSourceUtils - Fetching JDBC Connection from DataSource
2025-12-07 10:36:08.911 DEBUG [http-nio-8081-exec-7] c.e.n.m.M.countStdWordList - ==>  Preparing: SELECT COUNT(*) FROM meta_std_word
2025-12-07 10:36:08.911 DEBUG [http-nio-8081-exec-7] c.e.n.m.M.countStdWordList - ==> Parameters: 
2025-12-07 10:36:08.921 DEBUG [http-nio-8081-exec-7] c.e.n.m.M.countStdWordList - <==      Total: 1
2025-12-07 10:36:08.923 DEBUG [http-nio-8081-exec-7] o.s.w.s.v.ContentNegotiatingViewResolver - Selected 'text/html' given [text/html, application/xhtml+xml, image/avif, image/webp, image/apng, application/xml;q=0.9, */*;q=0.8, application/signed-exchange;v=b3;q=0.7]
2025-12-07 10:36:08.941 DEBUG [http-nio-8081-exec-7] o.s.web.servlet.DispatcherServlet - Completed 200 OK
2025-12-07 10:36:11.464 DEBUG [http-nio-8081-exec-8] o.s.web.servlet.DispatcherServlet - GET "/std-word/list?size=300&page=1", parameters={masked}
2025-12-07 10:36:11.465 DEBUG [http-nio-8081-exec-8] o.s.w.s.m.m.a.RequestMappingHandlerMapping - Mapped to com.example.nproject.controller.MetaStdWordController#list(MetaStdWordDto, Model)
2025-12-07 10:36:11.466 DEBUG [http-nio-8081-exec-8] o.s.jdbc.datasource.DataSourceUtils - Fetching JDBC Connection from DataSource
2025-12-07 10:36:11.477 DEBUG [http-nio-8081-exec-8] c.e.n.m.M.selectStdWordList - ==>  Preparing: SELECT word_id as wordId, std_word_name as stdWordName, eng_abbr_name as engAbbrName, eng_full_name as engFullName, definition, domain_type as domainType, use_yn as useYn FROM meta_std_word ORDER BY word_id LIMIT ? OFFSET ?
2025-12-07 10:36:11.477 DEBUG [http-nio-8081-exec-8] c.e.n.m.M.selectStdWordList - ==> Parameters: 300(Integer), 0(Integer)
2025-12-07 10:36:11.523 DEBUG [http-nio-8081-exec-8] c.e.n.m.M.selectStdWordList - <==      Total: 300
2025-12-07 10:36:11.525 DEBUG [http-nio-8081-exec-8] o.s.jdbc.datasource.DataSourceUtils - Fetching JDBC Connection from DataSource
2025-12-07 10:36:11.525 DEBUG [http-nio-8081-exec-8] c.e.n.m.M.countStdWordList - ==>  Preparing: SELECT COUNT(*) FROM meta_std_word
2025-12-07 10:36:11.525 DEBUG [http-nio-8081-exec-8] c.e.n.m.M.countStdWordList - ==> Parameters: 
2025-12-07 10:36:11.536 DEBUG [http-nio-8081-exec-8] c.e.n.m.M.countStdWordList - <==      Total: 1
2025-12-07 10:36:11.538 DEBUG [http-nio-8081-exec-8] o.s.w.s.v.ContentNegotiatingViewResolver - Selected 'text/html' given [text/html, application/xhtml+xml, image/avif, image/webp, image/apng, application/xml;q=0.9, */*;q=0.8, application/signed-exchange;v=b3;q=0.7]
2025-12-07 10:36:11.592 DEBUG [http-nio-8081-exec-8] o.s.web.servlet.DispatcherServlet - Completed 200 OK
2025-12-07 10:36:21.169 DEBUG [http-nio-8081-exec-9] o.s.web.servlet.DispatcherServlet - GET "/std-word/list?size=10&page=1", parameters={masked}
2025-12-07 10:36:21.169 DEBUG [http-nio-8081-exec-9] o.s.w.s.m.m.a.RequestMappingHandlerMapping - Mapped to com.example.nproject.controller.MetaStdWordController#list(MetaStdWordDto, Model)
2025-12-07 10:36:21.171 DEBUG [http-nio-8081-exec-9] o.s.jdbc.datasource.DataSourceUtils - Fetching JDBC Connection from DataSource
2025-12-07 10:36:21.182 DEBUG [http-nio-8081-exec-9] c.e.n.m.M.selectStdWordList - ==>  Preparing: SELECT word_id as wordId, std_word_name as stdWordName, eng_abbr_name as engAbbrName, eng_full_name as engFullName, definition, domain_type as domainType, use_yn as useYn FROM meta_std_word ORDER BY word_id LIMIT ? OFFSET ?
2025-12-07 10:36:21.182 DEBUG [http-nio-8081-exec-9] c.e.n.m.M.selectStdWordList - ==> Parameters: 10(Integer), 0(Integer)
2025-12-07 10:36:21.192 DEBUG [http-nio-8081-exec-9] c.e.n.m.M.selectStdWordList - <==      Total: 10
2025-12-07 10:36:21.192 DEBUG [http-nio-8081-exec-9] o.s.jdbc.datasource.DataSourceUtils - Fetching JDBC Connection from DataSource
2025-12-07 10:36:21.194 DEBUG [http-nio-8081-exec-9] c.e.n.m.M.countStdWordList - ==>  Preparing: SELECT COUNT(*) FROM meta_std_word
2025-12-07 10:36:21.194 DEBUG [http-nio-8081-exec-9] c.e.n.m.M.countStdWordList - ==> Parameters: 
2025-12-07 10:36:21.203 DEBUG [http-nio-8081-exec-9] c.e.n.m.M.countStdWordList - <==      Total: 1
2025-12-07 10:36:21.205 DEBUG [http-nio-8081-exec-9] o.s.w.s.v.ContentNegotiatingViewResolver - Selected 'text/html' given [text/html, application/xhtml+xml, image/avif, image/webp, image/apng, application/xml;q=0.9, */*;q=0.8, application/signed-exchange;v=b3;q=0.7]
2025-12-07 10:36:21.226 DEBUG [http-nio-8081-exec-9] o.s.web.servlet.DispatcherServlet - Completed 200 OK
2025-12-07 10:36:24.033 DEBUG [http-nio-8081-exec-10] o.s.web.servlet.DispatcherServlet - GET "/std-word/list?size=50&page=1", parameters={masked}
2025-12-07 10:36:24.034 DEBUG [http-nio-8081-exec-10] o.s.w.s.m.m.a.RequestMappingHandlerMapping - Mapped to com.example.nproject.controller.MetaStdWordController#list(MetaStdWordDto, Model)
2025-12-07 10:36:24.036 DEBUG [http-nio-8081-exec-10] o.s.jdbc.datasource.DataSourceUtils - Fetching JDBC Connection from DataSource
2025-12-07 10:36:24.047 DEBUG [http-nio-8081-exec-10] c.e.n.m.M.selectStdWordList - ==>  Preparing: SELECT word_id as wordId, std_word_name as stdWordName, eng_abbr_name as engAbbrName, eng_full_name as engFullName, definition, domain_type as domainType, use_yn as useYn FROM meta_std_word ORDER BY word_id LIMIT ? OFFSET ?
2025-12-07 10:36:24.048 DEBUG [http-nio-8081-exec-10] c.e.n.m.M.selectStdWordList - ==> Parameters: 50(Integer), 0(Integer)
2025-12-07 10:36:24.062 DEBUG [http-nio-8081-exec-10] c.e.n.m.M.selectStdWordList - <==      Total: 50
2025-12-07 10:36:24.064 DEBUG [http-nio-8081-exec-10] o.s.jdbc.datasource.DataSourceUtils - Fetching JDBC Connection from DataSource
2025-12-07 10:36:24.064 DEBUG [http-nio-8081-exec-10] c.e.n.m.M.countStdWordList - ==>  Preparing: SELECT COUNT(*) FROM meta_std_word
2025-12-07 10:36:24.066 DEBUG [http-nio-8081-exec-10] c.e.n.m.M.countStdWordList - ==> Parameters: 
2025-12-07 10:36:24.076 DEBUG [http-nio-8081-exec-10] c.e.n.m.M.countStdWordList - <==      Total: 1
2025-12-07 10:36:24.079 DEBUG [http-nio-8081-exec-10] o.s.w.s.v.ContentNegotiatingViewResolver - Selected 'text/html' given [text/html, application/xhtml+xml, image/avif, image/webp, image/apng, application/xml;q=0.9, */*;q=0.8, application/signed-exchange;v=b3;q=0.7]
2025-12-07 10:36:24.094 DEBUG [http-nio-8081-exec-10] o.s.web.servlet.DispatcherServlet - Completed 200 OK
2025-12-07 10:37:37.650 DEBUG [http-nio-8081-exec-3] o.s.web.servlet.DispatcherServlet - GET "/std-word/list", parameters={}
2025-12-07 10:37:37.651 DEBUG [http-nio-8081-exec-3] o.s.w.s.m.m.a.RequestMappingHandlerMapping - Mapped to com.example.nproject.controller.MetaStdWordController#list(MetaStdWordDto, Model)
2025-12-07 10:37:37.652 DEBUG [http-nio-8081-exec-3] o.s.jdbc.datasource.DataSourceUtils - Fetching JDBC Connection from DataSource
2025-12-07 10:37:37.661 DEBUG [http-nio-8081-exec-3] c.e.n.m.M.selectStdWordList - ==>  Preparing: SELECT word_id as wordId, std_word_name as stdWordName, eng_abbr_name as engAbbrName, eng_full_name as engFullName, definition, domain_type as domainType, use_yn as useYn FROM meta_std_word ORDER BY word_id LIMIT ? OFFSET ?
2025-12-07 10:37:37.661 DEBUG [http-nio-8081-exec-3] c.e.n.m.M.selectStdWordList - ==> Parameters: 10(Integer), 0(Integer)
2025-12-07 10:37:37.671 DEBUG [http-nio-8081-exec-3] c.e.n.m.M.selectStdWordList - <==      Total: 10
2025-12-07 10:37:37.671 DEBUG [http-nio-8081-exec-3] o.s.jdbc.datasource.DataSourceUtils - Fetching JDBC Connection from DataSource
2025-12-07 10:37:37.671 DEBUG [http-nio-8081-exec-3] c.e.n.m.M.countStdWordList - ==>  Preparing: SELECT COUNT(*) FROM meta_std_word
2025-12-07 10:37:37.671 DEBUG [http-nio-8081-exec-3] c.e.n.m.M.countStdWordList - ==> Parameters: 
2025-12-07 10:37:37.681 DEBUG [http-nio-8081-exec-3] c.e.n.m.M.countStdWordList - <==      Total: 1
2025-12-07 10:37:37.682 DEBUG [http-nio-8081-exec-3] o.s.w.s.v.ContentNegotiatingViewResolver - Selected 'text/html' given [text/html, application/xhtml+xml, image/avif, image/webp, image/apng, application/xml;q=0.9, */*;q=0.8, application/signed-exchange;v=b3;q=0.7]
2025-12-07 10:37:37.719 DEBUG [http-nio-8081-exec-3] o.s.web.servlet.DispatcherServlet - Completed 200 OK
2025-12-07 10:38:30.300 INFO  [RMI TCP Connection(12)-127.0.0.1] o.s.b.a.SpringApplicationAdminMXBeanRegistrar$SpringApplicationAdmin - Application shutdown requested.
2025-12-07 10:38:30.303 INFO  [RMI TCP Connection(12)-127.0.0.1] o.a.coyote.http11.Http11NioProtocol - Stopping ProtocolHandler ["http-nio-8081"]
2025-12-07 10:38:30.319 INFO  [RMI TCP Connection(12)-127.0.0.1] com.zaxxer.hikari.HikariDataSource - HikariPool-1 - Shutdown initiated...
2025-12-07 10:38:30.351 INFO  [RMI TCP Connection(12)-127.0.0.1] com.zaxxer.hikari.HikariDataSource - HikariPool-1 - Shutdown completed.
2025-12-07 10:38:35.653 INFO  [restartedMain] c.e.nproject.NprojectApplication - Starting NprojectApplication using Java 17.0.12 with PID 6600 (C:\Dev_antigravity_git\meta_system\nproject\target\classes started by jkljkl in C:\Dev_antigravity_git\meta_system\nproject)
2025-12-07 10:38:35.655 DEBUG [restartedMain] c.e.nproject.NprojectApplication - Running with Spring Boot v3.2.0, Spring v6.1.1
2025-12-07 10:38:35.655 INFO  [restartedMain] c.e.nproject.NprojectApplication - No active profile set, falling back to 1 default profile: "default"
2025-12-07 10:38:35.697 INFO  [restartedMain] o.s.b.d.e.DevToolsPropertyDefaultsPostProcessor - Devtools property defaults active! Set 'spring.devtools.add-properties' to 'false' to disable
2025-12-07 10:38:35.697 INFO  [restartedMain] o.s.b.d.e.DevToolsPropertyDefaultsPostProcessor - For additional web related logging consider setting the 'logging.level.web' property to 'DEBUG'
2025-12-07 10:38:36.251 DEBUG [restartedMain] o.apache.ibatis.logging.LogFactory - Logging initialized using 'class org.apache.ibatis.logging.slf4j.Slf4jImpl' adapter.
2025-12-07 10:38:36.573 INFO  [restartedMain] o.s.b.w.e.tomcat.TomcatWebServer - Tomcat initialized with port 8081 (http)
2025-12-07 10:38:36.581 INFO  [restartedMain] o.a.coyote.http11.Http11NioProtocol - Initializing ProtocolHandler ["http-nio-8081"]
2025-12-07 10:38:36.582 INFO  [restartedMain] o.a.catalina.core.StandardService - Starting service [Tomcat]
2025-12-07 10:38:36.583 INFO  [restartedMain] o.a.catalina.core.StandardEngine - Starting Servlet engine: [Apache Tomcat/10.1.16]
2025-12-07 10:38:36.630 INFO  [restartedMain] o.a.c.c.C.[Tomcat].[localhost].[/] - Initializing Spring embedded WebApplicationContext
2025-12-07 10:38:36.631 INFO  [restartedMain] o.s.b.w.s.c.ServletWebServerApplicationContext - Root WebApplicationContext: initialization completed in 933 ms
2025-12-07 10:38:36.932 DEBUG [restartedMain] o.s.w.s.m.m.a.RequestMappingHandlerMapping - 10 mappings in 'requestMappingHandlerMapping'
2025-12-07 10:38:36.989 DEBUG [restartedMain] o.s.w.s.h.SimpleUrlHandlerMapping - Patterns [/webjars/**, /**] in 'resourceHandlerMapping'
2025-12-07 10:38:37.011 DEBUG [restartedMain] o.s.w.s.m.m.a.RequestMappingHandlerAdapter - ControllerAdvice beans: 0 @ModelAttribute, 0 @InitBinder, 1 RequestBodyAdvice, 1 ResponseBodyAdvice
2025-12-07 10:38:37.035 DEBUG [restartedMain] o.s.w.s.m.m.a.ExceptionHandlerExceptionResolver - ControllerAdvice beans: 0 @ExceptionHandler, 1 ResponseBodyAdvice
2025-12-07 10:38:37.151 INFO  [restartedMain] o.s.b.d.a.OptionalLiveReloadServer - LiveReload server is running on port 35729
2025-12-07 10:38:37.171 INFO  [restartedMain] o.a.coyote.http11.Http11NioProtocol - Starting ProtocolHandler ["http-nio-8081"]
2025-12-07 10:38:37.191 INFO  [restartedMain] o.s.b.w.e.tomcat.TomcatWebServer - Tomcat started on port 8081 (http) with context path ''
2025-12-07 10:38:37.200 INFO  [restartedMain] c.e.nproject.NprojectApplication - Started NprojectApplication in 1.946 seconds (process running for 2.483)
2025-12-07 10:38:43.295 INFO  [http-nio-8081-exec-1] o.a.c.c.C.[Tomcat].[localhost].[/] - Initializing Spring DispatcherServlet 'dispatcherServlet'
2025-12-07 10:38:43.295 INFO  [http-nio-8081-exec-1] o.s.web.servlet.DispatcherServlet - Initializing Servlet 'dispatcherServlet'
2025-12-07 10:38:43.295 DEBUG [http-nio-8081-exec-1] o.s.web.servlet.DispatcherServlet - Detected StandardServletMultipartResolver
2025-12-07 10:38:43.295 DEBUG [http-nio-8081-exec-1] o.s.web.servlet.DispatcherServlet - Detected AcceptHeaderLocaleResolver
2025-12-07 10:38:43.295 DEBUG [http-nio-8081-exec-1] o.s.web.servlet.DispatcherServlet - Detected FixedThemeResolver
2025-12-07 10:38:43.296 DEBUG [http-nio-8081-exec-1] o.s.web.servlet.DispatcherServlet - Detected org.springframework.web.servlet.view.DefaultRequestToViewNameTranslator@371c54e1
2025-12-07 10:38:43.296 DEBUG [http-nio-8081-exec-1] o.s.web.servlet.DispatcherServlet - Detected org.springframework.web.servlet.support.SessionFlashMapManager@765cb384
2025-12-07 10:38:43.296 DEBUG [http-nio-8081-exec-1] o.s.web.servlet.DispatcherServlet - enableLoggingRequestDetails='false': request parameters and headers will be masked to prevent unsafe logging of potentially sensitive data
2025-12-07 10:38:43.298 INFO  [http-nio-8081-exec-1] o.s.web.servlet.DispatcherServlet - Completed initialization in 3 ms
2025-12-07 10:38:43.309 DEBUG [http-nio-8081-exec-1] o.s.web.servlet.DispatcherServlet - GET "/std-word/list", parameters={}
2025-12-07 10:38:43.322 DEBUG [http-nio-8081-exec-1] o.s.w.s.m.m.a.RequestMappingHandlerMapping - Mapped to com.example.nproject.controller.MetaStdWordController#list(MetaStdWordDto, Model)
2025-12-07 10:38:43.386 DEBUG [http-nio-8081-exec-1] o.s.jdbc.datasource.DataSourceUtils - Fetching JDBC Connection from DataSource
2025-12-07 10:38:43.386 INFO  [http-nio-8081-exec-1] com.zaxxer.hikari.HikariDataSource - HikariPool-1 - Starting...
2025-12-07 10:38:43.730 INFO  [http-nio-8081-exec-1] com.zaxxer.hikari.pool.HikariPool - HikariPool-1 - Added connection org.postgresql.jdbc.PgConnection@26f4fac1
2025-12-07 10:38:43.732 INFO  [http-nio-8081-exec-1] com.zaxxer.hikari.HikariDataSource - HikariPool-1 - Start completed.
2025-12-07 10:38:43.738 DEBUG [http-nio-8081-exec-1] c.e.n.m.M.selectStdWordList - ==>  Preparing: SELECT word_id as wordId, std_word_name as stdWordName, eng_abbr_name as engAbbrName, eng_full_name as engFullName, definition, domain_type as domainType, use_yn as useYn FROM meta_std_word ORDER BY word_id LIMIT ? OFFSET ?
2025-12-07 10:38:43.752 DEBUG [http-nio-8081-exec-1] c.e.n.m.M.selectStdWordList - ==> Parameters: 10(Integer), 0(Integer)
2025-12-07 10:38:43.772 DEBUG [http-nio-8081-exec-1] c.e.n.m.M.selectStdWordList - <==      Total: 10
2025-12-07 10:38:43.779 DEBUG [http-nio-8081-exec-1] o.s.jdbc.datasource.DataSourceUtils - Fetching JDBC Connection from DataSource
2025-12-07 10:38:43.780 DEBUG [http-nio-8081-exec-1] c.e.n.m.M.countStdWordList - ==>  Preparing: SELECT COUNT(*) FROM meta_std_word
2025-12-07 10:38:43.780 DEBUG [http-nio-8081-exec-1] c.e.n.m.M.countStdWordList - ==> Parameters: 
2025-12-07 10:38:43.791 DEBUG [http-nio-8081-exec-1] c.e.n.m.M.countStdWordList - <==      Total: 1
2025-12-07 10:38:43.799 DEBUG [http-nio-8081-exec-1] o.s.w.s.v.ContentNegotiatingViewResolver - Selected 'text/html' given [text/html, application/xhtml+xml, image/avif, image/webp, image/apng, application/xml;q=0.9, */*;q=0.8, application/signed-exchange;v=b3;q=0.7]
2025-12-07 10:38:44.111 DEBUG [http-nio-8081-exec-1] o.s.web.servlet.DispatcherServlet - Completed 200 OK
2025-12-07 10:38:48.577 DEBUG [http-nio-8081-exec-2] o.s.web.servlet.DispatcherServlet - GET "/std-word/list?size=50&page=1", parameters={masked}
2025-12-07 10:38:48.577 DEBUG [http-nio-8081-exec-2] o.s.w.s.m.m.a.RequestMappingHandlerMapping - Mapped to com.example.nproject.controller.MetaStdWordController#list(MetaStdWordDto, Model)
2025-12-07 10:38:48.580 DEBUG [http-nio-8081-exec-2] o.s.jdbc.datasource.DataSourceUtils - Fetching JDBC Connection from DataSource
2025-12-07 10:38:48.589 DEBUG [http-nio-8081-exec-2] c.e.n.m.M.selectStdWordList - ==>  Preparing: SELECT word_id as wordId, std_word_name as stdWordName, eng_abbr_name as engAbbrName, eng_full_name as engFullName, definition, domain_type as domainType, use_yn as useYn FROM meta_std_word ORDER BY word_id LIMIT ? OFFSET ?
2025-12-07 10:38:48.590 DEBUG [http-nio-8081-exec-2] c.e.n.m.M.selectStdWordList - ==> Parameters: 50(Integer), 0(Integer)
2025-12-07 10:38:48.614 DEBUG [http-nio-8081-exec-2] c.e.n.m.M.selectStdWordList - <==      Total: 50
2025-12-07 10:38:48.615 DEBUG [http-nio-8081-exec-2] o.s.jdbc.datasource.DataSourceUtils - Fetching JDBC Connection from DataSource
2025-12-07 10:38:48.616 DEBUG [http-nio-8081-exec-2] c.e.n.m.M.countStdWordList - ==>  Preparing: SELECT COUNT(*) FROM meta_std_word
2025-12-07 10:38:48.616 DEBUG [http-nio-8081-exec-2] c.e.n.m.M.countStdWordList - ==> Parameters: 
2025-12-07 10:38:48.625 DEBUG [http-nio-8081-exec-2] c.e.n.m.M.countStdWordList - <==      Total: 1
2025-12-07 10:38:48.627 DEBUG [http-nio-8081-exec-2] o.s.w.s.v.ContentNegotiatingViewResolver - Selected 'text/html' given [text/html, application/xhtml+xml, image/avif, image/webp, image/apng, application/xml;q=0.9, */*;q=0.8, application/signed-exchange;v=b3;q=0.7]
2025-12-07 10:38:48.686 DEBUG [http-nio-8081-exec-2] o.s.web.servlet.DispatcherServlet - Completed 200 OK
2025-12-07 10:39:43.546 DEBUG [http-nio-8081-exec-5] o.s.web.servlet.DispatcherServlet - GET "/std-word/list?size=50&stdWordName=%EC%88%98%EC%88%98%EB%A3%8C", parameters={masked}
2025-12-07 10:39:43.546 DEBUG [http-nio-8081-exec-5] o.s.w.s.m.m.a.RequestMappingHandlerMapping - Mapped to com.example.nproject.controller.MetaStdWordController#list(MetaStdWordDto, Model)
2025-12-07 10:39:43.549 DEBUG [http-nio-8081-exec-5] o.s.jdbc.datasource.DataSourceUtils - Fetching JDBC Connection from DataSource
2025-12-07 10:39:43.560 DEBUG [http-nio-8081-exec-5] c.e.n.m.M.selectStdWordList - ==>  Preparing: SELECT word_id as wordId, std_word_name as stdWordName, eng_abbr_name as engAbbrName, eng_full_name as engFullName, definition, domain_type as domainType, use_yn as useYn FROM meta_std_word WHERE std_word_name LIKE '%' || ? || '%' ORDER BY word_id LIMIT ? OFFSET ?
2025-12-07 10:39:43.561 DEBUG [http-nio-8081-exec-5] c.e.n.m.M.selectStdWordList - ==> Parameters: 수수료(String), 50(Integer), 0(Integer)
2025-12-07 10:39:43.579 DEBUG [http-nio-8081-exec-5] c.e.n.m.M.selectStdWordList - <==      Total: 1
2025-12-07 10:39:43.580 DEBUG [http-nio-8081-exec-5] o.s.jdbc.datasource.DataSourceUtils - Fetching JDBC Connection from DataSource
2025-12-07 10:39:43.581 DEBUG [http-nio-8081-exec-5] c.e.n.m.M.countStdWordList - ==>  Preparing: SELECT COUNT(*) FROM meta_std_word WHERE std_word_name LIKE '%' || ? || '%'
2025-12-07 10:39:43.581 DEBUG [http-nio-8081-exec-5] c.e.n.m.M.countStdWordList - ==> Parameters: 수수료(String)
2025-12-07 10:39:43.590 DEBUG [http-nio-8081-exec-5] c.e.n.m.M.countStdWordList - <==      Total: 1
2025-12-07 10:39:43.592 DEBUG [http-nio-8081-exec-5] o.s.w.s.v.ContentNegotiatingViewResolver - Selected 'text/html' given [text/html, application/xhtml+xml, image/avif, image/webp, image/apng, application/xml;q=0.9, */*;q=0.8, application/signed-exchange;v=b3;q=0.7]
2025-12-07 10:39:43.606 DEBUG [http-nio-8081-exec-5] o.s.web.servlet.DispatcherServlet - Completed 200 OK
2025-12-07 10:39:48.151 DEBUG [http-nio-8081-exec-6] o.s.web.servlet.DispatcherServlet - GET "/std-word/list?size=10&stdWordName=%EC%88%98%EC%88%98%EB%A3%8C&page=1", parameters={masked}
2025-12-07 10:39:48.152 DEBUG [http-nio-8081-exec-6] o.s.w.s.m.m.a.RequestMappingHandlerMapping - Mapped to com.example.nproject.controller.MetaStdWordController#list(MetaStdWordDto, Model)
2025-12-07 10:39:48.153 DEBUG [http-nio-8081-exec-6] o.s.jdbc.datasource.DataSourceUtils - Fetching JDBC Connection from DataSource
2025-12-07 10:39:48.162 DEBUG [http-nio-8081-exec-6] c.e.n.m.M.selectStdWordList - ==>  Preparing: SELECT word_id as wordId, std_word_name as stdWordName, eng_abbr_name as engAbbrName, eng_full_name as engFullName, definition, domain_type as domainType, use_yn as useYn FROM meta_std_word WHERE std_word_name LIKE '%' || ? || '%' ORDER BY word_id LIMIT ? OFFSET ?
2025-12-07 10:39:48.163 DEBUG [http-nio-8081-exec-6] c.e.n.m.M.selectStdWordList - ==> Parameters: 수수료(String), 10(Integer), 0(Integer)
2025-12-07 10:39:48.174 DEBUG [http-nio-8081-exec-6] c.e.n.m.M.selectStdWordList - <==      Total: 1
2025-12-07 10:39:48.174 DEBUG [http-nio-8081-exec-6] o.s.jdbc.datasource.DataSourceUtils - Fetching JDBC Connection from DataSource
2025-12-07 10:39:48.175 DEBUG [http-nio-8081-exec-6] c.e.n.m.M.countStdWordList - ==>  Preparing: SELECT COUNT(*) FROM meta_std_word WHERE std_word_name LIKE '%' || ? || '%'
2025-12-07 10:39:48.175 DEBUG [http-nio-8081-exec-6] c.e.n.m.M.countStdWordList - ==> Parameters: 수수료(String)
2025-12-07 10:39:48.185 DEBUG [http-nio-8081-exec-6] c.e.n.m.M.countStdWordList - <==      Total: 1
2025-12-07 10:39:48.186 DEBUG [http-nio-8081-exec-6] o.s.w.s.v.ContentNegotiatingViewResolver - Selected 'text/html' given [text/html, application/xhtml+xml, image/avif, image/webp, image/apng, application/xml;q=0.9, */*;q=0.8, application/signed-exchange;v=b3;q=0.7]
2025-12-07 10:39:48.197 DEBUG [http-nio-8081-exec-6] o.s.web.servlet.DispatcherServlet - Completed 200 OK
2025-12-07 10:42:36.432 DEBUG [http-nio-8081-exec-9] o.s.web.servlet.DispatcherServlet - GET "/std-word/list", parameters={}
2025-12-07 10:42:36.434 DEBUG [http-nio-8081-exec-9] o.s.w.s.m.m.a.RequestMappingHandlerMapping - Mapped to com.example.nproject.controller.MetaStdWordController#list(MetaStdWordDto, Model)
2025-12-07 10:42:36.435 DEBUG [http-nio-8081-exec-9] o.s.jdbc.datasource.DataSourceUtils - Fetching JDBC Connection from DataSource
2025-12-07 10:42:36.468 DEBUG [http-nio-8081-exec-9] c.e.n.m.M.selectStdWordList - ==>  Preparing: SELECT word_id as wordId, std_word_name as stdWordName, eng_abbr_name as engAbbrName, eng_full_name as engFullName, definition, domain_type as domainType, use_yn as useYn FROM meta_std_word ORDER BY word_id LIMIT ? OFFSET ?
2025-12-07 10:42:36.469 DEBUG [http-nio-8081-exec-9] c.e.n.m.M.selectStdWordList - ==> Parameters: 10(Integer), 0(Integer)
2025-12-07 10:42:36.482 DEBUG [http-nio-8081-exec-9] c.e.n.m.M.selectStdWordList - <==      Total: 10
2025-12-07 10:42:36.483 DEBUG [http-nio-8081-exec-9] o.s.jdbc.datasource.DataSourceUtils - Fetching JDBC Connection from DataSource
2025-12-07 10:42:36.483 DEBUG [http-nio-8081-exec-9] c.e.n.m.M.countStdWordList - ==>  Preparing: SELECT COUNT(*) FROM meta_std_word
2025-12-07 10:42:36.483 DEBUG [http-nio-8081-exec-9] c.e.n.m.M.countStdWordList - ==> Parameters: 
2025-12-07 10:42:36.493 DEBUG [http-nio-8081-exec-9] c.e.n.m.M.countStdWordList - <==      Total: 1
2025-12-07 10:42:36.495 DEBUG [http-nio-8081-exec-9] o.s.w.s.v.ContentNegotiatingViewResolver - Selected 'text/html' given [text/html, application/xhtml+xml, image/avif, image/webp, image/apng, application/xml;q=0.9, */*;q=0.8, application/signed-exchange;v=b3;q=0.7]
2025-12-07 10:42:36.508 DEBUG [http-nio-8081-exec-9] o.s.web.servlet.DispatcherServlet - Completed 200 OK
2025-12-07 12:58:21.350 WARN  [HikariPool-1 housekeeper] com.zaxxer.hikari.pool.HikariPool - HikariPool-1 - Thread starvation or clock leap detected (housekeeper delta=2h15m7s436ms33µs700ns).
2025-12-07 14:55:13.900 INFO  [RMI TCP Connection(133)-127.0.0.1] o.s.b.a.SpringApplicationAdminMXBeanRegistrar$SpringApplicationAdmin - Application shutdown requested.
2025-12-07 14:55:13.906 INFO  [RMI TCP Connection(133)-127.0.0.1] o.a.coyote.http11.Http11NioProtocol - Stopping ProtocolHandler ["http-nio-8081"]
2025-12-07 14:55:13.922 INFO  [RMI TCP Connection(133)-127.0.0.1] com.zaxxer.hikari.HikariDataSource - HikariPool-1 - Shutdown initiated...
2025-12-07 14:55:13.927 INFO  [RMI TCP Connection(133)-127.0.0.1] com.zaxxer.hikari.HikariDataSource - HikariPool-1 - Shutdown completed.
2025-12-07 18:16:02.974 INFO  [main] c.e.n.NprojectApplicationTests - Starting NprojectApplicationTests using Java 17.0.12 with PID 10732 (started by jkljkl in C:\Dev_antigravity_git\meta_system\nproject)
2025-12-07 18:16:02.975 DEBUG [main] c.e.n.NprojectApplicationTests - Running with Spring Boot v3.2.0, Spring v6.1.1
2025-12-07 18:16:02.976 INFO  [main] c.e.n.NprojectApplicationTests - No active profile set, falling back to 1 default profile: "default"
2025-12-07 18:16:03.006 DEBUG [main] o.s.w.c.s.GenericWebApplicationContext - Refreshing org.springframework.web.context.support.GenericWebApplicationContext@408a247c
2025-12-07 18:16:03.747 DEBUG [main] o.apache.ibatis.logging.LogFactory - Logging initialized using 'class org.apache.ibatis.logging.slf4j.Slf4jImpl' adapter.
2025-12-07 18:16:04.506 DEBUG [main] o.s.w.s.m.m.a.RequestMappingHandlerMapping - 10 mappings in 'requestMappingHandlerMapping'
2025-12-07 18:16:04.598 DEBUG [main] o.s.w.s.h.SimpleUrlHandlerMapping - Patterns [/webjars/**, /**] in 'resourceHandlerMapping'
2025-12-07 18:16:04.632 DEBUG [main] o.s.w.s.m.m.a.RequestMappingHandlerAdapter - ControllerAdvice beans: 0 @ModelAttribute, 0 @InitBinder, 1 RequestBodyAdvice, 1 ResponseBodyAdvice
2025-12-07 18:16:04.674 DEBUG [main] o.s.w.s.m.m.a.ExceptionHandlerExceptionResolver - ControllerAdvice beans: 0 @ExceptionHandler, 1 ResponseBodyAdvice
2025-12-07 18:16:04.805 INFO  [main] c.e.n.NprojectApplicationTests - Started NprojectApplicationTests in 2.182 seconds (process running for 3.189)
2025-12-07 18:16:05.780 DEBUG [SpringApplicationShutdownHook] o.s.w.c.s.GenericWebApplicationContext - Closing org.springframework.web.context.support.GenericWebApplicationContext@408a247c, started on Sun Dec 07 18:16:03 KST 2025
2025-12-07 18:17:57.096 INFO  [main] c.e.n.NprojectApplicationTests - Starting NprojectApplicationTests using Java 17.0.12 with PID 11224 (started by jkljkl in C:\Dev_antigravity_git\meta_system\nproject)
2025-12-07 18:17:57.097 DEBUG [main] c.e.n.NprojectApplicationTests - Running with Spring Boot v3.2.0, Spring v6.1.1
2025-12-07 18:17:57.098 INFO  [main] c.e.n.NprojectApplicationTests - No active profile set, falling back to 1 default profile: "default"
2025-12-07 18:17:57.127 DEBUG [main] o.s.w.c.s.GenericWebApplicationContext - Refreshing org.springframework.web.context.support.GenericWebApplicationContext@408a247c
2025-12-07 18:17:57.813 DEBUG [main] o.apache.ibatis.logging.LogFactory - Logging initialized using 'class org.apache.ibatis.logging.slf4j.Slf4jImpl' adapter.
2025-12-07 18:17:58.477 DEBUG [main] o.s.w.s.m.m.a.RequestMappingHandlerMapping - 10 mappings in 'requestMappingHandlerMapping'
2025-12-07 18:17:58.557 DEBUG [main] o.s.w.s.h.SimpleUrlHandlerMapping - Patterns [/webjars/**, /**] in 'resourceHandlerMapping'
2025-12-07 18:17:58.584 DEBUG [main] o.s.w.s.m.m.a.RequestMappingHandlerAdapter - ControllerAdvice beans: 0 @ModelAttribute, 0 @InitBinder, 1 RequestBodyAdvice, 1 ResponseBodyAdvice
2025-12-07 18:17:58.624 DEBUG [main] o.s.w.s.m.m.a.ExceptionHandlerExceptionResolver - ControllerAdvice beans: 0 @ExceptionHandler, 1 ResponseBodyAdvice
2025-12-07 18:17:58.748 INFO  [main] c.e.n.NprojectApplicationTests - Started NprojectApplicationTests in 2.035 seconds (process running for 2.955)
2025-12-07 18:17:59.707 DEBUG [SpringApplicationShutdownHook] o.s.w.c.s.GenericWebApplicationContext - Closing org.springframework.web.context.support.GenericWebApplicationContext@408a247c, started on Sun Dec 07 18:17:57 KST 2025
2025-12-07 18:57:52.024 INFO  [restartedMain] c.e.nproject.NprojectApplication - Starting NprojectApplication using Java 17.0.12 with PID 19492 (C:\Dev_antigravity_git\meta_system\nproject\target\classes started by jkljkl in C:\Dev_antigravity_git\meta_system\nproject)
2025-12-07 18:57:52.026 DEBUG [restartedMain] c.e.nproject.NprojectApplication - Running with Spring Boot v3.2.0, Spring v6.1.1
2025-12-07 18:57:52.027 INFO  [restartedMain] c.e.nproject.NprojectApplication - No active profile set, falling back to 1 default profile: "default"
2025-12-07 18:57:52.070 INFO  [restartedMain] o.s.b.d.e.DevToolsPropertyDefaultsPostProcessor - Devtools property defaults active! Set 'spring.devtools.add-properties' to 'false' to disable
2025-12-07 18:57:52.071 INFO  [restartedMain] o.s.b.d.e.DevToolsPropertyDefaultsPostProcessor - For additional web related logging consider setting the 'logging.level.web' property to 'DEBUG'
2025-12-07 18:57:52.619 DEBUG [restartedMain] o.apache.ibatis.logging.LogFactory - Logging initialized using 'class org.apache.ibatis.logging.slf4j.Slf4jImpl' adapter.
2025-12-07 18:57:52.938 INFO  [restartedMain] o.s.b.w.e.tomcat.TomcatWebServer - Tomcat initialized with port 8081 (http)
2025-12-07 18:57:52.946 INFO  [restartedMain] o.a.coyote.http11.Http11NioProtocol - Initializing ProtocolHandler ["http-nio-8081"]
2025-12-07 18:57:52.948 INFO  [restartedMain] o.a.catalina.core.StandardService - Starting service [Tomcat]
2025-12-07 18:57:52.948 INFO  [restartedMain] o.a.catalina.core.StandardEngine - Starting Servlet engine: [Apache Tomcat/10.1.16]
2025-12-07 18:57:52.991 INFO  [restartedMain] o.a.c.c.C.[Tomcat].[localhost].[/] - Initializing Spring embedded WebApplicationContext
2025-12-07 18:57:52.991 INFO  [restartedMain] o.s.b.w.s.c.ServletWebServerApplicationContext - Root WebApplicationContext: initialization completed in 920 ms
2025-12-07 18:57:53.301 DEBUG [restartedMain] o.s.w.s.m.m.a.RequestMappingHandlerMapping - 10 mappings in 'requestMappingHandlerMapping'
2025-12-07 18:57:53.357 DEBUG [restartedMain] o.s.w.s.h.SimpleUrlHandlerMapping - Patterns [/webjars/**, /**] in 'resourceHandlerMapping'
2025-12-07 18:57:53.378 DEBUG [restartedMain] o.s.w.s.m.m.a.RequestMappingHandlerAdapter - ControllerAdvice beans: 0 @ModelAttribute, 0 @InitBinder, 1 RequestBodyAdvice, 1 ResponseBodyAdvice
2025-12-07 18:57:53.404 DEBUG [restartedMain] o.s.w.s.m.m.a.ExceptionHandlerExceptionResolver - ControllerAdvice beans: 0 @ExceptionHandler, 1 ResponseBodyAdvice
2025-12-07 18:57:53.502 INFO  [restartedMain] o.s.b.d.a.OptionalLiveReloadServer - LiveReload server is running on port 35729
2025-12-07 18:57:53.519 INFO  [restartedMain] o.a.coyote.http11.Http11NioProtocol - Starting ProtocolHandler ["http-nio-8081"]
2025-12-07 18:57:53.541 INFO  [restartedMain] o.s.b.w.e.tomcat.TomcatWebServer - Tomcat started on port 8081 (http) with context path ''
2025-12-07 18:57:53.552 INFO  [restartedMain] c.e.nproject.NprojectApplication - Started NprojectApplication in 1.971 seconds (process running for 2.558)
2025-12-07 19:00:16.770 INFO  [http-nio-8081-exec-1] o.a.c.c.C.[Tomcat].[localhost].[/] - Initializing Spring DispatcherServlet 'dispatcherServlet'
2025-12-07 19:00:16.770 INFO  [http-nio-8081-exec-1] o.s.web.servlet.DispatcherServlet - Initializing Servlet 'dispatcherServlet'
2025-12-07 19:00:16.771 DEBUG [http-nio-8081-exec-1] o.s.web.servlet.DispatcherServlet - Detected StandardServletMultipartResolver
2025-12-07 19:00:16.771 DEBUG [http-nio-8081-exec-1] o.s.web.servlet.DispatcherServlet - Detected AcceptHeaderLocaleResolver
2025-12-07 19:00:16.771 DEBUG [http-nio-8081-exec-1] o.s.web.servlet.DispatcherServlet - Detected FixedThemeResolver
2025-12-07 19:00:16.772 DEBUG [http-nio-8081-exec-1] o.s.web.servlet.DispatcherServlet - Detected org.springframework.web.servlet.view.DefaultRequestToViewNameTranslator@32da9bac
2025-12-07 19:00:16.772 DEBUG [http-nio-8081-exec-1] o.s.web.servlet.DispatcherServlet - Detected org.springframework.web.servlet.support.SessionFlashMapManager@29cafa39
2025-12-07 19:00:16.773 DEBUG [http-nio-8081-exec-1] o.s.web.servlet.DispatcherServlet - enableLoggingRequestDetails='false': request parameters and headers will be masked to prevent unsafe logging of potentially sensitive data
2025-12-07 19:00:16.773 INFO  [http-nio-8081-exec-1] o.s.web.servlet.DispatcherServlet - Completed initialization in 2 ms
2025-12-07 19:00:16.798 DEBUG [http-nio-8081-exec-1] o.s.web.servlet.DispatcherServlet - GET "/sample/jdbc", parameters={}
2025-12-07 19:00:16.824 DEBUG [http-nio-8081-exec-1] o.s.w.s.m.m.a.RequestMappingHandlerMapping - Mapped to com.example.nproject.controller.SampleJdbcController#testConnection()
2025-12-07 19:00:16.842 INFO  [http-nio-8081-exec-1] c.e.n.c.SampleJdbcController - === Starting Supabase DB Connection Test ===
2025-12-07 19:00:16.843 DEBUG [http-nio-8081-exec-1] c.e.n.c.SampleJdbcController - Calling sampleMapper.selectVersion()
2025-12-07 19:00:16.877 DEBUG [http-nio-8081-exec-1] o.s.jdbc.datasource.DataSourceUtils - Fetching JDBC Connection from DataSource
2025-12-07 19:00:16.879 INFO  [http-nio-8081-exec-1] com.zaxxer.hikari.HikariDataSource - HikariPool-1 - Starting...
2025-12-07 19:00:17.597 INFO  [http-nio-8081-exec-1] com.zaxxer.hikari.pool.HikariPool - HikariPool-1 - Added connection org.postgresql.jdbc.PgConnection@dbe3944
2025-12-07 19:00:17.602 INFO  [http-nio-8081-exec-1] com.zaxxer.hikari.HikariDataSource - HikariPool-1 - Start completed.
2025-12-07 19:00:17.623 DEBUG [http-nio-8081-exec-1] c.e.n.m.SampleMapper.selectVersion - ==>  Preparing: SELECT id,name from public.users2
2025-12-07 19:00:17.657 DEBUG [http-nio-8081-exec-1] c.e.n.m.SampleMapper.selectVersion - ==> Parameters: 
2025-12-07 19:00:17.725 DEBUG [http-nio-8081-exec-1] c.e.n.m.SampleMapper.selectVersion - <==      Total: 0
2025-12-07 19:00:17.743 INFO  [http-nio-8081-exec-1] c.e.n.c.SampleJdbcController - ✓ Successfully connected to Supabase DB
2025-12-07 19:00:17.744 INFO  [http-nio-8081-exec-1] c.e.n.c.SampleJdbcController - Query result: null
2025-12-07 19:00:17.744 INFO  [http-nio-8081-exec-1] c.e.n.c.SampleJdbcController - === Supabase DB Connection Test Completed ===
2025-12-07 19:00:17.797 DEBUG [http-nio-8081-exec-1] o.s.w.s.m.m.a.RequestResponseBodyMethodProcessor - Using 'application/json;q=0.8', given [text/html, application/xhtml+xml, image/avif, image/webp, image/apng, application/xml;q=0.9, */*;q=0.8, application/signed-exchange;v=b3;q=0.7] and supported [application/json, application/*+json]
2025-12-07 19:00:17.803 DEBUG [http-nio-8081-exec-1] o.s.w.s.m.m.a.RequestResponseBodyMethodProcessor - Writing [{data=null, message=Supabase DB Connection Success!!, status=success, timestamp=2025-12-07T19:00:17. (truncated)...]
2025-12-07 19:00:17.855 DEBUG [http-nio-8081-exec-1] o.s.web.servlet.DispatcherServlet - Completed 200 OK
2025-12-07 19:00:17.945 DEBUG [http-nio-8081-exec-2] o.s.web.servlet.DispatcherServlet - GET "/favicon.ico", parameters={}
2025-12-07 19:00:17.952 DEBUG [http-nio-8081-exec-2] o.s.w.s.h.SimpleUrlHandlerMapping - Mapped to ResourceHttpRequestHandler [classpath [META-INF/resources/], classpath [resources/], classpath [static/], classpath [public/], ServletContext [/]]
2025-12-07 19:00:17.959 DEBUG [http-nio-8081-exec-2] o.s.w.s.r.ResourceHttpRequestHandler - Resource not found
2025-12-07 19:00:17.964 DEBUG [http-nio-8081-exec-2] o.s.w.s.m.s.DefaultHandlerExceptionResolver - Resolved [org.springframework.web.servlet.resource.NoResourceFoundException: No static resource favicon.ico.]
2025-12-07 19:00:17.964 DEBUG [http-nio-8081-exec-2] o.s.web.servlet.DispatcherServlet - Completed 404 NOT_FOUND
2025-12-07 19:00:17.973 DEBUG [http-nio-8081-exec-2] o.s.web.servlet.DispatcherServlet - "ERROR" dispatch for GET "/error", parameters={}
2025-12-07 19:00:17.975 DEBUG [http-nio-8081-exec-2] o.s.w.s.m.m.a.RequestMappingHandlerMapping - Mapped to org.springframework.boot.autoconfigure.web.servlet.error.BasicErrorController#error(HttpServletRequest)
2025-12-07 19:00:17.990 DEBUG [http-nio-8081-exec-2] o.s.w.s.m.m.a.HttpEntityMethodProcessor - Using 'application/json;q=0.8', given [image/avif, image/webp, image/apng, image/svg+xml, image/*, */*;q=0.8] and supported [application/json, application/*+json]
2025-12-07 19:00:17.992 DEBUG [http-nio-8081-exec-2] o.s.w.s.m.m.a.HttpEntityMethodProcessor - Writing [{timestamp=Sun Dec 07 19:00:17 KST 2025, status=404, error=Not Found, trace=org.springframework.web. (truncated)...]
2025-12-07 19:00:18.036 DEBUG [http-nio-8081-exec-2] o.s.web.servlet.DispatcherServlet - Exiting from "ERROR" dispatch, status 404
2025-12-07 19:00:24.778 DEBUG [http-nio-8081-exec-3] o.s.web.servlet.DispatcherServlet - GET "/std-word/list", parameters={}
2025-12-07 19:00:24.778 DEBUG [http-nio-8081-exec-3] o.s.w.s.m.m.a.RequestMappingHandlerMapping - Mapped to com.example.nproject.controller.MetaStdWordController#list(MetaStdWordDto, Model)
2025-12-07 19:00:24.861 DEBUG [http-nio-8081-exec-3] o.s.jdbc.datasource.DataSourceUtils - Fetching JDBC Connection from DataSource
2025-12-07 19:00:24.872 DEBUG [http-nio-8081-exec-3] c.e.n.m.M.selectStdWordList - ==>  Preparing: SELECT word_id as wordId, std_word_name as stdWordName, eng_abbr_name as engAbbrName, eng_full_name as engFullName, definition, domain_type as domainType, use_yn as useYn FROM meta_std_word ORDER BY word_id LIMIT ? OFFSET ?
2025-12-07 19:00:24.875 DEBUG [http-nio-8081-exec-3] c.e.n.m.M.selectStdWordList - ==> Parameters: 10(Integer), 0(Integer)
2025-12-07 19:00:24.911 DEBUG [http-nio-8081-exec-3] c.e.n.m.M.selectStdWordList - <==      Total: 10
2025-12-07 19:00:24.911 DEBUG [http-nio-8081-exec-3] o.s.jdbc.datasource.DataSourceUtils - Fetching JDBC Connection from DataSource
2025-12-07 19:00:24.911 DEBUG [http-nio-8081-exec-3] c.e.n.m.M.countStdWordList - ==>  Preparing: SELECT COUNT(*) FROM meta_std_word
2025-12-07 19:00:24.911 DEBUG [http-nio-8081-exec-3] c.e.n.m.M.countStdWordList - ==> Parameters: 
2025-12-07 19:00:24.942 DEBUG [http-nio-8081-exec-3] c.e.n.m.M.countStdWordList - <==      Total: 1
2025-12-07 19:00:24.954 DEBUG [http-nio-8081-exec-3] o.s.w.s.v.ContentNegotiatingViewResolver - Selected 'text/html' given [text/html, application/xhtml+xml, image/avif, image/webp, image/apng, application/xml;q=0.9, */*;q=0.8, application/signed-exchange;v=b3;q=0.7]
2025-12-07 19:00:25.704 DEBUG [http-nio-8081-exec-3] o.s.web.servlet.DispatcherServlet - Completed 200 OK
2025-12-07 19:00:34.078 DEBUG [http-nio-8081-exec-4] o.s.web.servlet.DispatcherServlet - GET "/std-word/list?size=10&stdWordName=%EB%B3%80%EA%B2%BD", parameters={masked}
2025-12-07 19:00:34.078 DEBUG [http-nio-8081-exec-4] o.s.w.s.m.m.a.RequestMappingHandlerMapping - Mapped to com.example.nproject.controller.MetaStdWordController#list(MetaStdWordDto, Model)
2025-12-07 19:00:34.081 DEBUG [http-nio-8081-exec-4] o.s.jdbc.datasource.DataSourceUtils - Fetching JDBC Connection from DataSource
2025-12-07 19:00:34.117 DEBUG [http-nio-8081-exec-4] c.e.n.m.M.selectStdWordList - ==>  Preparing: SELECT word_id as wordId, std_word_name as stdWordName, eng_abbr_name as engAbbrName, eng_full_name as engFullName, definition, domain_type as domainType, use_yn as useYn FROM meta_std_word WHERE std_word_name LIKE '%' || ? || '%' ORDER BY word_id LIMIT ? OFFSET ?
2025-12-07 19:00:34.118 DEBUG [http-nio-8081-exec-4] c.e.n.m.M.selectStdWordList - ==> Parameters: 변경(String), 10(Integer), 0(Integer)
2025-12-07 19:00:34.137 DEBUG [http-nio-8081-exec-4] c.e.n.m.M.selectStdWordList - <==      Total: 1
2025-12-07 19:00:34.138 DEBUG [http-nio-8081-exec-4] o.s.jdbc.datasource.DataSourceUtils - Fetching JDBC Connection from DataSource
2025-12-07 19:00:34.139 DEBUG [http-nio-8081-exec-4] c.e.n.m.M.countStdWordList - ==>  Preparing: SELECT COUNT(*) FROM meta_std_word WHERE std_word_name LIKE '%' || ? || '%'
2025-12-07 19:00:34.139 DEBUG [http-nio-8081-exec-4] c.e.n.m.M.countStdWordList - ==> Parameters: 변경(String)
2025-12-07 19:00:34.147 DEBUG [http-nio-8081-exec-4] c.e.n.m.M.countStdWordList - <==      Total: 1
2025-12-07 19:00:34.150 DEBUG [http-nio-8081-exec-4] o.s.w.s.v.ContentNegotiatingViewResolver - Selected 'text/html' given [text/html, application/xhtml+xml, image/avif, image/webp, image/apng, application/xml;q=0.9, */*;q=0.8, application/signed-exchange;v=b3;q=0.7]
2025-12-07 19:00:34.169 DEBUG [http-nio-8081-exec-4] o.s.web.servlet.DispatcherServlet - Completed 200 OK
2025-12-07 19:00:45.746 DEBUG [http-nio-8081-exec-5] o.s.web.servlet.DispatcherServlet - GET "/std-word/list", parameters={}
2025-12-07 19:00:45.747 DEBUG [http-nio-8081-exec-5] o.s.w.s.m.m.a.RequestMappingHandlerMapping - Mapped to com.example.nproject.controller.MetaStdWordController#list(MetaStdWordDto, Model)
2025-12-07 19:00:45.748 DEBUG [http-nio-8081-exec-5] o.s.jdbc.datasource.DataSourceUtils - Fetching JDBC Connection from DataSource
2025-12-07 19:00:45.759 DEBUG [http-nio-8081-exec-5] c.e.n.m.M.selectStdWordList - ==>  Preparing: SELECT word_id as wordId, std_word_name as stdWordName, eng_abbr_name as engAbbrName, eng_full_name as engFullName, definition, domain_type as domainType, use_yn as useYn FROM meta_std_word ORDER BY word_id LIMIT ? OFFSET ?
2025-12-07 19:00:45.759 DEBUG [http-nio-8081-exec-5] c.e.n.m.M.selectStdWordList - ==> Parameters: 10(Integer), 0(Integer)
2025-12-07 19:00:45.768 DEBUG [http-nio-8081-exec-5] c.e.n.m.M.selectStdWordList - <==      Total: 10
2025-12-07 19:00:45.770 DEBUG [http-nio-8081-exec-5] o.s.jdbc.datasource.DataSourceUtils - Fetching JDBC Connection from DataSource
2025-12-07 19:00:45.770 DEBUG [http-nio-8081-exec-5] c.e.n.m.M.countStdWordList - ==>  Preparing: SELECT COUNT(*) FROM meta_std_word
2025-12-07 19:00:45.770 DEBUG [http-nio-8081-exec-5] c.e.n.m.M.countStdWordList - ==> Parameters: 
2025-12-07 19:00:45.777 DEBUG [http-nio-8081-exec-5] c.e.n.m.M.countStdWordList - <==      Total: 1
2025-12-07 19:00:45.779 DEBUG [http-nio-8081-exec-5] o.s.w.s.v.ContentNegotiatingViewResolver - Selected 'text/html' given [text/html, application/xhtml+xml, image/avif, image/webp, image/apng, application/xml;q=0.9, */*;q=0.8, application/signed-exchange;v=b3;q=0.7]
2025-12-07 19:00:45.805 DEBUG [http-nio-8081-exec-5] o.s.web.servlet.DispatcherServlet - Completed 200 OK
2025-12-07 19:08:29.064 DEBUG [http-nio-8081-exec-8] o.s.web.servlet.DispatcherServlet - GET "/", parameters={}
2025-12-07 19:08:29.065 DEBUG [http-nio-8081-exec-8] o.s.w.s.m.m.a.RequestMappingHandlerMapping - Mapped to com.example.nproject.controller.HelloController#hello()
2025-12-07 19:08:29.067 DEBUG [http-nio-8081-exec-8] o.s.w.s.m.m.a.RequestResponseBodyMethodProcessor - Using 'text/html', given [text/html, application/xhtml+xml, image/avif, image/webp, image/apng, application/xml;q=0.9, */*;q=0.8, application/signed-exchange;v=b3;q=0.7] and supported [text/plain, */*, application/json, application/*+json]
2025-12-07 19:08:29.067 DEBUG [http-nio-8081-exec-8] o.s.w.s.m.m.a.RequestResponseBodyMethodProcessor - Writing ["hello world"]
2025-12-07 19:08:29.069 DEBUG [http-nio-8081-exec-8] o.s.web.servlet.DispatcherServlet - Completed 200 OK
2025-12-07 19:09:15.561 DEBUG [http-nio-8081-exec-9] o.s.web.servlet.DispatcherServlet - GET "/std-word/list", parameters={}
2025-12-07 19:09:15.562 DEBUG [http-nio-8081-exec-9] o.s.w.s.m.m.a.RequestMappingHandlerMapping - Mapped to com.example.nproject.controller.MetaStdWordController#list(MetaStdWordDto, Model)
2025-12-07 19:09:15.563 DEBUG [http-nio-8081-exec-9] o.s.jdbc.datasource.DataSourceUtils - Fetching JDBC Connection from DataSource
2025-12-07 19:09:15.575 DEBUG [http-nio-8081-exec-9] c.e.n.m.M.selectStdWordList - ==>  Preparing: SELECT word_id as wordId, std_word_name as stdWordName, eng_abbr_name as engAbbrName, eng_full_name as engFullName, definition, domain_type as domainType, use_yn as useYn FROM meta_std_word ORDER BY word_id LIMIT ? OFFSET ?
2025-12-07 19:09:15.575 DEBUG [http-nio-8081-exec-9] c.e.n.m.M.selectStdWordList - ==> Parameters: 10(Integer), 0(Integer)
2025-12-07 19:09:15.584 DEBUG [http-nio-8081-exec-9] c.e.n.m.M.selectStdWordList - <==      Total: 10
2025-12-07 19:09:15.585 DEBUG [http-nio-8081-exec-9] o.s.jdbc.datasource.DataSourceUtils - Fetching JDBC Connection from DataSource
2025-12-07 19:09:15.585 DEBUG [http-nio-8081-exec-9] c.e.n.m.M.countStdWordList - ==>  Preparing: SELECT COUNT(*) FROM meta_std_word
2025-12-07 19:09:15.585 DEBUG [http-nio-8081-exec-9] c.e.n.m.M.countStdWordList - ==> Parameters: 
2025-12-07 19:09:15.593 DEBUG [http-nio-8081-exec-9] c.e.n.m.M.countStdWordList - <==      Total: 1
2025-12-07 19:09:15.596 DEBUG [http-nio-8081-exec-9] o.s.w.s.v.ContentNegotiatingViewResolver - Selected 'text/html' given [text/html, application/xhtml+xml, image/avif, image/webp, image/apng, application/xml;q=0.9, */*;q=0.8, application/signed-exchange;v=b3;q=0.7]
2025-12-07 19:09:15.618 DEBUG [http-nio-8081-exec-9] o.s.web.servlet.DispatcherServlet - Completed 200 OK
2025-12-07 19:09:32.040 INFO  [RMI TCP Connection(22)-127.0.0.1] o.s.b.a.SpringApplicationAdminMXBeanRegistrar$SpringApplicationAdmin - Application shutdown requested.
2025-12-07 19:09:32.045 INFO  [RMI TCP Connection(22)-127.0.0.1] o.a.coyote.http11.Http11NioProtocol - Stopping ProtocolHandler ["http-nio-8081"]
2025-12-07 19:09:32.079 INFO  [RMI TCP Connection(22)-127.0.0.1] com.zaxxer.hikari.HikariDataSource - HikariPool-1 - Shutdown initiated...
2025-12-07 19:09:32.100 INFO  [RMI TCP Connection(22)-127.0.0.1] com.zaxxer.hikari.HikariDataSource - HikariPool-1 - Shutdown completed.
2025-12-07 19:13:34.679 INFO  [main] c.e.n.NprojectApplicationTests - Starting NprojectApplicationTests using Java 17.0.12 with PID 15720 (started by jkljkl in C:\Dev_antigravity_git\meta_system\nproject)
2025-12-07 19:13:34.680 DEBUG [main] c.e.n.NprojectApplicationTests - Running with Spring Boot v3.2.0, Spring v6.1.1
2025-12-07 19:13:34.681 INFO  [main] c.e.n.NprojectApplicationTests - No active profile set, falling back to 1 default profile: "default"
2025-12-07 19:13:34.713 DEBUG [main] o.s.w.c.s.GenericWebApplicationContext - Refreshing org.springframework.web.context.support.GenericWebApplicationContext@408a247c
2025-12-07 19:13:35.436 DEBUG [main] o.apache.ibatis.logging.LogFactory - Logging initialized using 'class org.apache.ibatis.logging.slf4j.Slf4jImpl' adapter.
2025-12-07 19:13:36.097 DEBUG [main] o.s.w.s.m.m.a.RequestMappingHandlerMapping - 10 mappings in 'requestMappingHandlerMapping'
2025-12-07 19:13:36.178 DEBUG [main] o.s.w.s.h.SimpleUrlHandlerMapping - Patterns [/webjars/**, /**] in 'resourceHandlerMapping'
2025-12-07 19:13:36.214 DEBUG [main] o.s.w.s.m.m.a.RequestMappingHandlerAdapter - ControllerAdvice beans: 0 @ModelAttribute, 0 @InitBinder, 1 RequestBodyAdvice, 1 ResponseBodyAdvice
2025-12-07 19:13:36.254 DEBUG [main] o.s.w.s.m.m.a.ExceptionHandlerExceptionResolver - ControllerAdvice beans: 0 @ExceptionHandler, 1 ResponseBodyAdvice
2025-12-07 19:13:36.392 INFO  [main] c.e.n.NprojectApplicationTests - Started NprojectApplicationTests in 2.097 seconds (process running for 3.002)
2025-12-07 19:13:37.394 DEBUG [SpringApplicationShutdownHook] o.s.w.c.s.GenericWebApplicationContext - Closing org.springframework.web.context.support.GenericWebApplicationContext@408a247c, started on Sun Dec 07 19:13:34 KST 2025
2025-12-07 19:28:27.085 INFO  [restartedMain] c.e.nproject.NprojectApplication - Starting NprojectApplication using Java 17.0.12 with PID 14664 (C:\Dev_antigravity_git\meta_system\nproject\target\classes started by jkljkl in C:\Dev_antigravity_git\meta_system\nproject)
2025-12-07 19:28:27.087 DEBUG [restartedMain] c.e.nproject.NprojectApplication - Running with Spring Boot v3.2.0, Spring v6.1.1
2025-12-07 19:28:27.087 INFO  [restartedMain] c.e.nproject.NprojectApplication - No active profile set, falling back to 1 default profile: "default"
2025-12-07 19:28:27.136 INFO  [restartedMain] o.s.b.d.e.DevToolsPropertyDefaultsPostProcessor - Devtools property defaults active! Set 'spring.devtools.add-properties' to 'false' to disable
2025-12-07 19:28:27.136 INFO  [restartedMain] o.s.b.d.e.DevToolsPropertyDefaultsPostProcessor - For additional web related logging consider setting the 'logging.level.web' property to 'DEBUG'
2025-12-07 19:28:27.702 DEBUG [restartedMain] o.apache.ibatis.logging.LogFactory - Logging initialized using 'class org.apache.ibatis.logging.slf4j.Slf4jImpl' adapter.
2025-12-07 19:28:28.017 INFO  [restartedMain] o.s.b.w.e.tomcat.TomcatWebServer - Tomcat initialized with port 8081 (http)
2025-12-07 19:28:28.023 INFO  [restartedMain] o.a.coyote.http11.Http11NioProtocol - Initializing ProtocolHandler ["http-nio-8081"]
2025-12-07 19:28:28.026 INFO  [restartedMain] o.a.catalina.core.StandardService - Starting service [Tomcat]
2025-12-07 19:28:28.026 INFO  [restartedMain] o.a.catalina.core.StandardEngine - Starting Servlet engine: [Apache Tomcat/10.1.16]
2025-12-07 19:28:28.069 INFO  [restartedMain] o.a.c.c.C.[Tomcat].[localhost].[/] - Initializing Spring embedded WebApplicationContext
2025-12-07 19:28:28.069 INFO  [restartedMain] o.s.b.w.s.c.ServletWebServerApplicationContext - Root WebApplicationContext: initialization completed in 933 ms
2025-12-07 19:28:28.387 DEBUG [restartedMain] o.s.w.s.m.m.a.RequestMappingHandlerMapping - 10 mappings in 'requestMappingHandlerMapping'
2025-12-07 19:28:28.439 DEBUG [restartedMain] o.s.w.s.h.SimpleUrlHandlerMapping - Patterns [/webjars/**, /**] in 'resourceHandlerMapping'
2025-12-07 19:28:28.459 DEBUG [restartedMain] o.s.w.s.m.m.a.RequestMappingHandlerAdapter - ControllerAdvice beans: 0 @ModelAttribute, 0 @InitBinder, 1 RequestBodyAdvice, 1 ResponseBodyAdvice
2025-12-07 19:28:28.484 DEBUG [restartedMain] o.s.w.s.m.m.a.ExceptionHandlerExceptionResolver - ControllerAdvice beans: 0 @ExceptionHandler, 1 ResponseBodyAdvice
2025-12-07 19:28:28.585 INFO  [restartedMain] o.s.b.d.a.OptionalLiveReloadServer - LiveReload server is running on port 35729
2025-12-07 19:28:28.603 INFO  [restartedMain] o.a.coyote.http11.Http11NioProtocol - Starting ProtocolHandler ["http-nio-8081"]
2025-12-07 19:28:28.625 INFO  [restartedMain] o.s.b.w.e.tomcat.TomcatWebServer - Tomcat started on port 8081 (http) with context path ''
2025-12-07 19:28:28.634 INFO  [restartedMain] c.e.nproject.NprojectApplication - Started NprojectApplication in 1.948 seconds (process running for 2.561)
2025-12-07 19:31:18.581 INFO  [RMI TCP Connection(18)-127.0.0.1] o.s.b.a.SpringApplicationAdminMXBeanRegistrar$SpringApplicationAdmin - Application shutdown requested.
2025-12-07 19:31:18.585 INFO  [RMI TCP Connection(18)-127.0.0.1] o.a.coyote.http11.Http11NioProtocol - Stopping ProtocolHandler ["http-nio-8081"]
2025-12-07 19:32:00.087 INFO  [main] c.e.n.NprojectApplicationTests - Starting NprojectApplicationTests using Java 17.0.12 with PID 15748 (started by jkljkl in C:\Dev_antigravity_git\meta_system\nproject)
2025-12-07 19:32:00.087 DEBUG [main] c.e.n.NprojectApplicationTests - Running with Spring Boot v3.2.0, Spring v6.1.1
2025-12-07 19:32:00.088 INFO  [main] c.e.n.NprojectApplicationTests - No active profile set, falling back to 1 default profile: "default"
2025-12-07 19:32:00.120 DEBUG [main] o.s.w.c.s.GenericWebApplicationContext - Refreshing org.springframework.web.context.support.GenericWebApplicationContext@408a247c
2025-12-07 19:32:00.829 DEBUG [main] o.apache.ibatis.logging.LogFactory - Logging initialized using 'class org.apache.ibatis.logging.slf4j.Slf4jImpl' adapter.
2025-12-07 19:32:01.553 DEBUG [main] o.s.w.s.m.m.a.RequestMappingHandlerMapping - 10 mappings in 'requestMappingHandlerMapping'
2025-12-07 19:32:01.631 DEBUG [main] o.s.w.s.h.SimpleUrlHandlerMapping - Patterns [/webjars/**, /**] in 'resourceHandlerMapping'
2025-12-07 19:32:01.659 DEBUG [main] o.s.w.s.m.m.a.RequestMappingHandlerAdapter - ControllerAdvice beans: 0 @ModelAttribute, 0 @InitBinder, 1 RequestBodyAdvice, 1 ResponseBodyAdvice
2025-12-07 19:32:01.701 DEBUG [main] o.s.w.s.m.m.a.ExceptionHandlerExceptionResolver - ControllerAdvice beans: 0 @ExceptionHandler, 1 ResponseBodyAdvice
2025-12-07 19:32:01.836 INFO  [main] c.e.n.NprojectApplicationTests - Started NprojectApplicationTests in 2.142 seconds (process running for 3.083)
2025-12-07 19:32:02.795 DEBUG [SpringApplicationShutdownHook] o.s.w.c.s.GenericWebApplicationContext - Closing org.springframework.web.context.support.GenericWebApplicationContext@408a247c, started on Sun Dec 07 19:32:00 KST 2025
2025-12-07 19:32:11.920 INFO  [restartedMain] c.e.nproject.NprojectApplication - Starting NprojectApplication using Java 17.0.12 with PID 13060 (C:\Dev_antigravity_git\meta_system\nproject\target\classes started by jkljkl in C:\Dev_antigravity_git\meta_system\nproject)
2025-12-07 19:32:11.921 DEBUG [restartedMain] c.e.nproject.NprojectApplication - Running with Spring Boot v3.2.0, Spring v6.1.1
2025-12-07 19:32:11.922 INFO  [restartedMain] c.e.nproject.NprojectApplication - No active profile set, falling back to 1 default profile: "default"
2025-12-07 19:32:11.965 INFO  [restartedMain] o.s.b.d.e.DevToolsPropertyDefaultsPostProcessor - Devtools property defaults active! Set 'spring.devtools.add-properties' to 'false' to disable
2025-12-07 19:32:11.965 INFO  [restartedMain] o.s.b.d.e.DevToolsPropertyDefaultsPostProcessor - For additional web related logging consider setting the 'logging.level.web' property to 'DEBUG'
2025-12-07 19:32:12.563 DEBUG [restartedMain] o.apache.ibatis.logging.LogFactory - Logging initialized using 'class org.apache.ibatis.logging.slf4j.Slf4jImpl' adapter.
2025-12-07 19:32:12.871 INFO  [restartedMain] o.s.b.w.e.tomcat.TomcatWebServer - Tomcat initialized with port 8081 (http)
2025-12-07 19:32:12.877 INFO  [restartedMain] o.a.coyote.http11.Http11NioProtocol - Initializing ProtocolHandler ["http-nio-8081"]
2025-12-07 19:32:12.878 INFO  [restartedMain] o.a.catalina.core.StandardService - Starting service [Tomcat]
2025-12-07 19:32:12.879 INFO  [restartedMain] o.a.catalina.core.StandardEngine - Starting Servlet engine: [Apache Tomcat/10.1.16]
2025-12-07 19:32:12.920 INFO  [restartedMain] o.a.c.c.C.[Tomcat].[localhost].[/] - Initializing Spring embedded WebApplicationContext
2025-12-07 19:32:12.920 INFO  [restartedMain] o.s.b.w.s.c.ServletWebServerApplicationContext - Root WebApplicationContext: initialization completed in 954 ms
2025-12-07 19:32:13.223 DEBUG [restartedMain] o.s.w.s.m.m.a.RequestMappingHandlerMapping - 10 mappings in 'requestMappingHandlerMapping'
2025-12-07 19:32:13.272 DEBUG [restartedMain] o.s.w.s.h.SimpleUrlHandlerMapping - Patterns [/webjars/**, /**] in 'resourceHandlerMapping'
2025-12-07 19:32:13.294 DEBUG [restartedMain] o.s.w.s.m.m.a.RequestMappingHandlerAdapter - ControllerAdvice beans: 0 @ModelAttribute, 0 @InitBinder, 1 RequestBodyAdvice, 1 ResponseBodyAdvice
2025-12-07 19:32:13.320 DEBUG [restartedMain] o.s.w.s.m.m.a.ExceptionHandlerExceptionResolver - ControllerAdvice beans: 0 @ExceptionHandler, 1 ResponseBodyAdvice
2025-12-07 19:32:13.436 INFO  [restartedMain] o.s.b.d.a.OptionalLiveReloadServer - LiveReload server is running on port 35729
2025-12-07 19:32:13.454 INFO  [restartedMain] o.a.coyote.http11.Http11NioProtocol - Starting ProtocolHandler ["http-nio-8081"]
2025-12-07 19:32:13.472 INFO  [restartedMain] o.s.b.w.e.tomcat.TomcatWebServer - Tomcat started on port 8081 (http) with context path ''
2025-12-07 19:32:13.480 INFO  [restartedMain] c.e.nproject.NprojectApplication - Started NprojectApplication in 1.987 seconds (process running for 2.601)
2025-12-07 19:32:40.948 INFO  [http-nio-8081-exec-1] o.a.c.c.C.[Tomcat].[localhost].[/] - Initializing Spring DispatcherServlet 'dispatcherServlet'
2025-12-07 19:32:40.948 INFO  [http-nio-8081-exec-1] o.s.web.servlet.DispatcherServlet - Initializing Servlet 'dispatcherServlet'
2025-12-07 19:32:40.950 DEBUG [http-nio-8081-exec-1] o.s.web.servlet.DispatcherServlet - Detected StandardServletMultipartResolver
2025-12-07 19:32:40.950 DEBUG [http-nio-8081-exec-1] o.s.web.servlet.DispatcherServlet - Detected AcceptHeaderLocaleResolver
2025-12-07 19:32:40.950 DEBUG [http-nio-8081-exec-1] o.s.web.servlet.DispatcherServlet - Detected FixedThemeResolver
2025-12-07 19:32:40.953 DEBUG [http-nio-8081-exec-1] o.s.web.servlet.DispatcherServlet - Detected org.springframework.web.servlet.view.DefaultRequestToViewNameTranslator@371c54e1
2025-12-07 19:32:40.954 DEBUG [http-nio-8081-exec-1] o.s.web.servlet.DispatcherServlet - Detected org.springframework.web.servlet.support.SessionFlashMapManager@765cb384
2025-12-07 19:32:40.955 DEBUG [http-nio-8081-exec-1] o.s.web.servlet.DispatcherServlet - enableLoggingRequestDetails='false': request parameters and headers will be masked to prevent unsafe logging of potentially sensitive data
2025-12-07 19:32:40.956 INFO  [http-nio-8081-exec-1] o.s.web.servlet.DispatcherServlet - Completed initialization in 6 ms
2025-12-07 19:32:40.968 DEBUG [http-nio-8081-exec-1] o.s.web.servlet.DispatcherServlet - GET "/sample/jdbc", parameters={}
2025-12-07 19:32:40.980 DEBUG [http-nio-8081-exec-1] o.s.w.s.m.m.a.RequestMappingHandlerMapping - Mapped to com.example.nproject.controller.SampleJdbcController#testConnection()
2025-12-07 19:32:40.989 INFO  [http-nio-8081-exec-1] c.e.n.c.SampleJdbcController - === Starting Supabase DB Connection Test ===
2025-12-07 19:32:40.989 DEBUG [http-nio-8081-exec-1] c.e.n.c.SampleJdbcController - Calling sampleMapper.selectVersion()
2025-12-07 19:32:41.003 DEBUG [http-nio-8081-exec-1] o.s.jdbc.datasource.DataSourceUtils - Fetching JDBC Connection from DataSource
2025-12-07 19:32:41.004 INFO  [http-nio-8081-exec-1] com.zaxxer.hikari.HikariDataSource - HikariPool-1 - Starting...
2025-12-07 19:32:41.347 INFO  [http-nio-8081-exec-1] com.zaxxer.hikari.pool.HikariPool - HikariPool-1 - Added connection org.postgresql.jdbc.PgConnection@7c6e25a8
2025-12-07 19:32:41.349 INFO  [http-nio-8081-exec-1] com.zaxxer.hikari.HikariDataSource - HikariPool-1 - Start completed.
2025-12-07 19:32:41.357 DEBUG [http-nio-8081-exec-1] c.e.n.m.SampleMapper.selectVersion - ==>  Preparing: SELECT id,name from public.users2
2025-12-07 19:32:41.370 DEBUG [http-nio-8081-exec-1] c.e.n.m.SampleMapper.selectVersion - ==> Parameters: 
2025-12-07 19:32:41.397 DEBUG [http-nio-8081-exec-1] c.e.n.m.SampleMapper.selectVersion - <==      Total: 0
2025-12-07 19:32:41.407 INFO  [http-nio-8081-exec-1] c.e.n.c.SampleJdbcController - ✓ Successfully connected to Supabase DB
2025-12-07 19:32:41.408 INFO  [http-nio-8081-exec-1] c.e.n.c.SampleJdbcController - Query result: null
2025-12-07 19:32:41.408 INFO  [http-nio-8081-exec-1] c.e.n.c.SampleJdbcController - === Supabase DB Connection Test Completed ===
2025-12-07 19:32:41.431 DEBUG [http-nio-8081-exec-1] o.s.w.s.m.m.a.RequestResponseBodyMethodProcessor - Using 'application/json;q=0.8', given [text/html, application/xhtml+xml, image/avif, image/webp, image/apng, application/xml;q=0.9, */*;q=0.8, application/signed-exchange;v=b3;q=0.7] and supported [application/json, application/*+json]
2025-12-07 19:32:41.434 DEBUG [http-nio-8081-exec-1] o.s.w.s.m.m.a.RequestResponseBodyMethodProcessor - Writing [{data=null, message=Supabase DB Connection Success!!, status=success, timestamp=2025-12-07T19:32:41. (truncated)...]
2025-12-07 19:32:41.455 DEBUG [http-nio-8081-exec-1] o.s.web.servlet.DispatcherServlet - Completed 200 OK
2025-12-07 19:32:45.550 DEBUG [http-nio-8081-exec-2] o.s.web.servlet.DispatcherServlet - GET "/", parameters={}
2025-12-07 19:32:45.552 DEBUG [http-nio-8081-exec-2] o.s.w.s.h.SimpleUrlHandlerMapping - Mapped to ResourceHttpRequestHandler [classpath [META-INF/resources/], classpath [resources/], classpath [static/], classpath [public/], ServletContext [/]]
2025-12-07 19:32:45.553 DEBUG [http-nio-8081-exec-2] o.s.w.s.r.ResourceHttpRequestHandler - Resource not found
2025-12-07 19:32:45.556 DEBUG [http-nio-8081-exec-2] o.s.w.s.m.s.DefaultHandlerExceptionResolver - Resolved [org.springframework.web.servlet.resource.NoResourceFoundException: No static resource .]
2025-12-07 19:32:45.556 DEBUG [http-nio-8081-exec-2] o.s.web.servlet.DispatcherServlet - Completed 404 NOT_FOUND
2025-12-07 19:32:45.560 DEBUG [http-nio-8081-exec-2] o.s.web.servlet.DispatcherServlet - "ERROR" dispatch for GET "/error", parameters={}
2025-12-07 19:32:45.562 DEBUG [http-nio-8081-exec-2] o.s.w.s.m.m.a.RequestMappingHandlerMapping - Mapped to org.springframework.boot.autoconfigure.web.servlet.error.BasicErrorController#errorHtml(HttpServletRequest, HttpServletResponse)
2025-12-07 19:32:45.583 DEBUG [http-nio-8081-exec-2] o.s.w.s.v.ContentNegotiatingViewResolver - Selected 'text/html' given [text/html, text/html;q=0.8]
2025-12-07 19:32:45.590 DEBUG [http-nio-8081-exec-2] o.s.web.servlet.DispatcherServlet - Exiting from "ERROR" dispatch, status 404
2025-12-07 19:32:52.220 DEBUG [http-nio-8081-exec-3] o.s.web.servlet.DispatcherServlet - GET "/nproject", parameters={}
2025-12-07 19:32:52.221 DEBUG [http-nio-8081-exec-3] o.s.w.s.m.m.a.RequestMappingHandlerMapping - Mapped to com.example.nproject.controller.HelloController#hello()
2025-12-07 19:32:52.222 DEBUG [http-nio-8081-exec-3] o.s.w.s.m.m.a.RequestResponseBodyMethodProcessor - Using 'text/html', given [text/html, application/xhtml+xml, image/avif, image/webp, image/apng, application/xml;q=0.9, */*;q=0.8, application/signed-exchange;v=b3;q=0.7] and supported [text/plain, */*, application/json, application/*+json]
2025-12-07 19:32:52.222 DEBUG [http-nio-8081-exec-3] o.s.w.s.m.m.a.RequestResponseBodyMethodProcessor - Writing ["hello world"]
2025-12-07 19:32:52.223 DEBUG [http-nio-8081-exec-3] o.s.web.servlet.DispatcherServlet - Completed 200 OK
2025-12-07 19:33:01.859 DEBUG [http-nio-8081-exec-4] o.s.web.servlet.DispatcherServlet - GET "/nproject", parameters={}
2025-12-07 19:33:01.859 DEBUG [http-nio-8081-exec-4] o.s.w.s.m.m.a.RequestMappingHandlerMapping - Mapped to com.example.nproject.controller.HelloController#hello()
2025-12-07 19:33:01.860 DEBUG [http-nio-8081-exec-4] o.s.w.s.m.m.a.RequestResponseBodyMethodProcessor - Using 'text/html', given [text/html, application/xhtml+xml, image/avif, image/webp, image/apng, application/xml;q=0.9, */*;q=0.8, application/signed-exchange;v=b3;q=0.7] and supported [text/plain, */*, application/json, application/*+json]
2025-12-07 19:33:01.861 DEBUG [http-nio-8081-exec-4] o.s.w.s.m.m.a.RequestResponseBodyMethodProcessor - Writing ["hello world"]
2025-12-07 19:33:01.862 DEBUG [http-nio-8081-exec-4] o.s.web.servlet.DispatcherServlet - Completed 200 OK
2025-12-07 19:34:57.247 INFO  [RMI TCP Connection(13)-127.0.0.1] o.s.b.a.SpringApplicationAdminMXBeanRegistrar$SpringApplicationAdmin - Application shutdown requested.
2025-12-07 19:34:57.251 INFO  [RMI TCP Connection(13)-127.0.0.1] o.a.coyote.http11.Http11NioProtocol - Stopping ProtocolHandler ["http-nio-8081"]
2025-12-07 19:34:57.268 INFO  [RMI TCP Connection(13)-127.0.0.1] com.zaxxer.hikari.HikariDataSource - HikariPool-1 - Shutdown initiated...
2025-12-07 19:34:57.278 INFO  [RMI TCP Connection(13)-127.0.0.1] com.zaxxer.hikari.HikariDataSource - HikariPool-1 - Shutdown completed.
2025-12-07 19:35:14.303 INFO  [main] c.e.n.NprojectApplicationTests - Starting NprojectApplicationTests using Java 17.0.12 with PID 23448 (started by jkljkl in C:\Dev_antigravity_git\meta_system\nproject)
2025-12-07 19:35:14.304 DEBUG [main] c.e.n.NprojectApplicationTests - Running with Spring Boot v3.2.0, Spring v6.1.1
2025-12-07 19:35:14.304 INFO  [main] c.e.n.NprojectApplicationTests - No active profile set, falling back to 1 default profile: "default"
2025-12-07 19:35:14.341 DEBUG [main] o.s.w.c.s.GenericWebApplicationContext - Refreshing org.springframework.web.context.support.GenericWebApplicationContext@408a247c
2025-12-07 19:35:15.068 DEBUG [main] o.apache.ibatis.logging.LogFactory - Logging initialized using 'class org.apache.ibatis.logging.slf4j.Slf4jImpl' adapter.
2025-12-07 19:35:15.732 DEBUG [main] o.s.w.s.m.m.a.RequestMappingHandlerMapping - 10 mappings in 'requestMappingHandlerMapping'
2025-12-07 19:35:15.806 DEBUG [main] o.s.w.s.h.SimpleUrlHandlerMapping - Patterns [/webjars/**, /**] in 'resourceHandlerMapping'
2025-12-07 19:35:15.838 DEBUG [main] o.s.w.s.m.m.a.RequestMappingHandlerAdapter - ControllerAdvice beans: 0 @ModelAttribute, 0 @InitBinder, 1 RequestBodyAdvice, 1 ResponseBodyAdvice
2025-12-07 19:35:15.868 DEBUG [main] o.s.w.s.m.m.a.ExceptionHandlerExceptionResolver - ControllerAdvice beans: 0 @ExceptionHandler, 1 ResponseBodyAdvice
2025-12-07 19:35:15.992 INFO  [main] c.e.n.NprojectApplicationTests - Started NprojectApplicationTests in 2.071 seconds (process running for 2.971)
2025-12-07 19:35:16.934 DEBUG [SpringApplicationShutdownHook] o.s.w.c.s.GenericWebApplicationContext - Closing org.springframework.web.context.support.GenericWebApplicationContext@408a247c, started on Sun Dec 07 19:35:14 KST 2025
2025-12-07 19:38:35.399 INFO  [restartedMain] c.e.nproject.NprojectApplication - Starting NprojectApplication using Java 17.0.12 with PID 6812 (C:\Dev_antigravity_git\meta_system\nproject\target\classes started by jkljkl in C:\Dev_antigravity_git\meta_system\nproject)
2025-12-07 19:38:35.400 DEBUG [restartedMain] c.e.nproject.NprojectApplication - Running with Spring Boot v3.2.0, Spring v6.1.1
2025-12-07 19:38:35.401 INFO  [restartedMain] c.e.nproject.NprojectApplication - No active profile set, falling back to 1 default profile: "default"
2025-12-07 19:38:35.438 INFO  [restartedMain] o.s.b.d.e.DevToolsPropertyDefaultsPostProcessor - Devtools property defaults active! Set 'spring.devtools.add-properties' to 'false' to disable
2025-12-07 19:38:35.438 INFO  [restartedMain] o.s.b.d.e.DevToolsPropertyDefaultsPostProcessor - For additional web related logging consider setting the 'logging.level.web' property to 'DEBUG'
2025-12-07 19:38:36.000 DEBUG [restartedMain] o.apache.ibatis.logging.LogFactory - Logging initialized using 'class org.apache.ibatis.logging.slf4j.Slf4jImpl' adapter.
2025-12-07 19:38:36.300 INFO  [restartedMain] o.s.b.w.e.tomcat.TomcatWebServer - Tomcat initialized with port 8081 (http)
2025-12-07 19:38:36.308 INFO  [restartedMain] o.a.coyote.http11.Http11NioProtocol - Initializing ProtocolHandler ["http-nio-8081"]
2025-12-07 19:38:36.310 INFO  [restartedMain] o.a.catalina.core.StandardService - Starting service [Tomcat]
2025-12-07 19:38:36.310 INFO  [restartedMain] o.a.catalina.core.StandardEngine - Starting Servlet engine: [Apache Tomcat/10.1.16]
2025-12-07 19:38:36.352 INFO  [restartedMain] o.a.c.c.C.[Tomcat].[localhost].[/] - Initializing Spring embedded WebApplicationContext
2025-12-07 19:38:36.352 INFO  [restartedMain] o.s.b.w.s.c.ServletWebServerApplicationContext - Root WebApplicationContext: initialization completed in 914 ms
2025-12-07 19:38:36.648 DEBUG [restartedMain] o.s.w.s.m.m.a.RequestMappingHandlerMapping - 10 mappings in 'requestMappingHandlerMapping'
2025-12-07 19:38:36.701 DEBUG [restartedMain] o.s.w.s.h.SimpleUrlHandlerMapping - Patterns [/webjars/**, /**] in 'resourceHandlerMapping'
2025-12-07 19:38:36.725 DEBUG [restartedMain] o.s.w.s.m.m.a.RequestMappingHandlerAdapter - ControllerAdvice beans: 0 @ModelAttribute, 0 @InitBinder, 1 RequestBodyAdvice, 1 ResponseBodyAdvice
2025-12-07 19:38:36.750 DEBUG [restartedMain] o.s.w.s.m.m.a.ExceptionHandlerExceptionResolver - ControllerAdvice beans: 0 @ExceptionHandler, 1 ResponseBodyAdvice
2025-12-07 19:38:36.845 INFO  [restartedMain] o.s.b.d.a.OptionalLiveReloadServer - LiveReload server is running on port 35729
2025-12-07 19:38:36.864 INFO  [restartedMain] o.a.coyote.http11.Http11NioProtocol - Starting ProtocolHandler ["http-nio-8081"]
2025-12-07 19:38:36.883 INFO  [restartedMain] o.s.b.w.e.tomcat.TomcatWebServer - Tomcat started on port 8081 (http) with context path ''
2025-12-07 19:38:36.892 INFO  [restartedMain] c.e.nproject.NprojectApplication - Started NprojectApplication in 1.911 seconds (process running for 2.535)
2025-12-07 19:39:06.963 INFO  [http-nio-8081-exec-1] o.a.c.c.C.[Tomcat].[localhost].[/] - Initializing Spring DispatcherServlet 'dispatcherServlet'
2025-12-07 19:39:06.963 INFO  [http-nio-8081-exec-1] o.s.web.servlet.DispatcherServlet - Initializing Servlet 'dispatcherServlet'
2025-12-07 19:39:06.965 DEBUG [http-nio-8081-exec-1] o.s.web.servlet.DispatcherServlet - Detected StandardServletMultipartResolver
2025-12-07 19:39:06.965 DEBUG [http-nio-8081-exec-1] o.s.web.servlet.DispatcherServlet - Detected AcceptHeaderLocaleResolver
2025-12-07 19:39:06.965 DEBUG [http-nio-8081-exec-1] o.s.web.servlet.DispatcherServlet - Detected FixedThemeResolver
2025-12-07 19:39:06.967 DEBUG [http-nio-8081-exec-1] o.s.web.servlet.DispatcherServlet - Detected org.springframework.web.servlet.view.DefaultRequestToViewNameTranslator@32da9bac
2025-12-07 19:39:06.967 DEBUG [http-nio-8081-exec-1] o.s.web.servlet.DispatcherServlet - Detected org.springframework.web.servlet.support.SessionFlashMapManager@29cafa39
2025-12-07 19:39:06.968 DEBUG [http-nio-8081-exec-1] o.s.web.servlet.DispatcherServlet - enableLoggingRequestDetails='false': request parameters and headers will be masked to prevent unsafe logging of potentially sensitive data
2025-12-07 19:39:06.968 INFO  [http-nio-8081-exec-1] o.s.web.servlet.DispatcherServlet - Completed initialization in 3 ms
2025-12-07 19:39:06.988 DEBUG [http-nio-8081-exec-1] o.s.web.servlet.DispatcherServlet - GET "/nproject", parameters={}
2025-12-07 19:39:07.009 DEBUG [http-nio-8081-exec-1] o.s.w.s.m.m.a.RequestMappingHandlerMapping - Mapped to com.example.nproject.controller.HelloController#hello()
2025-12-07 19:39:07.045 DEBUG [http-nio-8081-exec-1] o.s.w.s.m.m.a.RequestResponseBodyMethodProcessor - Using 'text/html', given [text/html, application/xhtml+xml, image/avif, image/webp, image/apng, application/xml;q=0.9, */*;q=0.8, application/signed-exchange;v=b3;q=0.7] and supported [text/plain, */*, application/json, application/*+json]
2025-12-07 19:39:07.046 DEBUG [http-nio-8081-exec-1] o.s.w.s.m.m.a.RequestResponseBodyMethodProcessor - Writing ["hello world"]
2025-12-07 19:39:07.056 DEBUG [http-nio-8081-exec-1] o.s.web.servlet.DispatcherServlet - Completed 200 OK
2025-12-07 19:39:10.844 DEBUG [http-nio-8081-exec-3] o.s.web.servlet.DispatcherServlet - GET "/", parameters={}
2025-12-07 19:39:10.849 DEBUG [http-nio-8081-exec-3] o.s.w.s.h.SimpleUrlHandlerMapping - Mapped to ResourceHttpRequestHandler [classpath [META-INF/resources/], classpath [resources/], classpath [static/], classpath [public/], ServletContext [/]]
2025-12-07 19:39:10.850 DEBUG [http-nio-8081-exec-3] o.s.w.s.r.ResourceHttpRequestHandler - Resource not found
2025-12-07 19:39:10.855 DEBUG [http-nio-8081-exec-3] o.s.w.s.m.s.DefaultHandlerExceptionResolver - Resolved [org.springframework.web.servlet.resource.NoResourceFoundException: No static resource .]
2025-12-07 19:39:10.857 DEBUG [http-nio-8081-exec-3] o.s.web.servlet.DispatcherServlet - Completed 404 NOT_FOUND
2025-12-07 19:39:10.863 DEBUG [http-nio-8081-exec-3] o.s.web.servlet.DispatcherServlet - "ERROR" dispatch for GET "/error", parameters={}
2025-12-07 19:39:10.868 DEBUG [http-nio-8081-exec-3] o.s.w.s.m.m.a.RequestMappingHandlerMapping - Mapped to org.springframework.boot.autoconfigure.web.servlet.error.BasicErrorController#errorHtml(HttpServletRequest, HttpServletResponse)
2025-12-07 19:39:10.907 DEBUG [http-nio-8081-exec-3] o.s.w.s.v.ContentNegotiatingViewResolver - Selected 'text/html' given [text/html, text/html;q=0.8]
2025-12-07 19:39:10.917 DEBUG [http-nio-8081-exec-3] o.s.web.servlet.DispatcherServlet - Exiting from "ERROR" dispatch, status 404
2025-12-07 19:39:12.205 DEBUG [http-nio-8081-exec-2] o.s.web.servlet.DispatcherServlet - GET "/", parameters={}
2025-12-07 19:39:12.207 DEBUG [http-nio-8081-exec-2] o.s.w.s.h.SimpleUrlHandlerMapping - Mapped to ResourceHttpRequestHandler [classpath [META-INF/resources/], classpath [resources/], classpath [static/], classpath [public/], ServletContext [/]]
2025-12-07 19:39:12.209 DEBUG [http-nio-8081-exec-2] o.s.w.s.r.ResourceHttpRequestHandler - Resource not found
2025-12-07 19:39:12.210 DEBUG [http-nio-8081-exec-2] o.s.w.s.m.s.DefaultHandlerExceptionResolver - Resolved [org.springframework.web.servlet.resource.NoResourceFoundException: No static resource .]
2025-12-07 19:39:12.210 DEBUG [http-nio-8081-exec-2] o.s.web.servlet.DispatcherServlet - Completed 404 NOT_FOUND
2025-12-07 19:39:12.212 DEBUG [http-nio-8081-exec-2] o.s.web.servlet.DispatcherServlet - "ERROR" dispatch for GET "/error", parameters={}
2025-12-07 19:39:12.213 DEBUG [http-nio-8081-exec-2] o.s.w.s.m.m.a.RequestMappingHandlerMapping - Mapped to org.springframework.boot.autoconfigure.web.servlet.error.BasicErrorController#errorHtml(HttpServletRequest, HttpServletResponse)
2025-12-07 19:39:12.239 DEBUG [http-nio-8081-exec-2] o.s.w.s.v.ContentNegotiatingViewResolver - Selected 'text/html' given [text/html, text/html;q=0.8]
2025-12-07 19:39:12.241 DEBUG [http-nio-8081-exec-2] o.s.web.servlet.DispatcherServlet - Exiting from "ERROR" dispatch, status 404
2025-12-07 19:39:16.062 DEBUG [http-nio-8081-exec-4] o.s.web.servlet.DispatcherServlet - GET "/std-word/list", parameters={}
2025-12-07 19:39:16.066 DEBUG [http-nio-8081-exec-4] o.s.w.s.h.SimpleUrlHandlerMapping - Mapped to ResourceHttpRequestHandler [classpath [META-INF/resources/], classpath [resources/], classpath [static/], classpath [public/], ServletContext [/]]
2025-12-07 19:39:16.069 DEBUG [http-nio-8081-exec-4] o.s.w.s.r.ResourceHttpRequestHandler - Resource not found
2025-12-07 19:39:16.070 DEBUG [http-nio-8081-exec-4] o.s.w.s.m.s.DefaultHandlerExceptionResolver - Resolved [org.springframework.web.servlet.resource.NoResourceFoundException: No static resource std-word/list.]
2025-12-07 19:39:16.070 DEBUG [http-nio-8081-exec-4] o.s.web.servlet.DispatcherServlet - Completed 404 NOT_FOUND
2025-12-07 19:39:16.071 DEBUG [http-nio-8081-exec-4] o.s.web.servlet.DispatcherServlet - "ERROR" dispatch for GET "/error", parameters={}
2025-12-07 19:39:16.071 DEBUG [http-nio-8081-exec-4] o.s.w.s.m.m.a.RequestMappingHandlerMapping - Mapped to org.springframework.boot.autoconfigure.web.servlet.error.BasicErrorController#errorHtml(HttpServletRequest, HttpServletResponse)
2025-12-07 19:39:16.092 DEBUG [http-nio-8081-exec-4] o.s.w.s.v.ContentNegotiatingViewResolver - Selected 'text/html' given [text/html, text/html;q=0.8]
2025-12-07 19:39:16.094 DEBUG [http-nio-8081-exec-4] o.s.web.servlet.DispatcherServlet - Exiting from "ERROR" dispatch, status 404
2025-12-07 19:39:23.909 DEBUG [http-nio-8081-exec-5] o.s.web.servlet.DispatcherServlet - GET "/nproject/std-word/list", parameters={}
2025-12-07 19:39:23.910 DEBUG [http-nio-8081-exec-5] o.s.w.s.m.m.a.RequestMappingHandlerMapping - Mapped to com.example.nproject.controller.MetaStdWordController#list(MetaStdWordDto, Model)
2025-12-07 19:39:24.024 DEBUG [http-nio-8081-exec-5] o.s.jdbc.datasource.DataSourceUtils - Fetching JDBC Connection from DataSource
2025-12-07 19:39:24.026 INFO  [http-nio-8081-exec-5] com.zaxxer.hikari.HikariDataSource - HikariPool-1 - Starting...
2025-12-07 19:39:24.721 INFO  [http-nio-8081-exec-5] com.zaxxer.hikari.pool.HikariPool - HikariPool-1 - Added connection org.postgresql.jdbc.PgConnection@42a8ab50
2025-12-07 19:39:24.725 INFO  [http-nio-8081-exec-5] com.zaxxer.hikari.HikariDataSource - HikariPool-1 - Start completed.
2025-12-07 19:39:24.751 DEBUG [http-nio-8081-exec-5] c.e.n.m.M.selectStdWordList - ==>  Preparing: SELECT word_id as wordId, std_word_name as stdWordName, eng_abbr_name as engAbbrName, eng_full_name as engFullName, definition, domain_type as domainType, use_yn as useYn FROM meta_std_word ORDER BY word_id LIMIT ? OFFSET ?
2025-12-07 19:39:24.798 DEBUG [http-nio-8081-exec-5] c.e.n.m.M.selectStdWordList - ==> Parameters: 10(Integer), 0(Integer)
2025-12-07 19:39:24.864 DEBUG [http-nio-8081-exec-5] c.e.n.m.M.selectStdWordList - <==      Total: 10
2025-12-07 19:39:24.885 DEBUG [http-nio-8081-exec-5] o.s.jdbc.datasource.DataSourceUtils - Fetching JDBC Connection from DataSource
2025-12-07 19:39:24.885 DEBUG [http-nio-8081-exec-5] c.e.n.m.M.countStdWordList - ==>  Preparing: SELECT COUNT(*) FROM meta_std_word
2025-12-07 19:39:24.885 DEBUG [http-nio-8081-exec-5] c.e.n.m.M.countStdWordList - ==> Parameters: 
2025-12-07 19:39:24.899 DEBUG [http-nio-8081-exec-5] c.e.n.m.M.countStdWordList - <==      Total: 1
2025-12-07 19:39:24.905 DEBUG [http-nio-8081-exec-5] o.s.w.s.v.ContentNegotiatingViewResolver - Selected 'text/html' given [text/html, application/xhtml+xml, image/avif, image/webp, image/apng, application/xml;q=0.9, */*;q=0.8, application/signed-exchange;v=b3;q=0.7]
2025-12-07 19:39:25.739 DEBUG [http-nio-8081-exec-5] o.s.web.servlet.DispatcherServlet - Completed 200 OK
2025-12-07 19:43:04.021 INFO  [RMI TCP Connection(19)-127.0.0.1] o.s.b.a.SpringApplicationAdminMXBeanRegistrar$SpringApplicationAdmin - Application shutdown requested.
2025-12-07 19:43:04.026 INFO  [RMI TCP Connection(19)-127.0.0.1] o.a.coyote.http11.Http11NioProtocol - Stopping ProtocolHandler ["http-nio-8081"]
2025-12-07 19:43:04.058 INFO  [RMI TCP Connection(19)-127.0.0.1] com.zaxxer.hikari.HikariDataSource - HikariPool-1 - Shutdown initiated...
2025-12-07 19:43:04.075 INFO  [RMI TCP Connection(19)-127.0.0.1] com.zaxxer.hikari.HikariDataSource - HikariPool-1 - Shutdown completed.
2025-12-07 19:47:54.541 INFO  [main] c.e.n.NprojectApplicationTests - Starting NprojectApplicationTests using Java 17.0.12 with PID 14760 (started by jkljkl in C:\Dev_antigravity_git\meta_system\nproject)
2025-12-07 19:47:54.542 DEBUG [main] c.e.n.NprojectApplicationTests - Running with Spring Boot v3.2.0, Spring v6.1.1
2025-12-07 19:47:54.543 INFO  [main] c.e.n.NprojectApplicationTests - No active profile set, falling back to 1 default profile: "default"
2025-12-07 19:47:54.578 DEBUG [main] o.s.w.c.s.GenericWebApplicationContext - Refreshing org.springframework.web.context.support.GenericWebApplicationContext@4ee33af7
2025-12-07 19:47:55.333 DEBUG [main] o.apache.ibatis.logging.LogFactory - Logging initialized using 'class org.apache.ibatis.logging.slf4j.Slf4jImpl' adapter.
2025-12-07 19:47:56.099 DEBUG [main] o.s.w.s.m.m.a.RequestMappingHandlerMapping - 10 mappings in 'requestMappingHandlerMapping'
2025-12-07 19:47:56.176 DEBUG [main] o.s.w.s.h.SimpleUrlHandlerMapping - Patterns [/webjars/**, /**] in 'resourceHandlerMapping'
2025-12-07 19:47:56.205 DEBUG [main] o.s.w.s.m.m.a.RequestMappingHandlerAdapter - ControllerAdvice beans: 0 @ModelAttribute, 0 @InitBinder, 1 RequestBodyAdvice, 1 ResponseBodyAdvice
2025-12-07 19:47:56.245 DEBUG [main] o.s.w.s.m.m.a.ExceptionHandlerExceptionResolver - ControllerAdvice beans: 0 @ExceptionHandler, 1 ResponseBodyAdvice
2025-12-07 19:47:56.402 INFO  [main] c.e.n.NprojectApplicationTests - Started NprojectApplicationTests in 2.296 seconds (process running for 3.286)
2025-12-07 19:47:57.419 DEBUG [SpringApplicationShutdownHook] o.s.w.c.s.GenericWebApplicationContext - Closing org.springframework.web.context.support.GenericWebApplicationContext@4ee33af7, started on Sun Dec 07 19:47:54 KST 2025
2025-12-07 20:00:57.383 INFO  [main] c.e.n.NprojectApplicationTests - Starting NprojectApplicationTests using Java 17.0.12 with PID 9368 (started by jkljkl in C:\Dev_antigravity_git\meta_system\nproject)
2025-12-07 20:00:57.385 DEBUG [main] c.e.n.NprojectApplicationTests - Running with Spring Boot v3.2.0, Spring v6.1.1
2025-12-07 20:00:57.386 INFO  [main] c.e.n.NprojectApplicationTests - No active profile set, falling back to 1 default profile: "default"
2025-12-07 20:00:57.425 DEBUG [main] o.s.w.c.s.GenericWebApplicationContext - Refreshing org.springframework.web.context.support.GenericWebApplicationContext@4ee33af7
2025-12-07 20:00:58.170 DEBUG [main] o.apache.ibatis.logging.LogFactory - Logging initialized using 'class org.apache.ibatis.logging.slf4j.Slf4jImpl' adapter.
2025-12-07 20:00:58.861 DEBUG [main] o.s.w.s.m.m.a.RequestMappingHandlerMapping - 10 mappings in 'requestMappingHandlerMapping'
2025-12-07 20:00:58.946 DEBUG [main] o.s.w.s.h.SimpleUrlHandlerMapping - Patterns [/webjars/**, /**] in 'resourceHandlerMapping'
2025-12-07 20:00:58.974 DEBUG [main] o.s.w.s.m.m.a.RequestMappingHandlerAdapter - ControllerAdvice beans: 0 @ModelAttribute, 0 @InitBinder, 1 RequestBodyAdvice, 1 ResponseBodyAdvice
2025-12-07 20:00:59.011 DEBUG [main] o.s.w.s.m.m.a.ExceptionHandlerExceptionResolver - ControllerAdvice beans: 0 @ExceptionHandler, 1 ResponseBodyAdvice
2025-12-07 20:00:59.145 INFO  [main] c.e.n.NprojectApplicationTests - Started NprojectApplicationTests in 2.174 seconds (process running for 3.124)
2025-12-07 20:01:00.081 DEBUG [SpringApplicationShutdownHook] o.s.w.c.s.GenericWebApplicationContext - Closing org.springframework.web.context.support.GenericWebApplicationContext@4ee33af7, started on Sun Dec 07 20:00:57 KST 2025
2025-12-07 20:01:08.168 INFO  [restartedMain] c.e.nproject.NprojectApplication - Starting NprojectApplication using Java 17.0.12 with PID 19748 (C:\Dev_antigravity_git\meta_system\nproject\target\classes started by jkljkl in C:\Dev_antigravity_git\meta_system\nproject)
2025-12-07 20:01:08.169 DEBUG [restartedMain] c.e.nproject.NprojectApplication - Running with Spring Boot v3.2.0, Spring v6.1.1
2025-12-07 20:01:08.171 INFO  [restartedMain] c.e.nproject.NprojectApplication - No active profile set, falling back to 1 default profile: "default"
2025-12-07 20:01:08.219 INFO  [restartedMain] o.s.b.d.e.DevToolsPropertyDefaultsPostProcessor - Devtools property defaults active! Set 'spring.devtools.add-properties' to 'false' to disable
2025-12-07 20:01:08.219 INFO  [restartedMain] o.s.b.d.e.DevToolsPropertyDefaultsPostProcessor - For additional web related logging consider setting the 'logging.level.web' property to 'DEBUG'
2025-12-07 20:01:08.798 DEBUG [restartedMain] o.apache.ibatis.logging.LogFactory - Logging initialized using 'class org.apache.ibatis.logging.slf4j.Slf4jImpl' adapter.
2025-12-07 20:01:09.114 INFO  [restartedMain] o.s.b.w.e.tomcat.TomcatWebServer - Tomcat initialized with port 8081 (http)
2025-12-07 20:01:09.125 INFO  [restartedMain] o.a.coyote.http11.Http11NioProtocol - Initializing ProtocolHandler ["http-nio-8081"]
2025-12-07 20:01:09.127 INFO  [restartedMain] o.a.catalina.core.StandardService - Starting service [Tomcat]
2025-12-07 20:01:09.127 INFO  [restartedMain] o.a.catalina.core.StandardEngine - Starting Servlet engine: [Apache Tomcat/10.1.16]
2025-12-07 20:01:09.177 INFO  [restartedMain] o.a.c.c.C.[Tomcat].[localhost].[/] - Initializing Spring embedded WebApplicationContext
2025-12-07 20:01:09.178 INFO  [restartedMain] o.s.b.w.s.c.ServletWebServerApplicationContext - Root WebApplicationContext: initialization completed in 959 ms
2025-12-07 20:01:09.527 DEBUG [restartedMain] o.s.w.s.m.m.a.RequestMappingHandlerMapping - 10 mappings in 'requestMappingHandlerMapping'
2025-12-07 20:01:09.583 DEBUG [restartedMain] o.s.w.s.h.SimpleUrlHandlerMapping - Patterns [/webjars/**, /**] in 'resourceHandlerMapping'
2025-12-07 20:01:09.605 DEBUG [restartedMain] o.s.w.s.m.m.a.RequestMappingHandlerAdapter - ControllerAdvice beans: 0 @ModelAttribute, 0 @InitBinder, 1 RequestBodyAdvice, 1 ResponseBodyAdvice
2025-12-07 20:01:09.631 DEBUG [restartedMain] o.s.w.s.m.m.a.ExceptionHandlerExceptionResolver - ControllerAdvice beans: 0 @ExceptionHandler, 1 ResponseBodyAdvice
2025-12-07 20:01:09.736 INFO  [restartedMain] o.s.b.d.a.OptionalLiveReloadServer - LiveReload server is running on port 35729
2025-12-07 20:01:09.753 INFO  [restartedMain] o.a.coyote.http11.Http11NioProtocol - Starting ProtocolHandler ["http-nio-8081"]
2025-12-07 20:01:09.772 INFO  [restartedMain] o.s.b.w.e.tomcat.TomcatWebServer - Tomcat started on port 8081 (http) with context path ''
2025-12-07 20:01:09.782 INFO  [restartedMain] c.e.nproject.NprojectApplication - Started NprojectApplication in 2.027 seconds (process running for 2.619)
2025-12-07 20:01:16.375 INFO  [http-nio-8081-exec-1] o.a.c.c.C.[Tomcat].[localhost].[/] - Initializing Spring DispatcherServlet 'dispatcherServlet'
2025-12-07 20:01:16.376 INFO  [http-nio-8081-exec-1] o.s.web.servlet.DispatcherServlet - Initializing Servlet 'dispatcherServlet'
2025-12-07 20:01:16.378 DEBUG [http-nio-8081-exec-1] o.s.web.servlet.DispatcherServlet - Detected StandardServletMultipartResolver
2025-12-07 20:01:16.379 DEBUG [http-nio-8081-exec-1] o.s.web.servlet.DispatcherServlet - Detected AcceptHeaderLocaleResolver
2025-12-07 20:01:16.379 DEBUG [http-nio-8081-exec-1] o.s.web.servlet.DispatcherServlet - Detected FixedThemeResolver
2025-12-07 20:01:16.380 DEBUG [http-nio-8081-exec-1] o.s.web.servlet.DispatcherServlet - Detected org.springframework.web.servlet.view.DefaultRequestToViewNameTranslator@45d5caf9
2025-12-07 20:01:16.380 DEBUG [http-nio-8081-exec-1] o.s.web.servlet.DispatcherServlet - Detected org.springframework.web.servlet.support.SessionFlashMapManager@5fe07a4e
2025-12-07 20:01:16.381 DEBUG [http-nio-8081-exec-1] o.s.web.servlet.DispatcherServlet - enableLoggingRequestDetails='false': request parameters and headers will be masked to prevent unsafe logging of potentially sensitive data
2025-12-07 20:01:16.381 INFO  [http-nio-8081-exec-1] o.s.web.servlet.DispatcherServlet - Completed initialization in 5 ms
2025-12-07 20:01:16.390 DEBUG [http-nio-8081-exec-1] o.s.web.servlet.DispatcherServlet - GET "/nproject/std-word/list", parameters={}
2025-12-07 20:01:16.399 DEBUG [http-nio-8081-exec-1] o.s.w.s.h.SimpleUrlHandlerMapping - Mapped to ResourceHttpRequestHandler [classpath [META-INF/resources/], classpath [resources/], classpath [static/], classpath [public/], ServletContext [/]]
2025-12-07 20:01:16.411 DEBUG [http-nio-8081-exec-1] o.s.w.s.r.ResourceHttpRequestHandler - Resource not found
2025-12-07 20:01:16.418 DEBUG [http-nio-8081-exec-1] o.s.w.s.m.s.DefaultHandlerExceptionResolver - Resolved [org.springframework.web.servlet.resource.NoResourceFoundException: No static resource nproject/std-word/list.]
2025-12-07 20:01:16.418 DEBUG [http-nio-8081-exec-1] o.s.web.servlet.DispatcherServlet - Completed 404 NOT_FOUND
2025-12-07 20:01:16.426 DEBUG [http-nio-8081-exec-1] o.s.web.servlet.DispatcherServlet - "ERROR" dispatch for GET "/error", parameters={}
2025-12-07 20:01:16.428 DEBUG [http-nio-8081-exec-1] o.s.w.s.m.m.a.RequestMappingHandlerMapping - Mapped to org.springframework.boot.autoconfigure.web.servlet.error.BasicErrorController#errorHtml(HttpServletRequest, HttpServletResponse)
2025-12-07 20:01:16.454 DEBUG [http-nio-8081-exec-1] o.s.w.s.v.ContentNegotiatingViewResolver - Selected 'text/html' given [text/html, text/html;q=0.8]
2025-12-07 20:01:16.461 DEBUG [http-nio-8081-exec-1] o.s.web.servlet.DispatcherServlet - Exiting from "ERROR" dispatch, status 404
2025-12-07 20:01:19.554 DEBUG [http-nio-8081-exec-2] o.s.web.servlet.DispatcherServlet - GET "/std-word/list", parameters={}
2025-12-07 20:01:19.554 DEBUG [http-nio-8081-exec-2] o.s.w.s.m.m.a.RequestMappingHandlerMapping - Mapped to com.example.nproject.controller.MetaStdWordController#list(MetaStdWordDto, Model)
2025-12-07 20:01:19.683 DEBUG [http-nio-8081-exec-2] o.s.jdbc.datasource.DataSourceUtils - Fetching JDBC Connection from DataSource
2025-12-07 20:01:19.685 INFO  [http-nio-8081-exec-2] com.zaxxer.hikari.HikariDataSource - HikariPool-1 - Starting...
2025-12-07 20:01:20.306 INFO  [http-nio-8081-exec-2] com.zaxxer.hikari.pool.HikariPool - HikariPool-1 - Added connection org.postgresql.jdbc.PgConnection@67c1df19
2025-12-07 20:01:20.313 INFO  [http-nio-8081-exec-2] com.zaxxer.hikari.HikariDataSource - HikariPool-1 - Start completed.
2025-12-07 20:01:20.336 DEBUG [http-nio-8081-exec-2] c.e.n.m.M.selectStdWordList - ==>  Preparing: SELECT word_id as wordId, std_word_name as stdWordName, eng_abbr_name as engAbbrName, eng_full_name as engFullName, definition, domain_type as domainType, use_yn as useYn FROM meta_std_word ORDER BY word_id LIMIT ? OFFSET ?
2025-12-07 20:01:20.375 DEBUG [http-nio-8081-exec-2] c.e.n.m.M.selectStdWordList - ==> Parameters: 10(Integer), 0(Integer)
2025-12-07 20:01:20.434 DEBUG [http-nio-8081-exec-2] c.e.n.m.M.selectStdWordList - <==      Total: 10
2025-12-07 20:01:20.453 DEBUG [http-nio-8081-exec-2] o.s.jdbc.datasource.DataSourceUtils - Fetching JDBC Connection from DataSource
2025-12-07 20:01:20.453 DEBUG [http-nio-8081-exec-2] c.e.n.m.M.countStdWordList - ==>  Preparing: SELECT COUNT(*) FROM meta_std_word
2025-12-07 20:01:20.454 DEBUG [http-nio-8081-exec-2] c.e.n.m.M.countStdWordList - ==> Parameters: 
2025-12-07 20:01:20.469 DEBUG [http-nio-8081-exec-2] c.e.n.m.M.countStdWordList - <==      Total: 1
2025-12-07 20:01:20.476 DEBUG [http-nio-8081-exec-2] o.s.w.s.v.ContentNegotiatingViewResolver - Selected 'text/html' given [text/html, application/xhtml+xml, image/avif, image/webp, image/apng, application/xml;q=0.9, */*;q=0.8, application/signed-exchange;v=b3;q=0.7]
2025-12-07 20:01:21.206 DEBUG [http-nio-8081-exec-2] o.s.web.servlet.DispatcherServlet - Completed 200 OK
2025-12-07 20:10:11.087 INFO  [RMI TCP Connection(22)-127.0.0.1] o.s.b.a.SpringApplicationAdminMXBeanRegistrar$SpringApplicationAdmin - Application shutdown requested.
2025-12-07 20:10:11.091 INFO  [RMI TCP Connection(22)-127.0.0.1] o.a.coyote.http11.Http11NioProtocol - Stopping ProtocolHandler ["http-nio-8081"]
2025-12-07 20:10:11.105 INFO  [RMI TCP Connection(22)-127.0.0.1] com.zaxxer.hikari.HikariDataSource - HikariPool-1 - Shutdown initiated...
2025-12-07 20:10:11.114 INFO  [RMI TCP Connection(22)-127.0.0.1] com.zaxxer.hikari.HikariDataSource - HikariPool-1 - Shutdown completed.
2025-12-07 20:10:45.643 INFO  [main] c.e.n.NprojectApplicationTests - Starting NprojectApplicationTests using Java 17.0.12 with PID 8200 (started by jkljkl in C:\Dev_antigravity_git\meta_system\nproject)
2025-12-07 20:10:45.643 DEBUG [main] c.e.n.NprojectApplicationTests - Running with Spring Boot v3.2.0, Spring v6.1.1
2025-12-07 20:10:45.645 INFO  [main] c.e.n.NprojectApplicationTests - No active profile set, falling back to 1 default profile: "default"
2025-12-07 20:10:45.678 DEBUG [main] o.s.w.c.s.GenericWebApplicationContext - Refreshing org.springframework.web.context.support.GenericWebApplicationContext@4ee33af7
2025-12-07 20:10:46.432 DEBUG [main] o.apache.ibatis.logging.LogFactory - Logging initialized using 'class org.apache.ibatis.logging.slf4j.Slf4jImpl' adapter.
2025-12-07 20:10:47.174 DEBUG [main] o.s.w.s.m.m.a.RequestMappingHandlerMapping - 10 mappings in 'requestMappingHandlerMapping'
2025-12-07 20:10:47.276 DEBUG [main] o.s.w.s.h.SimpleUrlHandlerMapping - Patterns [/webjars/**, /**] in 'resourceHandlerMapping'
2025-12-07 20:10:47.324 DEBUG [main] o.s.w.s.m.m.a.RequestMappingHandlerAdapter - ControllerAdvice beans: 0 @ModelAttribute, 0 @InitBinder, 1 RequestBodyAdvice, 1 ResponseBodyAdvice
2025-12-07 20:10:47.363 DEBUG [main] o.s.w.s.m.m.a.ExceptionHandlerExceptionResolver - ControllerAdvice beans: 0 @ExceptionHandler, 1 ResponseBodyAdvice
2025-12-07 20:10:47.497 INFO  [main] c.e.n.NprojectApplicationTests - Started NprojectApplicationTests in 2.27 seconds (process running for 3.2)
2025-12-07 20:10:48.555 DEBUG [SpringApplicationShutdownHook] o.s.w.c.s.GenericWebApplicationContext - Closing org.springframework.web.context.support.GenericWebApplicationContext@4ee33af7, started on Sun Dec 07 20:10:45 KST 2025
2025-12-07 20:17:40.354 INFO  [restartedMain] c.e.nproject.NprojectApplication - Starting NprojectApplication using Java 17.0.12 with PID 23428 (C:\Dev_antigravity_git\meta_system\nproject\target\classes started by jkljkl in C:\Dev_antigravity_git\meta_system\nproject)
2025-12-07 20:17:40.355 DEBUG [restartedMain] c.e.nproject.NprojectApplication - Running with Spring Boot v3.2.0, Spring v6.1.1
2025-12-07 20:17:40.356 INFO  [restartedMain] c.e.nproject.NprojectApplication - No active profile set, falling back to 1 default profile: "default"
2025-12-07 20:17:40.401 INFO  [restartedMain] o.s.b.d.e.DevToolsPropertyDefaultsPostProcessor - Devtools property defaults active! Set 'spring.devtools.add-properties' to 'false' to disable
2025-12-07 20:17:40.401 INFO  [restartedMain] o.s.b.d.e.DevToolsPropertyDefaultsPostProcessor - For additional web related logging consider setting the 'logging.level.web' property to 'DEBUG'
2025-12-07 20:17:40.996 DEBUG [restartedMain] o.apache.ibatis.logging.LogFactory - Logging initialized using 'class org.apache.ibatis.logging.slf4j.Slf4jImpl' adapter.
2025-12-07 20:17:41.331 INFO  [restartedMain] o.s.b.w.e.tomcat.TomcatWebServer - Tomcat initialized with port 8081 (http)
2025-12-07 20:17:41.339 INFO  [restartedMain] o.a.coyote.http11.Http11NioProtocol - Initializing ProtocolHandler ["http-nio-8081"]
2025-12-07 20:17:41.342 INFO  [restartedMain] o.a.catalina.core.StandardService - Starting service [Tomcat]
2025-12-07 20:17:41.342 INFO  [restartedMain] o.a.catalina.core.StandardEngine - Starting Servlet engine: [Apache Tomcat/10.1.16]
2025-12-07 20:17:41.380 INFO  [restartedMain] o.a.c.c.C.[Tomcat].[localhost].[/] - Initializing Spring embedded WebApplicationContext
2025-12-07 20:17:41.380 INFO  [restartedMain] o.s.b.w.s.c.ServletWebServerApplicationContext - Root WebApplicationContext: initialization completed in 979 ms
2025-12-07 20:17:41.688 DEBUG [restartedMain] o.s.w.s.m.m.a.RequestMappingHandlerMapping - 10 mappings in 'requestMappingHandlerMapping'
2025-12-07 20:17:41.742 DEBUG [restartedMain] o.s.w.s.h.SimpleUrlHandlerMapping - Patterns [/webjars/**, /**] in 'resourceHandlerMapping'
2025-12-07 20:17:41.763 DEBUG [restartedMain] o.s.w.s.m.m.a.RequestMappingHandlerAdapter - ControllerAdvice beans: 0 @ModelAttribute, 0 @InitBinder, 1 RequestBodyAdvice, 1 ResponseBodyAdvice
2025-12-07 20:17:41.791 DEBUG [restartedMain] o.s.w.s.m.m.a.ExceptionHandlerExceptionResolver - ControllerAdvice beans: 0 @ExceptionHandler, 1 ResponseBodyAdvice
2025-12-07 20:17:41.890 INFO  [restartedMain] o.s.b.d.a.OptionalLiveReloadServer - LiveReload server is running on port 35729
2025-12-07 20:17:41.908 INFO  [restartedMain] o.a.coyote.http11.Http11NioProtocol - Starting ProtocolHandler ["http-nio-8081"]
2025-12-07 20:17:41.925 INFO  [restartedMain] o.s.b.w.e.tomcat.TomcatWebServer - Tomcat started on port 8081 (http) with context path ''
2025-12-07 20:17:41.934 INFO  [restartedMain] c.e.nproject.NprojectApplication - Started NprojectApplication in 2.074 seconds (process running for 2.79)
2025-12-07 20:17:43.133 INFO  [http-nio-8081-exec-1] o.a.c.c.C.[Tomcat].[localhost].[/] - Initializing Spring DispatcherServlet 'dispatcherServlet'
2025-12-07 20:17:43.134 INFO  [http-nio-8081-exec-1] o.s.web.servlet.DispatcherServlet - Initializing Servlet 'dispatcherServlet'
2025-12-07 20:17:43.135 DEBUG [http-nio-8081-exec-1] o.s.web.servlet.DispatcherServlet - Detected StandardServletMultipartResolver
2025-12-07 20:17:43.135 DEBUG [http-nio-8081-exec-1] o.s.web.servlet.DispatcherServlet - Detected AcceptHeaderLocaleResolver
2025-12-07 20:17:43.135 DEBUG [http-nio-8081-exec-1] o.s.web.servlet.DispatcherServlet - Detected FixedThemeResolver
2025-12-07 20:17:43.136 DEBUG [http-nio-8081-exec-1] o.s.web.servlet.DispatcherServlet - Detected org.springframework.web.servlet.view.DefaultRequestToViewNameTranslator@7d286152
2025-12-07 20:17:43.138 DEBUG [http-nio-8081-exec-1] o.s.web.servlet.DispatcherServlet - Detected org.springframework.web.servlet.support.SessionFlashMapManager@1d4aae10
2025-12-07 20:17:43.139 DEBUG [http-nio-8081-exec-1] o.s.web.servlet.DispatcherServlet - enableLoggingRequestDetails='false': request parameters and headers will be masked to prevent unsafe logging of potentially sensitive data
2025-12-07 20:17:43.139 INFO  [http-nio-8081-exec-1] o.s.web.servlet.DispatcherServlet - Completed initialization in 4 ms
2025-12-07 20:17:43.149 DEBUG [http-nio-8081-exec-1] o.s.web.servlet.DispatcherServlet - GET "/std-word/list", parameters={}
2025-12-07 20:17:43.162 DEBUG [http-nio-8081-exec-1] o.s.w.s.m.m.a.RequestMappingHandlerMapping - Mapped to com.example.nproject.controller.MetaStdWordController#list(MetaStdWordDto, Model)
2025-12-07 20:17:43.228 DEBUG [http-nio-8081-exec-1] o.s.jdbc.datasource.DataSourceUtils - Fetching JDBC Connection from DataSource
2025-12-07 20:17:43.230 INFO  [http-nio-8081-exec-1] com.zaxxer.hikari.HikariDataSource - HikariPool-1 - Starting...
2025-12-07 20:17:43.577 INFO  [http-nio-8081-exec-1] com.zaxxer.hikari.pool.HikariPool - HikariPool-1 - Added connection org.postgresql.jdbc.PgConnection@20ddfef1
2025-12-07 20:17:43.579 INFO  [http-nio-8081-exec-1] com.zaxxer.hikari.HikariDataSource - HikariPool-1 - Start completed.
2025-12-07 20:17:43.587 DEBUG [http-nio-8081-exec-1] c.e.n.m.M.selectStdWordList - ==>  Preparing: SELECT word_id as wordId, std_word_name as stdWordName, eng_abbr_name as engAbbrName, eng_full_name as engFullName, definition, domain_type as domainType, use_yn as useYn FROM meta_std_word ORDER BY word_id LIMIT ? OFFSET ?
2025-12-07 20:17:43.604 DEBUG [http-nio-8081-exec-1] c.e.n.m.M.selectStdWordList - ==> Parameters: 10(Integer), 0(Integer)
2025-12-07 20:17:43.647 DEBUG [http-nio-8081-exec-1] c.e.n.m.M.selectStdWordList - <==      Total: 10
2025-12-07 20:17:43.653 DEBUG [http-nio-8081-exec-1] o.s.jdbc.datasource.DataSourceUtils - Fetching JDBC Connection from DataSource
2025-12-07 20:17:43.653 DEBUG [http-nio-8081-exec-1] c.e.n.m.M.countStdWordList - ==>  Preparing: SELECT COUNT(*) FROM meta_std_word
2025-12-07 20:17:43.653 DEBUG [http-nio-8081-exec-1] c.e.n.m.M.countStdWordList - ==> Parameters: 
2025-12-07 20:17:43.663 DEBUG [http-nio-8081-exec-1] c.e.n.m.M.countStdWordList - <==      Total: 1
2025-12-07 20:17:43.674 DEBUG [http-nio-8081-exec-1] o.s.w.s.v.ContentNegotiatingViewResolver - Selected 'text/html' given [text/html, application/xhtml+xml, image/avif, image/webp, image/apng, application/xml;q=0.9, */*;q=0.8, application/signed-exchange;v=b3;q=0.7]
2025-12-07 20:17:43.989 DEBUG [http-nio-8081-exec-1] o.s.web.servlet.DispatcherServlet - Completed 200 OK
2025-12-07 20:18:02.932 DEBUG [http-nio-8081-exec-2] o.s.web.servlet.DispatcherServlet - GET "/std-word/list", parameters={}
2025-12-07 20:18:02.933 DEBUG [http-nio-8081-exec-2] o.s.w.s.m.m.a.RequestMappingHandlerMapping - Mapped to com.example.nproject.controller.MetaStdWordController#list(MetaStdWordDto, Model)
2025-12-07 20:18:02.934 DEBUG [http-nio-8081-exec-2] o.s.jdbc.datasource.DataSourceUtils - Fetching JDBC Connection from DataSource
2025-12-07 20:18:02.942 DEBUG [http-nio-8081-exec-2] c.e.n.m.M.selectStdWordList - ==>  Preparing: SELECT word_id as wordId, std_word_name as stdWordName, eng_abbr_name as engAbbrName, eng_full_name as engFullName, definition, domain_type as domainType, use_yn as useYn FROM meta_std_word ORDER BY word_id LIMIT ? OFFSET ?
2025-12-07 20:18:02.942 DEBUG [http-nio-8081-exec-2] c.e.n.m.M.selectStdWordList - ==> Parameters: 10(Integer), 0(Integer)
2025-12-07 20:18:02.956 DEBUG [http-nio-8081-exec-2] c.e.n.m.M.selectStdWordList - <==      Total: 10
2025-12-07 20:18:02.958 DEBUG [http-nio-8081-exec-2] o.s.jdbc.datasource.DataSourceUtils - Fetching JDBC Connection from DataSource
2025-12-07 20:18:02.958 DEBUG [http-nio-8081-exec-2] c.e.n.m.M.countStdWordList - ==>  Preparing: SELECT COUNT(*) FROM meta_std_word
2025-12-07 20:18:02.959 DEBUG [http-nio-8081-exec-2] c.e.n.m.M.countStdWordList - ==> Parameters: 
2025-12-07 20:18:02.965 DEBUG [http-nio-8081-exec-2] c.e.n.m.M.countStdWordList - <==      Total: 1
2025-12-07 20:18:02.966 DEBUG [http-nio-8081-exec-2] o.s.w.s.v.ContentNegotiatingViewResolver - Selected 'text/html' given [text/html, application/xhtml+xml, image/avif, image/webp, image/apng, application/xml;q=0.9, */*;q=0.8, application/signed-exchange;v=b3;q=0.7]
2025-12-07 20:18:02.986 DEBUG [http-nio-8081-exec-2] o.s.web.servlet.DispatcherServlet - Completed 200 OK
2025-12-07 20:18:09.799 DEBUG [http-nio-8081-exec-3] o.s.web.servlet.DispatcherServlet - GET "/std-word/list?size=10&stdWordName=%EB%B3%80%EA%B2%BD", parameters={masked}
2025-12-07 20:18:09.800 DEBUG [http-nio-8081-exec-3] o.s.w.s.m.m.a.RequestMappingHandlerMapping - Mapped to com.example.nproject.controller.MetaStdWordController#list(MetaStdWordDto, Model)
2025-12-07 20:18:09.804 DEBUG [http-nio-8081-exec-3] o.s.jdbc.datasource.DataSourceUtils - Fetching JDBC Connection from DataSource
2025-12-07 20:18:09.812 DEBUG [http-nio-8081-exec-3] c.e.n.m.M.selectStdWordList - ==>  Preparing: SELECT word_id as wordId, std_word_name as stdWordName, eng_abbr_name as engAbbrName, eng_full_name as engFullName, definition, domain_type as domainType, use_yn as useYn FROM meta_std_word WHERE std_word_name LIKE '%' || ? || '%' ORDER BY word_id LIMIT ? OFFSET ?
2025-12-07 20:18:09.813 DEBUG [http-nio-8081-exec-3] c.e.n.m.M.selectStdWordList - ==> Parameters: 변경(String), 10(Integer), 0(Integer)
2025-12-07 20:18:09.829 DEBUG [http-nio-8081-exec-3] c.e.n.m.M.selectStdWordList - <==      Total: 1
2025-12-07 20:18:09.830 DEBUG [http-nio-8081-exec-3] o.s.jdbc.datasource.DataSourceUtils - Fetching JDBC Connection from DataSource
2025-12-07 20:18:09.830 DEBUG [http-nio-8081-exec-3] c.e.n.m.M.countStdWordList - ==>  Preparing: SELECT COUNT(*) FROM meta_std_word WHERE std_word_name LIKE '%' || ? || '%'
2025-12-07 20:18:09.830 DEBUG [http-nio-8081-exec-3] c.e.n.m.M.countStdWordList - ==> Parameters: 변경(String)
2025-12-07 20:18:09.837 DEBUG [http-nio-8081-exec-3] c.e.n.m.M.countStdWordList - <==      Total: 1
2025-12-07 20:18:09.839 DEBUG [http-nio-8081-exec-3] o.s.w.s.v.ContentNegotiatingViewResolver - Selected 'text/html' given [text/html, application/xhtml+xml, image/avif, image/webp, image/apng, application/xml;q=0.9, */*;q=0.8, application/signed-exchange;v=b3;q=0.7]
2025-12-07 20:18:09.855 DEBUG [http-nio-8081-exec-3] o.s.web.servlet.DispatcherServlet - Completed 200 OK
2025-12-07 20:18:16.518 DEBUG [http-nio-8081-exec-4] o.s.web.servlet.DispatcherServlet - GET "/std-word/list", parameters={}
2025-12-07 20:18:16.518 DEBUG [http-nio-8081-exec-4] o.s.w.s.m.m.a.RequestMappingHandlerMapping - Mapped to com.example.nproject.controller.MetaStdWordController#list(MetaStdWordDto, Model)
2025-12-07 20:18:16.521 DEBUG [http-nio-8081-exec-4] o.s.jdbc.datasource.DataSourceUtils - Fetching JDBC Connection from DataSource
2025-12-07 20:18:16.527 DEBUG [http-nio-8081-exec-4] c.e.n.m.M.selectStdWordList - ==>  Preparing: SELECT word_id as wordId, std_word_name as stdWordName, eng_abbr_name as engAbbrName, eng_full_name as engFullName, definition, domain_type as domainType, use_yn as useYn FROM meta_std_word ORDER BY word_id LIMIT ? OFFSET ?
2025-12-07 20:18:16.528 DEBUG [http-nio-8081-exec-4] c.e.n.m.M.selectStdWordList - ==> Parameters: 10(Integer), 0(Integer)
2025-12-07 20:18:16.537 DEBUG [http-nio-8081-exec-4] c.e.n.m.M.selectStdWordList - <==      Total: 10
2025-12-07 20:18:16.538 DEBUG [http-nio-8081-exec-4] o.s.jdbc.datasource.DataSourceUtils - Fetching JDBC Connection from DataSource
2025-12-07 20:18:16.538 DEBUG [http-nio-8081-exec-4] c.e.n.m.M.countStdWordList - ==>  Preparing: SELECT COUNT(*) FROM meta_std_word
2025-12-07 20:18:16.539 DEBUG [http-nio-8081-exec-4] c.e.n.m.M.countStdWordList - ==> Parameters: 
2025-12-07 20:18:16.545 DEBUG [http-nio-8081-exec-4] c.e.n.m.M.countStdWordList - <==      Total: 1
2025-12-07 20:18:16.547 DEBUG [http-nio-8081-exec-4] o.s.w.s.v.ContentNegotiatingViewResolver - Selected 'text/html' given [text/html, application/xhtml+xml, image/avif, image/webp, image/apng, application/xml;q=0.9, */*;q=0.8, application/signed-exchange;v=b3;q=0.7]
2025-12-07 20:18:16.574 DEBUG [http-nio-8081-exec-4] o.s.web.servlet.DispatcherServlet - Completed 200 OK
2025-12-07 20:26:59.677 INFO  [File Watcher] o.s.b.d.a.LocalDevToolsAutoConfiguration$RestartingClassPathChangeChangedEventListener - Restarting due to 1 class path change (0 additions, 0 deletions, 1 modification)
2025-12-07 20:26:59.687 INFO  [Thread-5] o.a.coyote.http11.Http11NioProtocol - Stopping ProtocolHandler ["http-nio-8081"]
2025-12-07 20:26:59.718 INFO  [Thread-5] com.zaxxer.hikari.HikariDataSource - HikariPool-1 - Shutdown initiated...
2025-12-07 20:26:59.732 INFO  [Thread-5] com.zaxxer.hikari.HikariDataSource - HikariPool-1 - Shutdown completed.
2025-12-07 20:26:59.869 INFO  [restartedMain] c.e.nproject.NprojectApplication - Starting NprojectApplication using Java 17.0.12 with PID 23428 (C:\Dev_antigravity_git\meta_system\nproject\target\classes started by jkljkl in C:\Dev_antigravity_git\meta_system\nproject)
2025-12-07 20:26:59.869 DEBUG [restartedMain] c.e.nproject.NprojectApplication - Running with Spring Boot v3.2.0, Spring v6.1.1
2025-12-07 20:26:59.869 INFO  [restartedMain] c.e.nproject.NprojectApplication - No active profile set, falling back to 1 default profile: "default"
2025-12-07 20:27:00.380 INFO  [restartedMain] o.s.b.w.e.tomcat.TomcatWebServer - Tomcat initialized with port 8081 (http)
2025-12-07 20:27:00.381 INFO  [restartedMain] o.a.coyote.http11.Http11NioProtocol - Initializing ProtocolHandler ["http-nio-0.0.0.0-8081"]
2025-12-07 20:27:00.381 INFO  [restartedMain] o.a.catalina.core.StandardService - Starting service [Tomcat]
2025-12-07 20:27:00.382 INFO  [restartedMain] o.a.catalina.core.StandardEngine - Starting Servlet engine: [Apache Tomcat/10.1.16]
2025-12-07 20:27:00.412 INFO  [restartedMain] o.a.c.c.C.[Tomcat].[localhost].[/] - Initializing Spring embedded WebApplicationContext
2025-12-07 20:27:00.413 INFO  [restartedMain] o.s.b.w.s.c.ServletWebServerApplicationContext - Root WebApplicationContext: initialization completed in 538 ms
2025-12-07 20:27:00.573 DEBUG [restartedMain] o.s.w.s.m.m.a.RequestMappingHandlerMapping - 10 mappings in 'requestMappingHandlerMapping'
2025-12-07 20:27:00.615 DEBUG [restartedMain] o.s.w.s.h.SimpleUrlHandlerMapping - Patterns [/webjars/**, /**] in 'resourceHandlerMapping'
2025-12-07 20:27:00.625 DEBUG [restartedMain] o.s.w.s.m.m.a.RequestMappingHandlerAdapter - ControllerAdvice beans: 0 @ModelAttribute, 0 @InitBinder, 1 RequestBodyAdvice, 1 ResponseBodyAdvice
2025-12-07 20:27:00.630 DEBUG [restartedMain] o.s.w.s.m.m.a.ExceptionHandlerExceptionResolver - ControllerAdvice beans: 0 @ExceptionHandler, 1 ResponseBodyAdvice
2025-12-07 20:27:00.686 INFO  [restartedMain] o.s.b.d.a.OptionalLiveReloadServer - LiveReload server is running on port 35729
2025-12-07 20:27:00.700 INFO  [restartedMain] o.a.coyote.http11.Http11NioProtocol - Starting ProtocolHandler ["http-nio-0.0.0.0-8081"]
2025-12-07 20:27:00.709 INFO  [restartedMain] o.s.b.w.e.tomcat.TomcatWebServer - Tomcat started on port 8081 (http) with context path ''
2025-12-07 20:27:00.714 INFO  [restartedMain] c.e.nproject.NprojectApplication - Started NprojectApplication in 0.93 seconds (process running for 561.57)
2025-12-07 20:27:00.717 INFO  [restartedMain] o.s.b.d.a.ConditionEvaluationDeltaLoggingListener - Condition evaluation unchanged
2025-12-07 20:27:04.489 INFO  [RMI TCP Connection(24)-127.0.0.1] o.s.b.a.SpringApplicationAdminMXBeanRegistrar$SpringApplicationAdmin - Application shutdown requested.
2025-12-07 20:27:04.490 INFO  [RMI TCP Connection(24)-127.0.0.1] o.a.coyote.http11.Http11NioProtocol - Stopping ProtocolHandler ["http-nio-0.0.0.0-8081"]
2025-12-07 20:27:35.988 INFO  [main] c.e.n.NprojectApplicationTests - Starting NprojectApplicationTests using Java 17.0.12 with PID 6152 (started by jkljkl in C:\Dev_antigravity_git\meta_system\nproject)
2025-12-07 20:27:35.990 DEBUG [main] c.e.n.NprojectApplicationTests - Running with Spring Boot v3.2.0, Spring v6.1.1
2025-12-07 20:27:35.990 INFO  [main] c.e.n.NprojectApplicationTests - No active profile set, falling back to 1 default profile: "default"
2025-12-07 20:27:36.031 DEBUG [main] o.s.w.c.s.GenericWebApplicationContext - Refreshing org.springframework.web.context.support.GenericWebApplicationContext@4ee33af7
2025-12-07 20:27:36.800 DEBUG [main] o.apache.ibatis.logging.LogFactory - Logging initialized using 'class org.apache.ibatis.logging.slf4j.Slf4jImpl' adapter.
2025-12-07 20:27:37.529 DEBUG [main] o.s.w.s.m.m.a.RequestMappingHandlerMapping - 10 mappings in 'requestMappingHandlerMapping'
2025-12-07 20:27:37.612 DEBUG [main] o.s.w.s.h.SimpleUrlHandlerMapping - Patterns [/webjars/**, /**] in 'resourceHandlerMapping'
2025-12-07 20:27:37.642 DEBUG [main] o.s.w.s.m.m.a.RequestMappingHandlerAdapter - ControllerAdvice beans: 0 @ModelAttribute, 0 @InitBinder, 1 RequestBodyAdvice, 1 ResponseBodyAdvice
2025-12-07 20:27:37.677 DEBUG [main] o.s.w.s.m.m.a.ExceptionHandlerExceptionResolver - ControllerAdvice beans: 0 @ExceptionHandler, 1 ResponseBodyAdvice
2025-12-07 20:27:37.819 INFO  [main] c.e.n.NprojectApplicationTests - Started NprojectApplicationTests in 2.24 seconds (process running for 3.22)
2025-12-07 20:27:38.939 DEBUG [SpringApplicationShutdownHook] o.s.w.c.s.GenericWebApplicationContext - Closing org.springframework.web.context.support.GenericWebApplicationContext@4ee33af7, started on Sun Dec 07 20:27:36 KST 2025
2025-12-07 20:28:27.238 INFO  [main] c.e.n.NprojectApplicationTests - Starting NprojectApplicationTests using Java 17.0.12 with PID 8444 (started by jkljkl in C:\Dev_antigravity_git\meta_system\nproject)
2025-12-07 20:28:27.239 DEBUG [main] c.e.n.NprojectApplicationTests - Running with Spring Boot v3.2.0, Spring v6.1.1
2025-12-07 20:28:27.240 INFO  [main] c.e.n.NprojectApplicationTests - No active profile set, falling back to 1 default profile: "default"
2025-12-07 20:28:27.279 DEBUG [main] o.s.w.c.s.GenericWebApplicationContext - Refreshing org.springframework.web.context.support.GenericWebApplicationContext@4ee33af7
2025-12-07 20:28:28.002 DEBUG [main] o.apache.ibatis.logging.LogFactory - Logging initialized using 'class org.apache.ibatis.logging.slf4j.Slf4jImpl' adapter.
2025-12-07 20:28:28.720 DEBUG [main] o.s.w.s.m.m.a.RequestMappingHandlerMapping - 10 mappings in 'requestMappingHandlerMapping'
2025-12-07 20:28:28.804 DEBUG [main] o.s.w.s.h.SimpleUrlHandlerMapping - Patterns [/webjars/**, /**] in 'resourceHandlerMapping'
2025-12-07 20:28:28.843 DEBUG [main] o.s.w.s.m.m.a.RequestMappingHandlerAdapter - ControllerAdvice beans: 0 @ModelAttribute, 0 @InitBinder, 1 RequestBodyAdvice, 1 ResponseBodyAdvice
2025-12-07 20:28:28.890 DEBUG [main] o.s.w.s.m.m.a.ExceptionHandlerExceptionResolver - ControllerAdvice beans: 0 @ExceptionHandler, 1 ResponseBodyAdvice
2025-12-07 20:28:29.043 INFO  [main] c.e.n.NprojectApplicationTests - Started NprojectApplicationTests in 2.239 seconds (process running for 3.216)
2025-12-07 20:28:30.033 DEBUG [SpringApplicationShutdownHook] o.s.w.c.s.GenericWebApplicationContext - Closing org.springframework.web.context.support.GenericWebApplicationContext@4ee33af7, started on Sun Dec 07 20:28:27 KST 2025
